vm_id,timestamp,cpu_usage,memory_usage,network_traffic,power_consumption,num_executed_instructions,execution_time,energy_efficiency,task_type,task_priority,task_status
c5215826-6237-4a33-9312-72c1df909881,1/25/2023 9:10,54.8813503927324,78.9508610180056,164.775972727365,287.808986094334,7527,69.3455750211608,0.553589013830412,network,medium,waiting
29690bc6-1f34-403b-b509-a1ecb1834fb8,1/26/2023 4:46,71.5189366372419,29.9018825886831,,362.273568819661,5348,41.3960396543102,0.349856212407303,io,high,completed
2e55abc3-5bad-46cb-b445-a577f5e9bf2a,1/13/2023 23:39,,92.7091951201496,203.674847115018,231.467902744439,5483,24.6025488847078,0.79627697356617,io,medium,completed
e672e32f-c134-4fbc-992b-34eb63bef6bf,2/9/2023 11:45,54.4883182996896,88.1009596279275,,195.639953765573,5876,16.4566698583806,0.529510782254065,compute,high,completed
f38b8b50-6926-4533-be4f-89ad11624071,6/14/2023 8:27,42.3654799338904,,,359.45153695723,3361,55.3079916150377,0.351907263519807,,medium,waiting
ad14d5d1-4e96-48ca-9893-1baaa47e4cab,2/6/2023 16:44,64.5894113066656,62.0080157271312,580.569836489088,115.931610485052,4766,63.1376714399951,,io,low,completed
5651505d-14a2-41d6-989b-eec0aac9b922,6/15/2023 18:04,43.7587211262692,22.4564292494115,429.139639609588,272.960416720378,9008,60.1539038179691,0.461246388232376,compute,high,completed
e5970e5c-0350-4131-bd6c-4bd7e2c98df1,,,85.4381547167524,685.282812752603,,,14.1913555283805,0.242538427525611,network,high,running
7fc95f4c-f561-4dd5-8465-aec2b388bd5b,5/20/2023 19:09,96.3662760501029,4.38844125509684,902.827716859084,367.979055928775,9984,21.8766937323896,,io,medium,running
7fd9a664-1da8-4ae9-8a04-3c341d32d35c,7/10/2023 11:32,38.3441518825777,16.4418814363051,779.791344572281,382.756696334277,2989,42.1608467204124,0.139187233118789,io,medium,running
ea8455b0-251c-4470-b7ea-8d40476e3434,1/14/2023 19:59,79.1725038082664,2.97225229187213,926.374029707024,173.559325351124,8644,55.7026725849955,0.779498827027312,compute,medium,completed
eb9c26c6-d99f-40a4-8640-7631ad451034,,,20.0765780897026,941.069385353494,435.013773723563,5185,66.3798927778737,0.700144663805379,,medium,completed
0ddae1eb-86c9-4448-b1b8-e7be96875ad8,4/11/2023 22:45,56.8044561093932,2.35562616948413,722.552146008766,143.340399222877,9788,79.7007563065147,0.944387474733026,io,medium,waiting
196e5fec-ae85-4b5c-a2ca-7f34cdfd00b6,4/20/2023 6:07,92.5596638292661,,34.3785390963233,433.958847963256,886,54.1311861059694,0.204644265712125,network,,waiting
bb9d0b5b-c787-4138-ac46-4e250c802e75,4/22/2023 16:00,7.10360581978869,96.5166385175927,919.172169900826,275.629911555307,9117,39.9676253639808,0.854724947246779,io,low,running
194210b1-4e68-4019-a292-5d07111e7354,3/7/2023 1:40,,44.4041124508764,664.685650465371,245.004247170398,7358,86.6805105196674,0.860580675854195,io,medium,waiting
3b85d1e1-4734-4d95-a96c-3c81584efae2,2/7/2023 19:00,2.02183974403257,89.3369023596935,208.41927362008,199.258507559643,1224,61.8501351320329,0.697445191809253,compute,high,completed
,6/28/2023 6:55,83.2619845547938,41.7161907668863,493.149007485925,103.741906963975,3187,5.67762855542681,,compute,high,
00a10e10-fe7d-4d97-a6b2-06c051763611,4/12/2023 5:05,77.815675094985,,887.444503867691,,2010,32.8246071432749,0.57829051321784,io,low,
fd28310b-be6f-4320-a664-de02274993d9,1/18/2023 11:22,87.0012148246819,46.6201759338407,437.18811505607,77.0547015918017,9427,,0.20716434543712,,low,waiting
f65e1c9b-2b40-4f50-a80c-4ce40d60ce70,6/18/2023 16:06,97.8618342232764,70.7120006288336,,264.723329335835,3345,89.0099424781888,0.482367481156362,io,low,waiting
5da32ae8-bd9c-4e95-840a-35498ef2d567,2/7/2023 17:21,79.9158564216723,76.1032367863099,,361.656723104587,9825,52.1870293883121,0.520830533571243,,medium,running
8ca4165d-f6c3-44e7-9045-b28e6534a114,2/1/2023 7:27,46.1479362252931,,88.5736790195996,348.359674354097,1912,58.1018650717824,0.423848709818218,io,low,running
74d08dd7-5b8c-4111-a6e3-d1566434c4af,5/13/2023 18:43,78.0529176286455,75.0869323956801,387.449283950771,288.465804801187,9174,50.0072916757892,,compute,low,waiting
ee09578f-c27d-4e85-b3ee-323a0d7a0eff,7/19/2023 4:48,11.8274425868933,17.4946850982812,433.681205504817,214.912096203755,1147,12.5903073269448,0.107757509017053,compute,medium,running
d95eef15-c3a1-4120-b660-2c3bbbc5765e,2/25/2023 5:22,63.9921021327523,87.7100766637055,940.262302817482,,6643,,0.16633198780192,compute,low,running
b07941d5-3eb8-42dc-a03b-4fb81dbcb4c0,7/9/2023 22:40,14.3353287409046,4.48178936081187,296.772121120674,386.128953971964,,5.85993936657527,0.633418682118937,network,high,completed
,6/12/2023 6:58,94.4668917049583,20.3088205364384,,481.358707765789,8688,,0.723851132212599,,high,waiting
40f62f6f-14c3-425b-8503-241e4f4ed0a7,2/7/2023 11:24,52.1848321750071,19.4474704116617,261.156762500853,174.783506757435,3686,,0.454299915122998,,low,completed
ce27f2d1-6a11-4ed8-890f-6db13637840a,5/14/2023 0:42,41.4661939990523,74.7706013434456,757.368681181976,96.0112669079213,1183,77.1909432711552,0.42429915666172,compute,medium,completed
decfa72d-f359-4731-8b45-8db3f2c4ea24,6/2/2023 16:21,26.4555612104626,64.2084944830524,854.933834369754,,7875,72.4478775870891,0.150365377574592,,,running
,6/30/2023 9:15,77.4233689434216,29.3948599823132,,355.561057687476,1968,88.5549711935163,0.4695748463794,io,high,running
a9d7b49c-6398-43d3-a5b5-160d28dde606,4/16/2023 21:57,45.6150332216548,79.5072012686531,335.800733643904,132.91197797823,925,,0.754865418765436,network,low,completed
2abdee1d-e1bd-4c5f-b1cd-19d80c964336,6/11/2023 7:40,56.8433948868648,5.34618103411298,210.224506318145,351.997020441606,,1.39170105683856,0.205415931905879,compute,low,waiting
204295cf-acff-40a7-8243-b91d6e94c4f7,7/2/2023 21:46,1.87898004363551,2.3962526992481,781.462951847502,173.575599924094,23,69.9322518937463,0.828468558951507,io,high,
ff42db1e-e00e-4885-a40f-7fa35e60b978,3/14/2023 22:02,61.7635497075877,0.0230147431370619,,312.676193279692,1726,,0.999609230817374,compute,low,running
5dc06d9c-ba69-4c7c-a8cd-a967a7f8fad5,2/3/2023 20:57,61.2095722722421,1.06183347050249,695.778957418883,397.559225352002,781,12.3470016168531,0.849074290866653,,medium,
d8556493-5092-46ea-9477-fb7a722b215e,1/15/2023 6:40,61.6933996874756,0.66501864895252,686.374705758302,154.891171584551,6006,99.5420585993363,0.992291092878323,compute,medium,completed
27267259-e40f-4e64-9e6e-d2563c5f198d,2/12/2023 20:43,94.3748078514624,64.7223267316348,662.429335329789,,7136,45.7356378578752,0.500175080418254,io,high,running
,5/31/2023 21:01,68.1820299103483,1.76357830748474,710.741119649114,,7724,81.3674017819814,0.713104719203422,compute,low,running
e4261896-dec0-47c3-8920-98a92656daa5,7/17/2023 4:41,35.9507900573786,72.9809813207389,350.514589840613,132.659623501685,430,76.3252444198981,0.0038913973038791,network,high,waiting
6f8b5688-ac95-4369-b552-6938fe3c2baa,1/24/2023 15:43,43.7031953799341,28.1182196071134,,448.020526749669,4628,81.3368978731872,0.540977174640092,io,,running
3d2ba611-df79-40b3-bc20-63a3796de7fd,5/9/2023 5:47,69.7631195927264,96.0885192820304,602.34778873446,161.705465814593,6670,27.5671429435063,0.24960408218665,network,,running
3a233eb2-f875-4805-a41e-6a512c52a180,7/11/2023 23:55,6.02254716292698,33.0358542631499,719.795358835367,434.588930652971,4976,28.9907803695591,0.791067520663696,io,high,waiting
80b073e5-914b-4e56-a285-1b68625fcf2a,3/21/2023 5:25,,,182.952255272744,333.557297128388,5413,74.546707671405,,io,low,completed
aaa03097-d35c-44cc-af28-08ac4a8ac005,1/15/2023 21:12,67.0637869618159,56.2008045546561,856.372924100955,300.81633849744,3925,1.62504603565213,0.979356085154904,io,high,running
b4ec0e1a-40a5-4386-a503-d9ff61a4437d,4/15/2023 2:16,21.038256107384,5.63418546995395,,485.492341005841,8689,18.7964070417097,0.873678816927305,compute,medium,running
6b6d4ad7-615b-4aeb-be4e-002fb053850e,1/21/2023 13:38,12.8926297654853,,906.808046125622,330.207842363527,6940,14.1724312001391,0.123155471489984,io,low,completed
79c822ff-ec1a-4001-9cc5-08e58737aa26,3/17/2023 7:05,31.5428350924183,39.3017369022957,,432.085538107755,5137,48.0376351738375,0.216197675975002,compute,low,running
72409b20-fe74-418b-b8d2-a473df503c62,5/9/2023 14:21,36.3710770942622,21.9557439250931,765.108540457653,300.068718360881,6822,44.7084307976955,0.690077844648332,compute,high,completed
33beaac9-d548-4152-bd0e-2603655424f9,4/21/2023 19:33,57.0196770417879,57.293148018983,671.67067217436,499.401052156727,3089,67.0147855843173,0.255882595974056,network,medium,running
a0d91a20-21a7-484a-9516-b72c71061fe0,2/23/2023 23:54,43.860151346232,16.9278148756837,469.175920223112,224.578833903508,8115,28.1818300436371,0.107667307608381,compute,low,running
8af1cedc-5a93-43eb-926a-a32c9855268c,4/18/2023 15:50,98.8373838059226,26.8820771807394,,239.701658267558,3789,45.5959918602336,,network,low,
,2/14/2023 7:41,,80.2642013718606,622.700411746108,37.7140850936135,2802,26.5427634914351,0.762655929802001,network,high,running
022cd9e9-cd46-461c-a659-a8a0043a586e,6/14/2023 15:49,20.8876756094834,6.74320645950787,699.700684170913,105.091582803752,1385,,,,,running
12c872cb-3959-4f4b-89b5-d1d421c8769a,6/10/2023 8:18,16.1309517884996,45.5636193178441,,398.952533236143,1958,64.4492818055102,0.525771525788168,compute,high,waiting
127b1d54-60ef-490c-814c-b2996b3cc235,6/16/2023 17:04,65.3108325465398,0.88299882902284,912.627375529143,53.0878144985361,9725,57.7739950643918,,,,running
cc43e4a9-7a71-4497-a645-ae8a4b45be7a,4/19/2023 18:59,25.3291602539782,87.8092931795004,,21.5202802809293,8986,65.7492874010357,0.733072912552116,network,high,completed
4803eac8-d8d9-4f69-a2ca-b689588e1df2,2/27/2023 1:47,46.6310772856306,20.3541945496352,779.889292713402,337.053374997328,8316,,0.0800513256776108,io,medium,running
,3/4/2023 11:48,24.4425592001602,87.3323952749667,799.235766684681,243.400507765334,2092,,0.623128376979273,network,high,waiting
86edc6a9-d216-4d74-97f5-1a065979aa72,3/1/2023 14:49,15.8969583645519,93.5362022815759,964.316494915524,,3584,6.1688509948916,0.116847519116016,compute,medium,completed
a010826e-6ad5-4008-9d79-379f813e60e1,4/7/2023 5:58,11.0375141164305,9.40685879833868,817.497247278761,202.262107497469,9769,,0.250579461588504,network,medium,completed
f264b71d-eda2-4d59-a28b-405572e84ddd,4/1/2023 11:05,,98.5045316216175,,11.4325833077385,,18.3489984163821,,network,high,completed
79412622-4f87-4c39-96a9-5d2f8e52ebaf,,13.8182951348613,1.96471359700667,107.480324068016,172.936115956569,2269,4.47441227152124,0.601729698826774,io,low,waiting
99b8881f-eb7a-4e0a-87fe-51c1f33bddb0,4/2/2023 16:31,19.6582361680053,41.5633518977767,412.818514508485,200.453321587701,6196,77.5007069996999,0.876001773837061,network,medium,running
a0302f08-617d-43ba-a20d-a4cc16eca88d,2/18/2023 11:00,36.8725170660964,40.4366203429215,681.35837773536,223.481082954823,8307,73.1347495552509,0.170683293046931,compute,high,running
39747b5f-4245-402a-a414-130c7c6e699c,2/17/2023 21:54,82.0993229847935,25.5633848635599,118.02428222368,240.687936761939,4086,79.9897235198151,0.732020278554145,network,high,waiting
16c8c2e3-4867-4a20-90d4-380a8838bb3f,5/6/2023 8:26,9.71012757930612,76.5411767930972,381.036747665588,331.518488780007,4547,77.5889870433159,0.212521837724555,network,,running
1419b321-a100-46de-a38d-0a7a14e510e2,1/19/2023 4:41,83.7944907498804,18.781377319853,347.694315239977,395.090687134304,,29.8731522023813,0.361522321776621,network,low,
e498a339-3f0f-4e72-b979-69dc40010f20,1/1/2023 11:30,9.6098407893963,5.84270352827933,195.366921970872,153.257058002523,2617,99.8762716053139,0.458981514145352,network,low,waiting
72eda607-6484-4441-a3f8-354717010bea,,97.6459465013395,26.0686002324288,549.050875999588,22.1688111311402,,87.9654689801025,0.131282695438238,io,high,running
1d3648b9-98c4-4280-97e8-4b3882b9e8db,1/29/2023 3:34,46.8651201647701,,257.221782096353,28.8015939084981,8737,3.84959353642785,0.617356655515296,compute,medium,completed
6515f29e-3770-439e-ad51-c898a2ee4c91,1/8/2023 14:29,97.6761088190337,,334.305573838249,105.053960867223,912,,0.440746338671881,io,low,
bbe26b9c-c5c0-4faa-841c-a693296aed4c,3/11/2023 16:39,60.4845519745046,71.7194086588474,226.888835233097,438.579881522378,5034,9.50869146969165,0.286202642988215,io,high,completed
bb8b7e8e-526a-49c1-af03-6a835af2b954,4/26/2023 14:46,73.9263579398301,,338.638285160672,205.658029033684,110,13.4669218163582,0.147649290315914,compute,,running
,1/14/2023 9:39,3.91877922543206,46.1817197540827,664.615564806482,,5294,72.1317937994822,0.0924040410092349,io,low,running
f8c40a51-3d53-4e27-94c5-f20681892369,1/11/2023 2:02,28.2806962576409,22.5667712932457,29.16695738804,394.801524090792,5677,15.9228338485236,0.98011221044086,,medium,waiting
cb52511d-5260-49d5-a3b9-6635e5920ab6,6/27/2023 13:17,12.0196561213168,24.3677010391949,728.897580936619,,4083,,0.714650462266033,network,high,running
8208bb7a-34bc-40cd-800a-43bf5fe23fbe,6/2/2023 16:17,29.6140197522144,34.3276004531811,46.3759611924136,86.8678903447642,1958,19.3433407969302,0.0362060693890772,compute,low,running
7d4c7219-ad83-45a1-bce5-1d86e053eca5,6/15/2023 21:22,11.8727718954244,60.8551778765328,633.116660944762,360.468595238167,9814,92.4937366168771,0.752879401067941,io,low,completed
f28e785d-fd70-447a-9270-be20cd2c4f1a,4/12/2023 18:05,31.7983179393976,91.6630367689721,361.164161773928,166.795276780182,2865,13.6323757442258,,network,,completed
9d0ca4fd-0698-42df-ab43-aba6fcffa85b,6/27/2023 20:24,41.4262994514669,9.42843519057263,206.486435955239,383.058410929423,9583,35.7185731197076,0.514205376861147,compute,high,completed
4cc8fbce-2a82-457b-833a-95ad4e9116df,2/20/2023 9:35,,59.9699370048855,352.210752434725,181.686614797468,,1.32197710167994,0.259439625724044,compute,high,waiting
9415380a-4126-4c49-95ae-5e891bb7e328,6/6/2023 4:31,69.2472119370019,63.5346947893238,,422.846934513905,9215,62.778128315857,0.245375671663969,,low,waiting
f0954f25-66de-44ec-a6d1-364f59d74c28,6/13/2023 8:45,56.6601454206575,,569.91687551422,,,45.7313293963552,0.626364867694915,network,medium,running
d711f1ea-82fa-4b7a-91c7-e357f8b1b43d,7/19/2023 8:50,26.5389490939445,10.0469454073161,880.784080150682,278.062466348509,9268,36.502340312723,0.975413386418695,io,high,waiting
,5/6/2023 6:13,52.3248053466699,59.0527891442826,226.63170975001,393.047162790258,9294,,0.402751973837139,,medium,waiting
,6/8/2023 13:24,9.39405107584416,91.0014601664985,,73.321976182111,8099,76.8300573671532,0.169991049638513,io,low,running
1744d96a-6b16-4931-987c-19dea5bcc617,6/20/2023 9:13,57.5946495556179,17.6379674646171,,138.202915295729,3377,43.9459375930569,0.647667518111978,io,medium,completed
91f99184-827a-4998-b75e-f5312a72f984,5/3/2023 23:49,92.9296197576214,69.8014615459042,26.3093805552856,106.727079584368,7092,,0.197438944562862,compute,low,
7104f16b-1a51-4a04-8378-7f126073e3fb,3/20/2023 15:29,31.8568952451323,10.2942037373311,633.740383234698,308.996638116493,4891,1.73568578499803,0.077737838433926,io,high,running
324f05f0-0e2d-4e89-a9a1-72de579614d3,4/29/2023 3:05,66.7410379963681,74.1843499503936,824.475818560978,455.979224302587,3609,79.2777361831362,0.389649352730507,io,medium,running
fac1cbf0-a7b9-496e-b759-739a7ad91d73,7/1/2023 9:28,13.1797862404392,46.2160888973909,454.781238647073,400.447125597969,4476,70.6562764570298,0.662092535460556,compute,low,waiting
,2/18/2023 21:40,,,157.598206604263,188.243120357204,6269,,0.144485253984573,compute,low,running
4fa3259d-f384-4306-8362-5304e414b782,,28.9406092947201,77.9984497979347,970.291948705535,29.8520228511122,5250,1.30574600254124,0.925744719524768,network,medium,running
ab051dd8-5498-49b1-a106-4af23af35547,3/4/2023 20:25,18.3191362007116,16.1109776264356,529.343006426099,29.8802742325821,7852,96.997858908539,0.973320333688365,compute,low,waiting
33b0701d-1c57-4242-b932-36597ceff7c8,4/9/2023 23:43,,57.5235127218122,122.888537265532,199.251325101204,9469,54.5328125209939,0.100632347558402,network,high,waiting
daf1b231-bbc6-476c-a972-d9d05d06569d,,2.01075461874935,77.0569124508232,176.45980157512,374.890868813769,888,97.5559006641276,0.736476191899493,compute,low,waiting
ddbd9bc0-df49-4c6f-800d-f24e5eae6160,1/27/2023 21:53,82.8940029217363,87.0192306103644,542.55483485861,178.856362343411,25,77.9601962311887,0.519331319641408,io,low,running
0d5544fb-0ef2-4054-8958-71c3a49c8ece,4/3/2023 21:40,0.469547619254706,33.8585316173059,348.80572040834,415.712892928906,711,11.4525672606769,0.323153963074036,compute,,completed
b22a846d-4870-4900-b9d2-5a6966ac120a,4/23/2023 14:30,67.781653679623,4.28976300475993,31.7978556972488,22.9740445599056,8884,,0.572390557167795,network,high,running
83db5e2c-9d19-4329-b368-bb41ec34d74a,,27.0007973192164,98.4790263646146,528.919315514701,140.679538529685,,,0.0959623641180886,io,medium,waiting
65c8b2ae-5008-4c1c-82de-f17f82ad4b9e,2/21/2023 7:56,73.5194022122595,65.0269805364964,289.905207170862,282.581204956795,1638,62.4072222144687,0.157119057928789,network,high,running
8349c556-df26-4058-b074-7cf306df723c,3/17/2023 17:28,96.2188545117438,1.55458791367228,933.8841454953,,,14.4444174450179,0.116570534311859,compute,medium,completed
57f1377e-0fb3-424b-ab60-a0dd2a26050d,1/10/2023 11:22,24.8753143519958,69.9846312423899,668.823780543155,346.472355296751,6927,10.6141605098676,0.651735048303362,io,high,completed
3ccda746-edc8-4644-8708-ed5670f49c68,3/9/2023 6:11,57.6157334417836,20.0249821390373,611.542102044663,43.3485263005149,3892,63.7163835752116,0.473653757569903,network,high,waiting
6fd26e50-2c6e-433a-92b7-58ff30d3e7c2,5/20/2023 9:56,59.2041931271839,69.4335931453721,969.842108617733,351.921810726782,7690,76.4477540640366,0.482483975243548,network,low,waiting
550dac41-1370-45b2-8e28-38c28d79df75,5/24/2023 14:26,57.2251905790873,29.8034782439648,499.065295418803,123.743789791776,,87.0413542209482,,network,medium,running
7661db27-d45b-4f8c-ac4f-f98698981b92,3/24/2023 10:20,22.3081632640618,13.8506126851506,963.00655023256,80.8895503134925,5551,74.3365214149377,0.768117827656031,io,high,waiting
3c7a103c-03a6-4a34-bdb7-8fc075b51210,4/6/2023 13:46,95.2749011516985,92.8638530870364,61.105915013664,335.57830191546,4567,78.7427093359984,0.97841118816546,compute,low,running
b3b85134-a6a6-4e72-9ea2-3acbb9142b84,1/14/2023 22:18,44.7125378617627,11.4538081388739,617.043847472487,286.916373228981,4582,63.659490717143,0.95944090127689,io,high,completed
d60bbb59-6b2f-4ea2-9145-ccc60bf52bba,1/30/2023 0:00,84.6408672471127,33.0877392770708,994.937862443675,447.198748292168,4661,3.40512427409781,0.057022900252268,io,medium,waiting
a229e4b0-29b7-412d-aa77-be34aa97b8b3,6/18/2023 23:43,69.9479275317504,10.3862389312893,20.9091897060148,416.524774098485,8737,8.57535662367677,,network,low,completed
4fc36b60-4cfd-476b-82d2-0fff137dba40,4/19/2023 4:02,29.7436950855133,14.7377815453275,189.147434718058,384.575433549806,7825,53.4552357226432,0.201224204397447,compute,high,
d2a73316-0d1a-4ddc-810b-6e9889d89ccb,2/20/2023 12:34,81.3797819702477,48.9695731131351,,337.153046057596,2112,61.076446205424,0.183908663329163,network,low,completed
2cf93117-2c7d-4d4f-813e-47337611f7cf,,39.6505740846984,28.3425796032943,10.4964623967449,,2073,,0.0657529043723207,compute,,waiting
cd0e5dad-a59d-421c-8fec-06840aa429f1,3/3/2023 14:01,88.1103197111161,88.4990005846617,,164.049536141082,869,69.5609189003735,,compute,low,waiting
f59cc790-d256-42d9-b3ab-83fdd84ff21b,3/17/2023 21:30,58.1272872635858,71.7951048163443,699.529217514726,,6073,95.3598457831121,0.0371961799526554,network,medium,waiting
743af8b6-89e3-49f7-beae-bc2588b9875e,3/5/2023 1:48,88.1735361854852,9.6452702141738,,,583,91.2587693591889,,io,high,completed
4ca61f91-06d6-4455-9058-aabbf915fcc1,,69.2531590077765,46.4380278598868,767.012430101901,2.68708608559559,5280,86.7607775427363,0.129533390552173,io,low,completed
204be5e8-539c-40bd-b922-3bbdd42f2a04,4/23/2023 15:52,72.525427981964,4.99869834274998,374.398850771641,492.551593924525,9399,9.05553904884168,0.670913188373428,compute,high,waiting
95de1818-a228-49a9-8669-1630fd2ce84b,6/21/2023 10:49,50.1324381926702,72.149374594101,642.066284008163,493.764499807136,5229,24.9472807536986,0.885732316824066,compute,,completed
,3/2/2023 23:12,95.6083634723224,44.0402795513947,237.044960730828,105.239793683262,7322,87.4481601584092,0.357461568680119,io,low,
e815f934-58cf-4d89-8764-14048bae3dfa,6/27/2023 7:45,64.3990199229637,19.0417779012495,382.441525700608,100.750151704063,4607,45.7449887049207,0.458405852205929,io,low,waiting
041d6322-85d9-4901-b303-009f62ec2c8f,6/26/2023 21:52,42.3855048558179,,677.512563411228,,8758,,0.609961272772969,io,,running
b5f85cdf-db21-47bc-b48d-928b1418c96b,4/14/2023 9:14,60.6393214127924,,159.727939801399,270.153244668235,8749,57.8348402818413,0.320152878053289,network,medium,running
413a5a96-a794-484b-9a2e-41e15493742c,1/27/2023 23:04,1.91931983093335,89.6023718420428,653.398910388874,1.10549796285303,90,34.0734453678126,0.0929478078068067,io,low,running
,,30.1574816674549,75.7393792154604,100.539365279384,22.2624212173347,,25.8932957932457,0.126406546096645,,high,
7b428d17-6dbc-4ae7-a169-abe73e2f4d93,6/28/2023 23:41,66.0173537492685,15.3512808966253,169.279290778467,151.395978144626,6837,7.79083208423445,0.0484169241663093,network,medium,waiting
,5/19/2023 3:43,,,389.637722106306,456.315458992916,3746,81.4070929863083,0.906906569277837,compute,low,waiting
aaf886fd-412d-4358-af1a-84235db1a7d2,4/29/2023 20:58,61.8015428998841,58.4860470209438,448.186734677102,449.358971058844,5477,21.8855749826992,0.68273604740118,compute,low,completed
2547bb77-11f5-4408-ba5c-b72fec717e9f,5/24/2023 6:16,42.8768700945766,2.30039159494693,840.742898445295,,9354,17.8647084850316,0.0373325666124866,compute,low,completed
bf3edfaa-7355-4c48-9767-a495e78742aa,,13.547406422245,61.4584168037879,348.949407203821,77.1523089807644,7866,60.0955736562521,0.726021806287702,,,completed
09bb4b7e-9aec-49d1-b18d-5e2a822470d5,1/18/2023 16:50,29.828232595603,35.4791401024609,335.636969022755,88.2990247460396,2683,39.3218690889342,0.956374421652883,io,medium,completed
,6/3/2023 21:47,56.9964910701264,22.7743118716701,942.256267242366,413.592313253055,9040,77.4841597977165,0.7796791681436,,low,running
c4577c79-bebc-4666-a239-e5021241a2f5,3/28/2023 13:42,,59.8648822269132,391.037388521745,313.791867266923,7490,66.4129493889519,0.581435281763556,io,low,waiting
e8531f56-82ee-418b-8806-8326b294772f,4/7/2023 23:49,57.4325248849578,26.4505916582158,336.928989571794,232.787810743903,,23.079134806701,0.918349654091245,compute,low,completed
bb496d9f-c483-4124-a648-b4d6b312d2a2,2/12/2023 15:15,65.3200819857133,35.7709912019111,492.852044088122,344.17722998153,8121,98.0178519111151,0.971888009858223,network,high,running
8f681a9f-77a0-4ede-aa05-e7bcd693012a,5/8/2023 11:59,65.2103270001688,36.5738280649425,710.871890632615,,1340,,0.382661060463379,compute,,waiting
54ba5ae5-7278-4863-95b0-ef2fae45b6c6,3/14/2023 19:28,43.1418435433973,,370.85190071303,174.251637068097,7647,32.5402780375214,0.151161731199474,compute,medium,waiting
aa8d21e7-3703-4a27-bd87-1da022033080,3/29/2023 23:08,89.6546595851063,97.0832376162783,,25.6762133551922,5752,,0.922168354071757,io,low,running
6417be25-0de9-4da7-9d78-d33448e9f460,4/28/2023 2:02,36.7561870047896,87.8989057542369,184.756697530092,331.2705726927,7572,61.1343505943755,0.698705438085961,network,low,waiting
b6834ce7-9075-4079-9353-aa83fab793e7,4/12/2023 2:00,43.5864925265626,23.5398452253451,,405.265208174899,5420,,0.247936111113084,io,low,running
ab9c471d-245d-4648-af69-3c639587a332,6/29/2023 5:57,89.1923355015672,8.27967377108552,840.900974429827,,8466,54.3950266741299,0.821459564025742,io,low,completed
854af429-fb7e-43e2-b2b5-f4edd1f844c0,6/2/2023 17:14,80.6193989046085,84.4389551452904,582.671353901331,109.50642040604,4554,40.8545917133548,0.339812698350812,compute,,completed
79a90349-3cc8-4780-a0aa-2dc8076653ad,,70.3888583540366,50.0159212637036,860.537464645376,423.530712671993,4805,64.8175815521083,0.127148413244505,,medium,completed
8e5250b5-da5b-403d-b2b5-42a90dcbac76,1/12/2023 23:56,10.0226887312301,59.4389738284019,,225.44893772571,,53.1363132707579,,io,low,completed
e6c72cb3-960c-4926-8597-758b68fb887a,2/23/2023 19:14,91.9482613744673,31.6366727354018,974.813074158276,413.593067808345,7002,29.1023494210961,0.427960824939782,io,high,
a4a50947-3ad1-466e-83fb-f19842bc7e32,6/7/2023 12:52,71.4241299549111,98.1560363902356,,390.441984227839,8559,54.2731417991998,0.383443220391795,compute,low,running
,5/23/2023 22:46,,89.6596824308768,45.9034008936155,223.445559946287,,70.2338952375487,0.924362251316616,compute,medium,completed
,5/10/2023 4:01,14.9448304657993,8.21175047274598,,316.302817002986,3781,45.0307636616392,0.097589166880911,io,medium,completed
bd2336f9-a9c2-4e1f-a456-8aab33fd585f,6/6/2023 23:00,86.8126057368214,18.4950852020249,88.9044342311906,280.068827770605,9433,98.4338282527516,0.8750317930202,io,medium,running
75e7e528-7ab2-445f-a2ae-0b2984346a53,3/27/2023 10:04,,,743.660613591308,345.673875869341,4587,78.6864787861942,0.357294822115004,compute,high,waiting
f716ae43-337e-455a-a500-5501cf74509a,6/11/2023 10:14,61.5559564283844,77.0928511991858,377.834093461542,25.186098547937,9118,,0.190772863611652,io,medium,running
2c949558-ca6a-4f71-a61d-1084a8a06120,2/9/2023 10:35,12.3819982849441,36.4717656854713,,175.925976742085,787,23.413006811541,0.0411608837338525,io,,completed
2c6f8200-5455-426b-818e-ba865dcd79a8,6/28/2023 20:53,84.8008229322234,40.3050335570685,315.955316393415,121.334316910746,,19.702134620826,0.615368478849322,,low,completed
675e02d3-2709-4612-9b8b-c49ce8cf96ad,,80.731895872501,21.5513225864824,638.615669890162,435.199002116985,1373,48.5981672751243,0.728485088738488,compute,medium,running
347be138-07ab-4cc3-9030-f422d10db789,7/8/2023 5:08,56.9100738614593,,68.1300591157976,55.3615835831243,,82.5987725239008,0.372243545566765,compute,,completed
,6/21/2023 19:23,40.7183297225999,95.5876894166335,742.820701199703,204.826379146366,2178,85.7397968570663,0.183161077052082,network,low,completed
,4/22/2023 5:05,6.9166995455138,89.0193926185475,244.196715653329,483.122040424976,7127,46.5505379668606,0.417888345355109,io,high,completed
c7b461b3-f8c7-49a5-b0ec-c5de4b2159f0,,69.7428773144563,32.3210569947142,661.083819631338,,8199,19.7855718670503,0.621099629267972,network,medium,completed
838c0d7e-0d7c-4b97-9333-991c59da7334,3/14/2023 11:57,45.3542682678068,73.8973274542535,920.083547493588,194.12531049623,23,78.8033043858881,0.910723156356256,network,high,completed
35c74ce6-944a-4a8a-98cb-31b20e8e22c4,5/10/2023 5:35,72.2055599470347,98.2732883181112,913.067754896572,140.177015025068,,6.14241068088436,0.747233435087891,,high,waiting
,7/17/2023 10:46,86.6382325928629,64.3822952865148,524.740496021116,,5834,71.1051610732479,0.48164714799447,,high,completed
c2bd6313-3984-4abc-905e-9936235490b0,7/11/2023 6:16,97.5521505002885,88.9600590837742,463.542689973441,182.35317206459,6685,59.8156887391943,0.500875841545397,io,low,completed
8874b31e-184c-4dac-8f42-2a0227f5343b,4/16/2023 17:36,85.5803342392611,74.8960869106035,502.760016111386,168.35347826189,1259,90.7424186846362,0.746052883668272,compute,medium,running
a1321c36-3336-4027-b95f-97d10b9ee697,1/28/2023 8:47,1.17140841850019,95.757377216704,223.957431584277,104.756028118709,3967,45.2179645948835,0.403865400432912,,medium,waiting
f738d775-c46c-4a91-8591-c51ed32daf71,4/1/2023 10:31,35.9978064478363,35.1646442855737,,344.855895762884,8383,49.0522347920581,0.415642926316789,io,medium,completed
12d68a4e-37ec-4267-8f17-c9d18a97c3da,3/3/2023 22:36,72.9990562424058,85.8050200996588,765.924435321641,77.7025981619704,9072,78.555141690975,0.0770017739935537,io,low,completed
7622c0fd-da69-4bbb-bee0-99c6cbf3fc16,5/16/2023 17:54,17.162967726144,71.850992471641,337.602712872178,316.859237479702,,2.56522191050804,0.894294462939403,compute,,
400424bc-52a7-46ae-b5ba-ad1669fbb7e6,5/29/2023 21:29,52.1036606204129,,623.066538535752,200.137557357538,1101,34.1824584159009,0.0555124943851482,network,low,waiting
,,5.43379883392536,85.3067540353075,831.325669908909,261.623432263965,873,50.0410919192461,0.0840350866007243,,medium,waiting
db085752-fd9e-4f87-b856-e7209ffc4f6e,1/26/2023 9:04,19.99965248964,6.30143715088977,799.587970963699,181.165344189632,315,83.6561117513639,0.572234968151707,io,medium,waiting
5ae207df-2c74-4ca9-8c30-fb78e96787da,,,,188.224306786443,395.511025995909,942,,0.824453219999414,network,medium,running
b1f0b180-8b55-4677-9def-b57a9aee2a53,3/15/2023 12:15,79.369770335742,3.83356797770638,907.385935036493,185.315688668021,7564,,0.798022457932022,compute,high,completed
1997ea75-81bc-42b7-9b3a-3fdc015f619d,6/26/2023 0:04,,64.6622029123843,536.939527549932,64.7293822510143,3579,,,compute,medium,waiting
fc1d9aec-7397-4492-a176-f77d81279457,3/6/2023 4:55,34.5351680696902,52.8057509977772,6.97758900951184,34.0975616735881,3767,40.3820826953648,0.784022049472578,network,high,
8e889cce-7128-4f70-9ca1-3a428868f843,2/11/2023 4:28,92.808129346559,66.5976992859723,870.918150479655,102.917831163537,5058,52.0112219069596,0.932179737857114,compute,medium,completed
,5/14/2023 1:02,70.4414401923532,,155.586968870723,20.9683339107362,7106,,0.732208706185931,network,medium,
a8b17bad-30c8-4320-b463-26b87b61605c,6/27/2023 9:19,3.18389295313078,79.9528039093053,544.16369811388,315.827099775243,516,85.9732353379807,0.256185709760119,io,high,completed
6e758a3e-451a-4531-ae9f-4b9096312f71,3/15/2023 15:46,16.4694156497912,75.0653062723342,722.307106238042,293.756835012182,4283,94.4961465752113,0.764584181913179,network,medium,waiting
e48fe559-c040-4e14-a9a6-ffb334cc8c34,5/7/2023 9:03,,9.208354584867,177.61335364121,299.355765970518,7537,69.6700417597105,0.817796660932528,network,low,waiting
4f273f4c-5fbe-406b-9da4-496d78ea9a80,6/6/2023 6:37,57.7228588604167,74.4045179587406,170.738548164225,492.689656891699,6374,10.4352046630077,0.256471104844692,network,high,waiting
b48531ab-3f10-4f67-a95b-dcfec83bf990,3/14/2023 12:55,23.7892821374508,82.193973241889,448.281376800831,,9502,22.4975410022244,0.581312638261697,network,high,waiting
2f681988-b2be-455d-a77a-478e7ff63746,6/3/2023 19:10,93.4213997924793,6.54717265378321,288.735629681001,20.7923684464829,3386,24.3240061073811,0.811138484006303,network,high,
c39b61f0-22ed-4fd0-97b9-73480b087a06,3/8/2023 16:03,61.3965955965896,50.6632354844608,100.095470650337,33.3684646275628,3336,12.7112405548977,0.614290199105537,compute,high,running
e70abff5-9fba-40f4-a196-87b17b159f0b,3/30/2023 5:14,53.5632803024958,27.0990426221962,145.25225156379,,94,4.98454586346995,0.145950956884027,compute,low,waiting
ccae79b9-9a1b-464a-96b4-db49d7c947e4,3/14/2023 14:40,58.9909976354571,97.7027931321439,308.548750284957,391.286886368773,1414,25.1709958302246,0.534315551254389,network,medium,
cc9f99ec-3c2e-4a19-850e-71ec5813a545,1/13/2023 13:58,73.0122029516769,42.6398038495994,,,4790,1.69574527052738,,network,medium,running
338fb2df-5bbb-4d1b-84af-3faedf7eb1cf,3/24/2023 9:15,31.1944995479601,52.0042095946,114.032677297061,,2989,,0.410820407794221,,high,completed
54b7218c-b15d-4e68-8f82-780f1a27e946,1/25/2023 22:18,39.8221062216091,25.0141667912186,551.861524176288,172.265183506914,9721,65.0109734155272,0.0241110338888196,compute,low,waiting
a2d58f85-5b9c-4b71-8a68-babb7fdcc731,6/13/2023 18:07,20.9843748975122,83.0336733093577,,456.141101626601,7499,72.3152578619783,0.589061210895325,io,high,completed
b83e9e6f-8403-4d53-aff9-0ac417e5b196,1/27/2023 4:14,18.6193005880336,46.6420071925313,607.13685937003,39.9007700559198,446,80.4573551525698,0.70206317017598,compute,medium,completed
ebc16b5b-5310-4945-83c1-6c6e3c498d8f,4/8/2023 17:17,94.4372389983933,58.0027566911215,737.615007125551,401.735030099772,5112,50.7788244012811,0.570310862514715,io,,waiting
1f0f245c-c074-4a98-b9d2-d14a2b717977,,73.9550795049287,45.202668579602,543.309097908281,144.798046503694,2961,38.9049594521154,0.309056378870443,network,low,completed
20456597-b85b-4c71-bf43-5ea894ac91bd,2/3/2023 17:23,49.0458808617567,19.0950984762931,611.152908498371,486.609515689791,5796,,0.965904263220703,compute,high,
2093c63f-1c44-4dd5-9974-ee599cb54517,4/23/2023 5:18,22.7414627973323,27.0925426382151,470.583123585532,133.63882943241,822,99.7111433726022,0.292006071395848,compute,low,waiting
3483ab60-df0d-47fb-8aed-3533d628e934,6/3/2023 2:24,25.4356481770392,78.2545815508576,480.925099018067,,9883,2.72174130206774,0.577260673145534,io,low,completed
59961e2c-da7c-41d2-9d44-2b7abb8d2155,4/4/2023 18:08,5.80291603238756,87.5085897573104,782.977507555043,,811,27.9300065976779,0.209669963937426,,low,
2eaafe2e-a056-4dcf-82dc-7e96d281d6dc,4/27/2023 10:02,43.441662555812,,411.549585145486,350.366078844306,7974,49.8696687345435,0.869859271456117,network,medium,running
76640db4-80f4-4463-ad6b-5807660bdf9f,1/13/2023 15:39,31.1795881994102,91.9949005238251,240.972105233296,215.281346766846,6970,49.5122421335684,0.760865142179386,io,high,running
3934e1fa-9245-4135-88ac-13db0560a12b,2/1/2023 15:54,69.6343488815459,40.2639866742096,199.298157487383,420.863859639067,2538,48.2376104903063,0.643721337615632,network,,running
eb0405c8-1acf-4240-b6cb-4d17b1f6cc00,5/1/2023 12:22,37.775183929248,4.3415749620995,343.019627949197,49.7454888138294,5674,76.080731897503,0.980284889906519,network,low,running
aa35f0b5-4562-4e36-81f4-3781d6b2dc3f,1/5/2023 4:54,17.9603677559634,86.8615316344012,688.334372170749,448.702813309572,4694,91.958032748387,0.40948421949171,io,low,completed
b6f4fe32-d208-4e86-97ca-cd141f556498,3/30/2023 23:41,2.46787283913312,67.746302593476,868.81067179924,373.090560018397,8291,61.7641162729845,0.648793766042954,io,medium,completed
d58e3387-f991-41d2-998c-943238f66ef1,6/10/2023 14:33,,9.70496587260336,587.933543162581,330.39295046644,1242,15.4885673899418,0.186333685140545,io,medium,completed
9f616d1b-e664-4d0c-a55c-7e6e745c0276,4/24/2023 10:48,67.9392773498567,,785.695407396288,359.383043323287,3875,56.728864162279,0.826655539573081,compute,high,
8364253c-2245-4699-81a7-faa159313fbf,5/19/2023 1:02,45.3696844556045,55.7875604749896,381.64243582013,147.243601948891,5635,,0.66981642437296,network,high,waiting
9f8d6467-bb69-495b-81fd-3a3ee5b6bc88,1/3/2023 10:09,53.6579211108722,26.376751276474,907.509728250804,149.677054940964,,36.7215017372797,0.425660436708423,io,medium,
,2/25/2023 15:03,,36.7764847481158,893.215849082008,134.773540116585,4033,78.8773365653948,0.279310127733949,io,medium,waiting
d0f9ad0b-b6e5-4f47-a34c-0ab0dcde3b24,4/16/2023 1:42,99.0338947396704,57.1899449494159,582.056123877798,379.101434739868,6514,94.233129048279,0.782443478205587,network,high,completed
a5151763-60fc-413e-bbe3-c6dd2edbbf29,1/11/2023 17:56,21.6896984398473,32.3510053852067,378.785746927197,418.545744947497,9170,33.6120246657628,0.950057620262912,io,medium,running
82275282-f73f-4df8-99ff-f45a8978d15e,7/18/2023 1:17,66.30782031001,,344.356914241611,252.799335509243,4505,,0.229936583489789,io,low,waiting
bb7b29f5-c87c-4bce-accc-746f10d56906,7/15/2023 2:37,26.332237673715,21.8231585047179,,253.60077740342,,24.7188100488366,0.685408363226107,io,medium,waiting
685a3bf0-96f8-45fc-b337-1dc2413c4ef5,2/5/2023 20:27,2.06509994657286,78.4975467559787,811.113816325611,365.446041562578,1319,80.7685178043721,0.570487335886845,io,,running
80748fd3-bb09-4be0-84c6-09348b97a94c,5/8/2023 2:45,75.8378653836141,64.1585162117587,358.137778179484,271.86906029625,9693,,0.472631969605678,io,medium,waiting
f5c0aad6-dd73-4cc3-ac35-24b91a9ff375,1/23/2023 21:11,32.0017150822467,72.0277413488814,15.1389645058822,25.4087747200165,4493,78.8888079999054,0.558952615536193,compute,medium,completed
,2/4/2023 12:25,38.3463894171898,4.06890734723421,737.54613989234,62.9270203994546,9807,10.8455741365695,0.0325691270880756,io,high,running
b7de9104-6032-441a-95b6-87b4f316ede7,,58.8317113553605,7.98210369368208,684.010599415378,58.8293214070746,,44.6246090632906,0.66391163096114,network,low,waiting
d848d439-5e29-46a4-8c37-7f79423b7745,6/24/2023 15:26,83.104845523619,10.6240670556966,236.157783744961,205.411433905177,2744,95.210702136315,0.0693860325866114,network,medium,running
d64db6ed-ea5b-4959-b412-5d5f94fd5133,2/12/2023 11:50,62.8981843591148,57.3421011186889,30.7720474407858,26.918298439336,2904,55.0325232363376,0.138737840044148,io,high,completed
3eacdda7-f6ac-4c95-ab39-9aa1e82b48cc,3/19/2023 0:07,87.2650655447395,25.2705704899745,825.334130645067,254.591597976901,5156,93.5662825034074,,compute,,waiting
6ab4de05-8101-4e0b-819d-ea0cbc5a1380,2/16/2023 22:09,27.3542034815635,,636.321280152923,163.511606830321,5245,59.0776954062171,,io,high,waiting
8facb335-867a-420c-a61c-0078fefd48af,2/16/2023 19:32,79.8046833912563,94.0281839433739,268.480697029766,46.9408736355316,7884,15.4589341926235,0.884491082172421,network,high,completed
f50acee4-49d2-4f55-9e83-7ee54873736a,6/5/2023 3:14,18.5635944305952,,211.711609710211,442.725757281442,376,37.880531207071,0.427472670133473,network,high,waiting
38a69a1f-e2ed-4e8f-9fef-a4ffcfcb22a7,5/29/2023 11:50,95.2791656971944,76.2028664967923,668.872413669646,56.0759866417467,7176,,0.799125073132752,network,high,running
77806902-f8d4-4657-a2a6-36710f32c72e,2/28/2023 21:38,68.7488276387815,69.9174265714659,901.805388015521,425.786286540074,5427,,,compute,high,waiting
,5/16/2023 20:20,21.5507677113558,83.0658650280734,285.882412453208,134.243278393011,4257,52.7321298401345,0.690218578716706,io,low,completed
992bad99-a7e3-4def-a0eb-865dab4078e4,4/1/2023 6:31,94.7370590488924,23.8163497474344,441.120979212048,159.58160661937,5053,19.7255916920577,0.650597718133683,io,medium,running
9c13603a-52f7-4bd6-b5af-f32f7dd235c2,6/18/2023 1:47,,68.9604787939196,443.864464319327,,4120,81.2843074617872,0.870964423260536,io,low,running
47d350f9-d8b6-467c-8120-18d8f3e6c9a5,2/10/2023 18:32,25.3941642595025,90.4732388503033,259.438067948772,8.21844209291117,2940,44.2863716073402,0.10568880268987,network,medium,running
d85463d3-a2e2-49e2-be20-6682aa5832d9,1/24/2023 14:28,,20.9911792268897,,305.860961376991,8664,53.3578643651606,0.636310038226427,compute,,waiting
b98d225d-0e6a-48f3-bbf9-505f7a3db1c6,5/13/2023 18:49,51.8200713930663,77.1990975683041,714.170018400235,21.8183068137853,2870,35.2071586476548,0.750547079924878,io,medium,running
325ad36c-5293-45a2-8a3b-0056e44bb8d6,4/24/2023 13:37,2.56627180545315,33.8291850673488,574.247048619144,36.4407138175224,4933,24.7669466450502,0.309503157465123,io,high,waiting
a4b33611-339a-4276-9b04-5b8afb114f30,,20.7470075441109,52.8965836207489,469.647532096028,,4865,35.7906426572471,0.663494439782835,network,high,
,7/5/2023 19:42,42.4685468751506,98.660281679668,849.126942388638,,632,41.4351814904784,0.138292380550054,compute,low,waiting
,7/16/2023 15:14,37.4169980334225,73.7580140149023,624.37572816484,199.016122745019,1064,3.76839392824184,0.839620979730797,compute,,
844f8b20-6c39-43bb-8fed-9f39794c1616,5/19/2023 19:26,46.357542436481,,,350.291295538778,728,17.2337652823492,0.65136652286335,network,low,waiting
50a03330-ae7b-4bd3-8360-d0b8fc541df7,3/8/2023 11:55,27.7628706294731,10.771095999005,725.163654287458,427.093567745948,,,0.439884373815359,io,high,waiting
13c08249-2276-4b5f-9720-59059f993493,1/19/2023 16:56,58.6784346458168,28.0161134627236,228.037516836903,,8666,,0.0738344077650307,io,low,running
4098d9d5-b7d7-48ff-893e-9dc854550080,5/28/2023 17:54,86.3855605923231,68.470280857305,623.034121105735,315.030607700027,,16.3296596924895,0.0436526085226217,compute,high,
2ce54812-d391-4d21-b8d7-6e6c9cf73e37,5/29/2023 5:50,11.7531855962033,57.526776482435,997.973142389108,222.778655339019,3917,30.6064247060462,0.882564418038678,io,medium,waiting
,7/4/2023 4:10,51.7379107154114,13.8381236172175,,76.2284199553273,3715,79.9064605829779,0.490446604466842,,low,completed
ccbebfcc-7b87-41a8-ae87-e0a87b916478,5/26/2023 3:50,13.2068106345153,63.1494878285766,356.418609335351,301.163453201949,3047,25.2046261706078,0.880581611242695,network,low,completed
de096c06-d452-4d1b-b0a2-055790a8bd6e,5/18/2023 4:17,71.6859681192593,43.8959593337201,,162.445120516807,1678,,0.151247413062308,io,low,waiting
de941586-613f-44f9-80f0-582d1cf5ef28,2/10/2023 18:00,39.6059702807293,87.1107038748451,79.6849472182265,316.042354176372,,39.2864166502483,0.641484463022711,,,waiting
d42997de-0ae0-47d8-b502-c9b483a7a5c3,7/13/2023 23:04,56.5421311858509,0.849238318005296,940.191451176557,,,61.8666055293415,0.465580492063695,io,medium,running
d20ee9ae-8bdd-4f6e-a2b6-09da543dcf3b,7/8/2023 5:25,18.3279836214078,93.500465153204,562.037226764801,,969,40.486254967198,,network,medium,running
6ee717d7-4712-491d-b8f7-46a255d73372,4/7/2023 15:49,14.4847759343377,94.7641847511542,460.575482222154,104.323431846366,281,87.2345693458501,0.351559050629883,compute,low,running
e49f2870-99f4-4440-9915-173a7020be91,7/7/2023 13:56,48.8056280648954,65.5000376206446,970.331691578829,,1506,92.4878600137443,0.943565174063784,compute,high,running
08fe80a9-7012-4e9c-ac2e-35f0b3dd1c87,6/5/2023 6:05,35.5612737849955,85.4468089317581,197.490692639056,336.062351951074,1042,67.0480448336743,0.572510878400625,,low,waiting
7c05432e-d80e-4f19-83e0-84bf02a5da0e,6/18/2023 7:08,94.0431945252813,22.2069627805532,302.89371750814,323.497746265181,5699,98.3911160976712,0.436998655377342,io,medium,running
,5/4/2023 15:05,76.5325253806965,40.7694413652967,630.247760358786,221.247078442647,6358,64.9967806204565,0.214468658108019,network,low,running
3d8ff878-3675-45c9-ae20-30c2d444edd3,6/17/2023 11:16,74.8663619850547,17.643494116728,515.179091107778,444.377924910305,722,53.7331805221279,0.434209602671597,compute,high,waiting
1dcb0370-fd89-43fc-948e-d585025d2230,6/22/2023 17:14,,64.6750886571643,754.561665619221,147.26031835417,1569,,0.0539933908261461,compute,low,
af6a517f-295d-4849-bc95-099cd94a93ba,3/26/2023 12:30,8.34224354420185,28.3578851140006,305.727265798124,,7511,79.1074682643929,0.0327885171918537,io,low,completed
047280e2-58eb-4b44-bc61-a24c31b05503,2/24/2023 9:32,55.2192469922406,85.8649074676742,814.187156465346,413.484208257423,320,52.2311873444677,0.958797736127477,compute,medium,running
3e317725-5ff8-4977-a3ae-5a0bad04b258,4/1/2023 21:05,58.4476068955768,43.091308759067,728.137884790396,491.911425248636,,29.1522081106157,0.231459533232289,compute,medium,running
74f6d10c-1558-4f46-9ea9-7ec85f4316c4,5/8/2023 13:58,96.1936378547229,88.1550281470657,449.818712748982,315.723101852883,,32.345176964205,,,high,completed
,6/9/2023 6:56,29.2147526792548,,839.454114034941,466.184713462627,4316,44.2072975904956,0.60926963208708,compute,medium,
fc1a2921-4dbd-4896-ac62-9d659de8a98d,2/10/2023 18:52,24.0828779915446,78.097808592471,,18.7715109562877,4985,19.0457610828913,0.0357389546510619,compute,high,completed
abc7170f-c432-4eb0-9583-3c7f1949adfe,1/23/2023 10:50,10.0293942265497,44.3686746268482,,172.477838700609,,13.913631514686,0.452406723677042,network,medium,completed
021d1c7a-9ece-4285-99b3-e0c3b696f014,6/11/2023 1:03,1.64296295914742,87.4470805076049,618.282508982414,179.617368613435,1377,40.278457706568,0.523877842224092,network,high,running
68424039-231a-4b4d-ac2a-fbe152d5f361,4/7/2023 6:46,92.952931679219,96.5913772995922,839.912825174755,207.891888307646,7697,11.7145738795516,0.500920240845793,io,high,waiting
f6734287-979e-4bd4-ac31-e980d08affa9,5/19/2023 19:58,66.991654659091,22.9590963701311,756.923419829186,406.063363558648,9426,81.4319302740294,0.981290083518411,io,low,running
40a261fe-b672-4909-95a2-5f8e2ba7e1be,7/17/2023 18:58,78.5152912023137,6.89053784610015,239.745965239102,310.394092310616,6965,,0.875349629445954,,medium,
53e028c1-f7de-4524-b246-b8df6bc2192f,4/29/2023 17:32,28.1730105753949,84.8262016248254,753.504105524711,,2437,55.6848282965175,0.134111357853807,network,low,completed
fe7d478b-99a5-49b8-ad65-069a75b9de86,7/19/2023 2:05,58.6410166186326,95.9668803953654,399.170036107356,11.3146878019798,8221,46.6412116183055,0.687464516867912,compute,low,waiting
4b893b6d-1ce0-46ca-be22-a66076cfcacb,4/11/2023 8:19,6.39552661209811,64.3426427223482,,287.086453148332,2546,20.2144998038744,0.953666344377757,compute,low,running
5c3e2822-06f7-4eb7-accb-c1663cd3473d,6/27/2023 21:52,48.5627595934622,9.72167451268019,,359.5357275258,562,16.7952247686192,0.928474718379704,compute,high,running
,,97.7495139744446,44.2433856867701,826.021543168465,381.078979120196,8915,5.6869249973527,0.998730820528395,compute,,waiting
d7542a99-deab-4651-b745-6ff2af3d4c7e,4/1/2023 16:11,87.650524531659,33.7312763319891,498.136022365991,63.3673997688389,6754,74.0404076946692,0.0614367595933937,,medium,waiting
ca9ff038-2710-48fd-8099-6479356d5a21,,33.8158951836845,62.0939257353729,863.079196775773,326.687666759938,2668,19.072167638864,0.408130257233883,,high,completed
009f0213-b5c6-4f25-8e7e-bf6fb617887a,4/2/2023 10:00,96.1570154541498,60.6560064724417,530.154846768287,442.97293523495,481,87.0760113841536,0.326314572775646,compute,low,
b00ae82b-a5e9-46de-8773-5d79ddb385e8,6/13/2023 12:23,23.1701626471204,3.89686580463752,973.49149796409,439.575174315527,5265,43.1379454232983,0.955677031258794,,medium,completed
c9ffbbf3-c43b-47a1-94d1-f3d2fb99da29,4/8/2023 1:50,94.9318822415681,48.4340937161333,325.075086164765,73.2980447660837,4584,,0.634507672018749,compute,medium,completed
1f535858-043c-4c10-bd83-90e3e60b024c,4/2/2023 6:14,94.1377704706498,53.622726796395,366.34066018654,,4661,43.9192234641982,0.296576211473201,io,high,waiting
,3/13/2023 10:18,79.9202587352391,24.5955180610169,490.491078889853,215.743402283063,8333,36.6941070524095,0.323659964338853,io,medium,completed
1b1b5198-23e2-4248-a786-f55eebdc684c,7/15/2023 1:07,63.0447936866791,18.2781464062423,676.14741592002,480.252278181911,7539,70.8052292820653,0.149670517879106,compute,low,completed
,4/3/2023 2:13,87.4287966624947,19.0298061974967,617.066152765093,266.771958561401,6304,16.4745749816504,0.324733486749445,compute,medium,running
,2/8/2023 16:56,29.3020284507796,39.9638721290601,995.775644378657,184.721601111614,8246,14.4608779568368,0.202964060804812,,medium,waiting
1c1ae6d7-2f59-4da9-9a77-7e0677dff366,1/19/2023 10:00,84.8943555312918,67.8009083972439,502.791173001207,210.557337876804,222,59.4458760623331,0.451602065160029,io,medium,running
878d36b4-d09d-417d-b3e9-1ed08028e03b,4/8/2023 9:46,61.7876691917523,6.44700004725492,266.859402008923,23.4870782326543,5880,57.0447238460768,0.695050336687368,network,medium,waiting
f638f252-0d55-4a1a-8504-62f1c07c3c0d,3/26/2023 14:40,,45.2855618052371,765.444627423111,267.655871879341,9111,0.55174097089149,0.581843971472361,network,high,
3ec548a6-b675-43e0-8a71-a1567648f513,7/15/2023 20:36,34.7233517932219,75.283134324977,652.231121977818,399.565363964339,2477,76.630000643781,0.94169681172914,compute,medium,waiting
76c81792-2393-4654-a934-22694bee0e23,1/26/2023 3:10,14.8140860948165,41.3927004840601,866.650285364839,115.275845055408,8747,72.0304291956699,0.896992719817241,network,low,running
8f31e1d8-2482-4db6-ad82-940b293e0ff0,6/23/2023 4:51,98.1829389818253,1.76100117463608,824.524663947459,488.73651449066,1078,,,compute,,running
aa51ffbe-b60e-4954-9941-3b7b4f87eee4,5/14/2023 9:36,47.8370307039988,98.7307600002015,381.832454723584,318.269774356211,,20.8160471244348,0.013543463197461,compute,low,running
633a8aa9-eafd-4b42-b7ca-8ceff3a5310c,,49.7391365498662,44.5181934595404,155.854290412835,174.233564341921,1299,,,network,high,running
35dcefff-b659-4469-be5e-6bcb8da021e4,6/30/2023 17:37,63.9472516398723,22.996734617054,218.736574900893,342.649987057178,9455,61.4568636891874,0.691188039128571,network,low,waiting
20009386-5835-4fc6-9767-8e4a490e4234,1/19/2023 13:42,36.8584606129617,75.8005136295859,25.1778348096599,217.291238374176,1513,17.7435744034764,0.774106364538582,network,low,running
02a1513a-2d03-4bcb-ad59-542b061be30b,,13.6900271685598,28.9293668795182,857.678575140062,151.725583698619,2661,90.0987757608674,0.0723379120299865,compute,low,running
,3/30/2023 9:19,82.2117733194245,35.2206556926982,791.20718238503,487.155010639813,2879,7.49140142036232,0.964990307138242,compute,,
b3634a13-9bd5-4b15-9d74-65680104f4e2,5/10/2023 9:50,18.9847911902757,,669.072505386062,61.002565533268,1714,85.5149465878778,0.0332931191278896,network,medium,completed
ad9667a5-0c77-4185-a594-55cba7c03eec,2/14/2023 14:33,51.1318982546456,8.83418859029328,819.469761819921,465.521739773852,7104,,0.436942383198027,compute,low,running
,2/24/2023 14:18,22.4317028974739,86.8337582849896,430.103281250141,379.234982880581,3181,72.2727251541124,,,medium,
4fca3483-d61a-42d4-8716-18341e43e27d,,9.7844484494034,74.3795291520274,638.512417317618,151.776051926334,1116,88.3221038741923,0.333983924121829,compute,low,waiting
fed175d2-1933-442f-a33c-37eb7e6d37e0,6/25/2023 12:29,86.2191517421683,57.3688654258516,478.669471877619,161.149642883811,3621,,,network,,completed
f5aa7461-7df2-487d-bc35-a0b3501673fe,5/3/2023 14:51,97.291948902313,11.027599497167,452.200473422493,66.0895087827125,40,99.6124515564106,0.30447902536621,io,low,waiting
ca085dc1-0ab3-4a2b-be50-dc96059cc604,,,26.8477676048246,348.598628031367,433.489864579216,3204,91.1210992734018,0.982624598530827,compute,low,running
a61151b3-e7f7-4363-9128-fd94f970c43c,3/10/2023 14:25,90.6555499221179,,245.276718787457,57.4684734543925,7553,73.0109500969367,0.630248201140283,io,low,
,2/7/2023 12:59,77.4047332698638,8.179264362376,860.664403588436,,9854,12.1616956407746,0.969178342481324,compute,low,running
55e49d38-f13d-4fbc-b36d-5eb1d52e3611,5/8/2023 23:26,33.3145152028641,16.5609692793316,822.334237940538,149.58841375484,1391,22.4992484728253,0.253183463603448,io,medium,completed
46c32cc3-ee15-4619-a572-de67e3b782a7,6/14/2023 2:32,8.11013899879967,,320.55506828794,495.368459842076,6812,42.1960203371968,0.709392490829871,network,low,completed
5274892e-4615-451f-ba6c-36a655256844,7/6/2023 21:25,40.7241171413807,55.2397548821747,787.046350021048,189.472637001496,4633,82.0233510470149,0.875693015126123,compute,low,completed
c2d1e744-1a1d-4c6a-9d96-e6cd76042e5a,2/16/2023 1:06,23.2234142170942,55.3494974029234,761.375308381502,,8306,63.8638661270403,0.245774638205833,network,low,running
b90b9c62-6e3a-49bc-b14d-09c65284bab9,6/11/2023 20:01,13.2487634757982,,981.713192048522,386.879610084643,4706,39.8337390920311,0.0219140629660654,network,low,running
41776f9c-1f5e-4090-a33a-11a170d80692,3/8/2023 23:55,5.34271817868252,81.2190507641648,555.005886207548,307.632692333262,3935,37.674985786203,0.0121114198175478,io,high,waiting
,1/2/2023 11:39,72.5594364210578,12.7337159989668,389.236044036263,468.330660705315,1529,,,network,low,completed
4a997aa9-10c9-4ba5-a938-ed3b820fe3ef,2/8/2023 20:00,,83.9960670004229,643.656701108881,381.61441667001,7507,58.9698799545761,0.395216085398571,,high,running
f9cdbf79-24f2-4c59-a9ba-940f3b74e1d6,5/19/2023 9:19,77.0580748502776,18.9978627685435,126.393924736373,436.239629221039,2729,87.0078587182389,0.235573338532121,io,medium,completed
,2/24/2023 9:41,14.6946645400375,48.4774795286399,80.7027659732912,394.058294212353,,55.0660823119427,0.387003860610489,compute,medium,running
9df11a3f-684e-4c34-99f7-0f8b48adc02d,6/10/2023 6:07,7.95220825867557,2.38197976627287,704.100045679583,429.447146497673,7784,,0.294297530751868,io,medium,running
928414ac-93b4-4a80-afbc-9845ad08f781,1/19/2023 1:39,8.96030342386053,27.5382155943706,748.073739145278,21.1318704162249,2733,75.9827037475139,,network,low,completed
880f7e32-ff27-4cca-a374-180168a8af35,4/15/2023 21:08,67.2047807353914,44.7298172516795,819.684197909249,159.083919853738,7224,22.3741446840793,0.402049539298133,,low,completed
7b894b65-23fa-4de0-8960-dc2a9249f747,2/5/2023 23:09,24.5367209852844,18.682667042444,346.33659526804,451.698290045202,7149,5.12402127621862,0.591802365922082,io,,completed
294233cf-8c95-41db-8f5f-29d6508d22ea,,42.0539466680098,79.107897167412,700.995978509063,,7629,8.67975843414244,0.647804770258635,compute,high,completed
014817c4-fa64-4e79-a0b6-9af95465098c,4/10/2023 3:10,55.7368791323916,9.33032546579209,707.301282136678,,,57.5600773719836,0.151538952587549,network,medium,
f20656f3-784e-43af-941e-1c3e9b56cc0a,4/3/2023 19:01,86.0551173828793,84.9527907658836,296.964785684344,80.2918374081211,,95.2073427611015,0.882928559070127,,medium,
e5d37e9b-0505-496e-b050-dbb30047b853,,72.7044262711328,10.2975089409159,900.899991111561,430.470410906173,1428,88.1933195850851,,,,completed
db94c744-d3ae-4f55-abfd-165aca2839f8,,,,205.272108933902,286.601124978367,,33.9213993947299,0.776484282502108,io,medium,running
fddcba18-c531-4616-b0ff-3a139cf16890,2/2/2023 9:55,13.1482799291127,58.3053799239257,334.650105256621,44.3625041559052,6405,40.8397492057975,0.369245594077462,io,high,completed
f30a9e40-53ff-4394-a00b-1262754907be,3/6/2023 18:11,,66.5260048984393,836.350684446641,47.4111394826439,1600,,0.377111756870982,network,medium,waiting
3e80947e-1cbd-47c2-9e15-075a83fa620d,2/14/2023 14:19,30.1598634480942,17.0554188862477,247.704920836595,478.802779056313,4639,52.0311974298162,0.789677527430673,io,high,running
776bc01e-3ed8-4c1f-95fb-1d2882c63831,5/8/2023 16:21,26.2118149239678,98.8999864593918,167.425316214953,415.102646801762,990,,,network,medium,completed
9a2f0907-4f3f-49ba-b279-46f526a82bb4,6/26/2023 18:40,45.6140566800479,,387.334411906606,371.743835743829,6451,65.2682403052449,0.0595284221594821,network,high,
f0830b7d-6619-41b5-82f2-623cb5b2bb04,6/28/2023 6:39,68.328133554768,69.191592410095,559.86113229908,,2722,38.3174155158417,0.262315461548091,compute,high,running
38fd5986-18e1-44d7-8603-ac9ec0a26e94,4/24/2023 19:13,69.5625445638857,15.4368589663002,491.094353338939,,218,4.65375301035757,0.622918565368382,io,medium,waiting
6b14d3be-e863-44d5-9353-b816755683e5,1/27/2023 22:48,28.3518846582166,,504.865382085155,468.415927822025,199,73.8452637532372,0.880927114293703,compute,,waiting
c8457cd3-5b3f-4523-8a2f-a568c921ca64,2/9/2023 14:13,37.992695590012,54.5835970335944,448.184410872179,169.056977832781,1396,36.5622635955632,0.487159513783282,io,high,running
6ff4691c-88e7-46ba-bf34-f748b731607c,7/15/2023 20:15,18.1150961736903,77.7978272836644,555.890895118622,254.933946702722,5014,54.9932242209405,0.825980889926482,compute,low,waiting
,1/10/2023 7:44,78.8545512306518,,352.927966152824,34.0662416918847,4475,64.3788725590613,,network,high,waiting
168eb248-03b9-4357-b50f-7217cad0dbc2,4/7/2023 9:09,5.68480764332403,61.7725482222565,786.71212204131,458.238394778315,6890,80.4865552754963,0.771176996857402,io,low,
,4/10/2023 9:03,69.6997241724987,25.6988322920058,543.910122630337,47.0272732827445,9719,80.3437290460716,0.949567219667849,io,low,waiting
f3d02544-fb13-4b6a-b40e-7120a196f872,4/7/2023 1:17,77.8695395941103,58.6006195543984,562.255845735078,92.5356994852063,5412,48.1352520116233,0.707306530426959,network,,completed
bd3512b6-297b-4580-9af0-8f056892de02,6/22/2023 22:10,77.7407561848753,49.6729639581766,332.75447942719,357.629870478801,635,48.960583420341,0.479011883312314,io,high,waiting
fa55adc6-80fc-4024-95d2-7bff8a3a3843,4/22/2023 15:00,25.9422564345354,,282.451905771248,283.770406308356,4652,66.4374413244915,0.671491893911501,io,low,waiting
0c7e8353-cf7a-4a2a-8907-c1861feef3ff,6/2/2023 3:07,37.3813137932561,14.3876167894312,702.309482068987,400.129975281375,217,73.8841054137192,0.469929829712325,compute,high,completed
c0fa7040-9db5-44f7-8b88-8b16ba21a558,4/1/2023 10:12,58.7599635196389,50.9267356196949,922.717066480229,314.902211561603,6911,63.4326294228761,0.613223122115719,network,low,waiting
f2692815-0ab5-4b3f-9775-801656ccdccd,3/24/2023 9:15,27.2821902424467,85.5107407756528,899.094839510049,124.432132767899,9035,69.5643055638472,0.451521752146255,compute,low,waiting
72e7f95a-855f-466b-a8dc-b301352765d1,1/8/2023 22:40,37.0852799217888,38.6481991475979,357.155262602461,301.750471743432,5162,78.8014182671468,0.390285638317551,io,high,waiting
b0a254de-e9d5-4069-9753-f0dc5f53fb84,6/9/2023 5:58,19.7054280185639,61.8114386686853,565.403735109435,255.697517222245,4569,44.0778026465987,0.857889733876178,network,high,waiting
f61051f9-b927-4ffb-91ba-4dd369603896,3/7/2023 6:35,45.9855883756007,17.6099666956444,404.79577898199,383.856430363571,8649,32.9893738213534,0.48870754960962,network,medium,running
3fa18e44-2d88-48bf-8681-c9194cd3f22d,1/9/2023 17:33,4.4612301254114,4.23675430112486,436.874242386592,222.44100547736,6835,99.3494284889123,0.890405812059025,network,high,completed
,4/8/2023 18:53,79.9795884570618,64.6995375764777,174.266778777661,176.381915009252,2037,74.5341952950358,0.741309033901855,,,waiting
,7/3/2023 6:53,7.69564469866327,73.2244103363253,676.108046675246,479.859094139689,4167,26.8516042316241,0.358518943399229,compute,low,completed
9034fcd0-0627-4111-aab2-b78c4df3de5e,3/4/2023 16:53,51.8835148831526,16.9482985049121,35.5295598936222,58.128564828163,5054,49.6114671137853,,compute,medium,completed
9990271e-b6d9-4ce1-8384-52619dfe25f5,1/6/2023 4:46,,80.5954583415378,703.588858139162,413.730255674771,4692,63.8641141218494,0.303142380620856,io,medium,
db86ab00-dd1e-46e5-a6f4-13df197e4876,2/28/2023 15:51,57.7542948831375,9.80872239405953,421.314846862488,,5774,99.5588642440404,0.263922376288547,compute,high,waiting
5753c52b-0d31-4b5d-9b9a-86ab8f4fcb7a,,95.9433340833425,54.6542393260813,564.767158304386,452.278196185796,,82.5389755244554,0.227336398601856,network,,running
0c54be8b-0409-43c6-b9cc-8f91cd626b72,7/20/2023 0:43,64.5570244456003,26.6003015495225,196.643021417977,161.427958022185,5710,43.6890334712761,0.857482133538749,compute,high,waiting
a8d42a29-7f40-411a-9493-9f4fcd3e5614,5/15/2023 6:18,3.53624357554909,71.4084753562974,,394.969227295904,7441,68.0988223047159,0.380741076567689,io,high,waiting
f5189b74-7d22-46b9-941e-59582e54a4ad,7/2/2023 22:49,,2.66399493271843,341.822202897716,207.528126613462,,84.5206095281879,0.60401650626699,network,low,completed
d5dcf757-5523-4119-b398-17a86a58f8a3,6/21/2023 10:21,51.001685231825,90.8089817183553,396.962311488391,438.85669171512,3349,28.3843492884691,0.147526196743019,network,high,running
2c6b80df-1f80-49e2-8a14-0200c053c4ac,2/7/2023 3:43,53.6177494703452,31.5669928924222,877.133827518186,390.901225353523,2583,23.9470019183391,0.803267228707313,compute,medium,completed
99abf20e-34e1-4ab8-9d15-4e29a7ce4c54,6/25/2023 22:50,68.1392510603837,90.6141641669819,920.168981314682,166.649843357101,,28.092612807545,0.966456912244699,io,low,completed
afbcbd76-e123-465d-a813-b865e5681eb6,1/7/2023 19:18,27.7596097731766,,784.072574328534,30.6298467679754,3514,34.8397128894394,0.644851182977909,compute,low,waiting
,5/20/2023 9:41,12.886056546632,12.6172241626733,530.571114094305,374.350707185521,6778,6.18885335260468,0.706057674180239,,low,running
6f36fdd7-ff23-4e9b-a183-ce4538acdfef,5/13/2023 17:15,,98.6557509043433,,296.805917647363,8139,61.838327409719,0.807057193209298,io,medium,completed
,4/23/2023 14:22,95.6405722795948,,,164.146487555068,1706,18.717407627804,0.346022148159126,compute,low,waiting
1dff7b14-d17f-4462-be8d-637467cb5e73,6/5/2023 8:21,18.7130891750844,,722.093161281898,408.919562263396,2389,13.2636045205566,0.580937800933456,io,medium,completed
4caf8249-5b95-446d-8faa-ad2b0f09b3de,2/1/2023 11:09,90.3983954928237,,407.307657511813,223.455463389432,198,29.1774788116189,0.932878617043645,network,low,running
f5e58e11-1413-4755-9e95-e70b053c8f3b,3/27/2023 16:16,54.3805950077326,25.4874156128467,400.961310739513,413.928443817734,1962,34.397513831316,0.0976541279760436,compute,low,running
b98a2f74-ed07-479a-b622-48be5014f4f4,3/9/2023 4:32,45.6911421645765,32.0121797487856,923.053743682069,186.911702782396,8619,,0.292836678588687,io,low,waiting
,2/18/2023 9:48,88.2041410229889,89.3195645716903,254.850949292431,153.607515112762,2348,63.0426060066824,0.477605876960734,,medium,running
06293566-b8c9-4abc-9557-f52a377aca2a,4/25/2023 6:18,45.8603961768585,2.43029745388256,,161.515001772197,1304,59.662601799279,0.469010970288421,compute,low,running
d943d39d-6d4d-47cf-99de-9d1fcbcee477,3/3/2023 5:19,72.4167636611543,50.1253251470213,395.254433546684,379.009179002963,9307,14.4882167571402,0.147026060250173,compute,high,completed
c44eb407-5d93-45b4-9a29-4a6689779427,4/2/2023 21:34,39.9025321703102,38.975900016727,480.683429157604,94.3343271174624,5978,85.204886172456,,network,medium,completed
5616c893-3b21-412a-8a60-5b0c36277a33,4/9/2023 20:59,90.4044392900957,53.4752430735377,,364.205334656899,183,51.1006676819313,0.627283097465629,compute,medium,completed
4cf8cc20-359c-4b71-b846-489e68867979,,69.0025020191227,60.8009929312492,113.079959895706,,3843,,0.326708922410794,compute,,completed
e07ed5dd-c658-48e8-b01f-9782ea61a53c,7/3/2023 8:42,,30.4420462418191,810.383395219487,475.207062406207,6667,12.9456280105901,,network,medium,
c655b960-17f9-4ae1-8ccb-6220651bd191,2/10/2023 9:02,32.7720401557118,,113.078588757765,309.596734768275,1483,64.280858057215,0.87122986502586,compute,low,completed
dcfe33f9-6538-4e9a-ada4-76782b4d2e7b,1/23/2023 17:47,75.6778642736889,63.2770533461873,460.467831762041,175.596614461714,9424,,0.864424404474174,,high,completed
5c162b81-d3ad-4b2c-96ec-9eddade4663d,7/10/2023 12:51,63.6061055447141,,,,2171,88.9638235140341,0.35847404373772,io,high,completed
19b30f96-9a61-43b7-a51d-07657ce9e8c2,5/17/2023 20:21,24.0020273379709,31.9965324463519,536.876463792873,94.1928761897113,7491,10.7815105292272,0.207002498937736,io,high,completed
b8bff822-d34a-4775-a623-bd237a0d71c9,2/5/2023 7:13,16.0538822485256,,708.577685647533,55.8795560268635,3355,77.3511666090868,0.332976268624495,network,medium,completed
444b47ca-0a0f-4c1a-a376-7d9c630a0ec1,6/16/2023 16:02,79.6391474517331,63.7743917352919,213.464034890868,129.053577014179,9884,95.0836379470228,0.69668285067424,compute,medium,running
f3bc9dc1-d4f3-4c9b-8cbd-3d8e838718fa,1/26/2023 11:02,95.9166603035222,76.8351698170376,396.070632710649,344.084836242456,9131,33.2657993761639,0.414786171956263,io,low,completed
dbb406c0-3011-4676-83e3-e847475bf20f,3/22/2023 15:32,45.8138827260042,87.8224701600301,20.4379314999781,218.462220555324,6483,32.8035785610806,0.191264974501164,io,low,running
7d8965e3-501e-4e23-b83e-0c2db2f5baab,2/4/2023 22:06,59.0984165323684,2.21096613784952,266.963750655626,300.239599132383,5318,13.3596384893109,0.345280899845088,io,low,waiting
1fb6e287-d053-4ad0-a161-732cccdff60a,1/28/2023 10:24,85.7722644193554,66.486762503497,972.394322543711,,3687,3.31840208318089,0.863874886096388,io,medium,completed
5166b9ff-ecdd-4168-ba0c-1679df324a51,4/5/2023 9:44,45.7223453353857,64.5585381763996,638.188930788177,480.62631456016,2734,40.7642350161757,0.807964752217846,compute,low,running
28c51d31-1b10-4ef0-b72f-530f3e945ea2,7/7/2023 13:38,,42.1616240602161,332.160329695295,404.893120516512,9661,30.6878927827433,0.876348595352298,io,high,running
6988b58d-f93c-4010-a44a-07c2143fb7ed,,57.5751162044872,86.8508305118229,396.489912302631,93.5670922618877,4440,64.025162919797,0.13983995223172,network,low,running
fcdf4c15-7339-4f17-87f5-fcd9b5128be0,3/24/2023 2:38,82.0767120701314,21.1386848436822,111.121317124392,105.940952794793,7242,12.3894454267464,0.462451424451192,io,,waiting
,3/19/2023 13:52,90.8843718412738,50.9578280465717,914.054661451429,65.7659144801671,8483,43.7555281543167,0.5953412049092,compute,high,running
44d9b428-0a2d-4d8f-8e47-115c5f81884b,3/23/2023 20:25,,,34.9212243570371,,6758,52.8563685489866,0.0618877217341136,io,low,waiting
c59b4767-78bf-47ad-90e5-31deeae95373,6/12/2023 9:48,15.9414463448955,51.6414639538399,472.415780639568,344.383320350263,3206,2.12117497585085,0.526341557527794,network,low,completed
92647c0d-d6f1-402a-93d8-67231b6ad64b,5/18/2023 17:44,62.88984390617,92.5032274833344,272.807072225357,335.309349989169,2723,15.552234583821,,network,medium,waiting
8434ad41-09fa-43a1-8831-e8b6d3393bbf,3/24/2023 1:07,39.8434258619677,,482.554173489763,64.2848297102964,7184,73.8522790105968,0.13104284835405,io,high,completed
582288fd-ae4c-483c-88f0-dd072724bfae,2/11/2023 17:12,6.27129520233457,,680.258974087912,,824,77.4114704546075,0.13862903400662,network,medium,completed
8fbc2552-2301-4206-99fd-91ae97182df2,1/19/2023 0:42,42.4032251889841,83.4945483920414,9.69037205988421,77.5618392747661,2004,80.692631942676,0.323279484696811,network,low,waiting
,2/22/2023 20:34,25.8684066889407,59.1667019581248,785.98442914406,377.102688472932,1881,37.4289059750396,0.808182969981069,network,high,running
,5/14/2023 2:43,84.903830842851,79.6888952815131,447.416578302585,272.218020569072,536,51.1667388336019,0.922356637528093,compute,medium,completed
676fb3b8-8b2a-450a-93c6-8c63b2186a38,4/21/2023 21:22,3.33046265466961,72.5510813150449,89.9404229001522,231.473341291319,7297,96.0549416717449,0.211167359834463,io,,completed
e354eb68-3289-4689-b146-8eaa9eb47c36,5/9/2023 18:03,95.8982721863473,81.8031420784064,270.248009338374,213.169915243402,8977,50.8063779372239,0.270701077161281,compute,high,running
cc9697b8-03e4-4906-8731-df121dbe49ee,4/11/2023 12:57,35.5368848471929,90.2982189716549,505.531743296327,309.034529751004,4036,16.6172159161318,0.129244841724771,,medium,waiting
a83f6e03-02d5-4c03-b513-6293be3302d6,3/16/2023 10:57,35.6706890402542,13.1426713061386,647.374395563317,,1281,10.1945404661925,0.670664694449774,compute,low,completed
588faca3-edcc-4331-bfbb-dee0adc0ac6a,7/1/2023 18:45,1.63285026837078,63.3052233469934,84.1947756914721,90.0395263416033,7002,30.2513432087828,0.933931499859428,io,low,waiting
13332d3e-321a-4b03-bd66-790fb75bd1af,7/18/2023 19:29,18.5232325236183,46.8818334575245,992.514978678749,31.5011248179788,,35.7894437170485,0.635722516870236,io,,completed
4dfd13c0-358e-400d-a1ed-0b283e07ae47,2/24/2023 5:22,40.1259500803608,42.2434518187736,407.549373079098,36.7845428390546,9907,32.8508805683818,0.343873412404199,network,high,completed
9a926ee7-edac-4857-872b-7fd7222cf754,2/1/2023 9:42,92.9291417302714,81.3884308424393,885.433206826767,131.890181711176,3412,49.2634386934325,0.683960399738891,compute,high,running
,3/16/2023 23:12,9.96149302212713,55.8431013344134,458.048447925935,229.792600340068,8247,0.881203785848283,0.567189807876971,io,low,
2eccbbfa-ce90-4caf-a4e7-a32d0ea31eba,1/24/2023 16:06,94.5301533479079,31.131610610061,307.416069590259,309.95436549333,8687,64.4867216406896,,io,high,waiting
7a6205bd-f528-4387-a759-75e4ae08f08d,2/15/2023 0:03,86.9488530546632,44.0954089392848,353.286315292559,378.593457228342,3749,98.6959726696102,0.937167598941699,network,high,waiting
b9329794-7c8b-4ae1-83d9-750a7abc24fb,2/21/2023 17:06,45.4162396907551,13.6383920960947,,211.718515629791,2586,36.670592295238,0.682820915383398,compute,low,
36f4644d-56f1-4188-9013-ec1000fc7e86,3/23/2023 11:24,32.670088176826,30.3469647577894,609.060737202871,482.422013394129,2893,14.8893391361212,0.422719671358481,compute,medium,completed
324ed951-6715-438c-b75f-3a57a445cb10,,23.2744129279056,65.2987642922228,967.31325787868,32.0847243156552,5699,25.0641750687163,0.726065268117261,network,high,waiting
e4ab1fba-f5c3-4962-9f8a-dcda5ef5f719,1/4/2023 8:02,61.4464706476874,99.3775119221348,1.12516662435813,347.842882533966,7107,86.4564420272631,0.594552195110325,compute,medium,waiting
dc8098cf-6fa4-47df-ae2f-6b50f1d3d047,2/5/2023 12:01,3.30745914755056,61.5824776427831,53.809478442342,373.141695871392,7490,42.7933691214848,0.488882966253344,,high,completed
896efc17-7366-4931-b7b0-0a72aa81bd74,3/30/2023 1:00,,62.5021406184713,805.0037471991,138.109184522029,,,,network,medium,running
475d2107-a06d-47cc-b1c4-53b50872bd85,3/17/2023 5:30,42.8795722498237,60.9187093172151,654.540481043584,,8855,50.0645387373514,0.222882098957319,io,high,completed
d2dc3b97-f24f-4588-ba43-522f300ad6c4,5/2/2023 4:49,,,703.341373432144,272.27956506549,8985,33.5306681995096,0.668238408641823,io,low,waiting
176e7577-8601-4644-98e5-4f286efb45e6,,25.1940988246092,38.6607178757788,744.087977012444,383.681338248886,2010,10.6610250906491,,compute,medium,running
b9214aec-fe8c-4b8b-b1e9-921719452e65,1/7/2023 9:53,,,442.509428764256,324.354351235597,2842,,0.677093037761871,network,medium,running
,,25.3191193722851,,918.510956972089,10.06132758386,9599,,0.873784860854441,,medium,completed
79e33066-ca5f-4fa1-9628-b56ba8cb6188,4/14/2023 8:19,13.1055231215257,58.1158385173292,99.4005682995404,499.063494464342,3018,45.4089234114958,0.969858217328609,network,medium,completed
084b45df-957c-4f02-9be1-dc1b7293913c,4/29/2023 11:54,1.20362228976542,77.8567598881913,30.6787228286278,138.574973288523,5928,88.3317748740104,0.894727460915989,io,medium,waiting
db533e4a-2a19-4d93-8bb8-e23484a2757e,1/17/2023 5:22,11.5484297138748,35.2539409779309,406.438544904343,,2830,,0.055312015513541,network,low,completed
201c18ba-ffd9-4c83-b67e-3ecb8f58b3cd,4/2/2023 22:34,61.8480259512747,17.8716362194664,477.261657782584,347.556955229098,3071,62.3001722787155,0.90314091225172,io,medium,waiting
8875fb30-94ea-4a28-ae1e-048557a455d0,7/10/2023 15:57,97.425621281805,,879.076962142744,190.491340136639,2103,38.5503382292515,0.773948794387629,io,low,
57e95368-f13a-4818-b004-a408ad57de28,7/1/2023 4:51,,49.9577807339309,,287.585828890658,2190,77.7604034185115,,network,high,waiting
,5/14/2023 19:39,40.9054095373061,4.09198277851984,339.235806646959,19.6322892210579,7835,54.9845213385057,0.656041218723383,network,,running
e033ec83-a86a-46dd-a306-5abcaf067688,3/22/2023 21:53,16.2954426046605,32.4984995031809,149.696180991055,110.523865762954,2185,23.0931692149537,0.179533704500478,compute,medium,waiting
52533223-617e-4d05-bb9f-b04eb3a27cf0,1/16/2023 17:02,,2.91987650905791,,8.72677122861986,1323,50.8160224403036,0.229334395467321,compute,medium,running
,6/23/2023 0:55,49.0305346548737,76.9919051471736,82.2628277481599,,5546,64.2388504023674,0.649454422376318,compute,low,completed
92c3448c-78bb-4c16-80cd-7fbf04d8fbb7,,98.9409777284431,,,368.241382336623,4572,30.6076802254041,0.105837058376299,network,medium,running
6966f0fa-34df-4e53-82f1-85ff2cfd296b,4/15/2023 20:03,6.53042071517802,95.2981819343611,182.774648730899,281.780910644608,8903,11.1286072715861,0.282377046675901,network,medium,completed
0083abb7-63cf-4489-97da-437c2b551961,4/23/2023 13:32,78.3234438313813,99.1503943633095,614.187964193167,179.198414758447,4192,12.9234671267058,0.239792981014453,network,high,completed
27336983-df3c-4f13-92c1-9207369adf86,7/5/2023 4:56,28.8398497331493,45.1144313436863,544.81193538129,250.0066832108,1068,63.7305898098905,0.152519689586826,compute,low,running
827c34c0-eb2c-4952-84cd-dd6f80e62c4d,4/8/2023 10:15,24.1418620076574,60.2050738179838,652.804048091755,23.0432366546353,2726,13.0902211283833,0.689243477142866,compute,medium,waiting
f9f3bd51-e048-4167-abb5-8d55f334c01c,1/28/2023 0:30,66.2504571532675,35.0401932562586,,250.620274495913,7139,34.9103123863477,0.052085321475904,compute,low,waiting
abce30f7-7b22-434a-be23-3760b1bfd28c,2/16/2023 15:18,24.6063184990964,28.5318861443931,,38.8078558559589,5017,33.3000504684579,0.682799411059332,compute,high,completed
9c8aefed-561f-4817-abeb-898af84e84b0,4/12/2023 19:41,66.5859117559187,11.4507176555414,154.041966300192,61.5469826484847,9259,49.0183523212289,0.894879029727492,io,,running
3fa3a03e-c5e4-4e78-bc03-32b64c36b37a,1/31/2023 10:09,51.7308517202288,84.4328217072241,298.987762615463,51.3606214284656,2365,39.0774675949041,0.971439060944912,io,,waiting
5967080e-b55b-4253-bfa1-d7c6f9ae8772,6/19/2023 20:13,42.4088988435849,50.0804341744785,810.938417944176,24.2480935858294,1804,37.2221272345691,0.940190739196844,compute,medium,completed
6ba62cdc-6ea5-4e28-9180-e4af229e8c5c,6/8/2023 1:27,55.4687808661419,,978.261645008881,100.225943456942,127,71.6240388686076,0.40580485763541,network,high,running
7795f969-b52f-4c89-8aba-ca95b5a4de90,6/10/2023 12:32,28.7051519919629,8.50417018141272,605.946527705134,94.7421918567033,9016,50.4744884510649,,compute,high,
ceec6035-436a-465e-a8ff-164d282f5e2d,4/20/2023 13:30,70.6574706272979,9.86009473906662,472.617470910693,422.88488500076,9458,87.2243815233939,0.338115096038005,network,low,
f009fae0-fbde-4b19-9a5e-8e8dae1eedd2,7/7/2023 20:04,41.4856869333564,85.9500100828782,688.517440579782,,1502,36.9769886873049,,compute,medium,waiting
a1cc61f2-91a7-4dcd-8b8e-bb8b622a9f3f,4/16/2023 21:44,36.0545560485892,14.0419647416085,990.964077604415,347.532515800622,6165,90.8855766933237,0.849394136762348,io,high,waiting
0ddaebc0-56b1-4b9e-a35e-a0562ff33e83,7/19/2023 9:09,82.8656914555737,39.5759219776595,325.638180191078,345.391838443324,6550,99.3387470064423,0.195836470947157,compute,high,waiting
46e111d1-3b55-4814-b4d3-80d2a256db11,5/4/2023 21:54,92.4966911953192,19.8178151449809,916.188211504222,417.386602686088,3218,14.4050766685287,0.593683308637073,,low,running
d38f57d1-8e1e-41c5-9cd7-bf9a402a31db,3/29/2023 7:33,4.60073108872969,7.36270941132704,355.534134298539,393.442703144848,8142,24.6481778927711,0.987789465516722,network,high,completed
721c3919-c068-43a1-8d43-62259cbd3f06,4/26/2023 4:13,23.2626992829765,94.2807354432406,278.190813074217,,9102,19.6870069588701,,compute,medium,running
10e4cbfa-d68a-4c72-adba-8fc732fdad0d,4/5/2023 2:48,34.8519369492563,14.2228694578277,672.140623439964,65.3897991150929,4240,59.7111177739314,,compute,medium,running
efb07d8d-636f-48d4-a015-40b68b4c7160,2/9/2023 8:34,81.4966479370247,48.0090711499802,,276.862135460925,2699,93.2395975131202,0.699674765014193,compute,low,running
795f79b0-0781-4615-b51d-ce6d6eccfb3f,1/27/2023 8:55,98.5491427643297,,694.101658914766,51.8824004804249,944,88.8571324030934,0.586950681163702,compute,medium,running
5f0d492b-d7bc-44b4-acf8-a473a72754cf,1/26/2023 14:52,96.8971704670351,75.703392282494,27.8449299429134,130.578576317418,1268,15.3779664914328,0.579004994110146,io,low,running
1e9be142-e0ce-4439-b5b5-342c3c7d8cc0,,90.4948345549926,53.8231385324462,972.881417571441,109.65669320684,4761,44.6569620925882,,compute,high,running
,3/7/2023 11:17,29.6556265064029,,930.222148069648,415.203323508374,359,26.2527996416753,0.0402820205230093,io,high,waiting
1c932240-d32d-4bff-964f-dde9e1d6597a,4/19/2023 14:10,99.2011243414474,,583.125148699282,,,20.1519183119577,0.197339044719408,network,medium,waiting
4b4121e5-322d-40ce-b568-e05876f42ab7,3/23/2023 17:09,24.9420041056451,21.03044122628,536.333080734714,329.443274142864,9655,95.2368800961098,0.36098427540344,compute,high,completed
b2c46ed6-bcad-4705-ad2a-b60d28334f09,3/28/2023 5:26,10.5906154882232,19.0482835365092,319.203949138452,103.494008020067,9246,82.748701976871,0.311732524399836,compute,medium,running
a8f1631e-6028-4843-9eac-70dd305ec19f,,,37.4041196594274,851.936186697436,,278,54.5563876784799,,compute,high,waiting
8ad1bbfd-0ac9-4f53-91f9-54f6f47c2059,5/17/2023 17:39,23.3420255468096,8.58453387483738,735.934945223987,,4841,83.7368051368084,0.347179513749901,network,high,running
3da10904-5b7c-4ef6-baa9-c4a9bdb55854,5/31/2023 0:42,68.976826507775,,545.108191140519,0.170493285029549,981,27.9969677254021,0.383756318524306,compute,low,completed
a07f82ed-484c-4d6e-bb51-1d5926446084,1/12/2023 0:10,5.83563589805886,20.8991651265928,,309.615979102883,3632,49.1563529977966,0.906392970990781,network,medium,waiting
12153a54-52cd-4dd9-b446-ab146a521075,3/27/2023 8:23,,16.2477768919767,393.526448384866,351.748590516712,2195,47.2775059183706,0.605891004624065,compute,medium,
5b32d418-2765-4698-917c-cf502b6f3f4f,7/13/2023 17:51,88.1720212333839,34.5153180265931,594.290617302829,196.464444481707,5594,86.3896562356732,,compute,low,running
216e9e79-65b8-4b3e-9761-9157f4597b15,3/14/2023 4:46,27.2436895465962,93.6809974617716,382.620133432482,368.542654745124,,31.1579716645041,0.259180268618346,compute,high,running
e6478580-650e-459e-919a-cbd41385ad4e,6/29/2023 6:02,,2.55219887402429,146.091878821384,91.9816556203445,3747,6.73773953858014,0.265118190718255,network,high,waiting
053c8eed-6f17-430d-877a-f184c8cd450c,4/25/2023 18:30,37.4296183320916,91.8963427832322,858.821409026305,367.879715792293,9805,35.2604396127368,0.190015104290297,compute,medium,waiting
bcf8e4d8-64f5-4f6d-a0af-967cc555a436,5/8/2023 3:48,74.8788257540133,88.145848122184,,,8306,43.7619024349046,0.486674457758701,network,,waiting
e34360c2-e48b-4488-8730-2fcb1a8e3f56,,23.7807242539038,35.5215073639532,,227.517702923645,7559,38.792792699919,0.641875252053264,network,medium,running
3b9420da-dfa4-44be-9ec0-89a9e1ac20e0,2/20/2023 19:34,17.1853099047643,79.0787529143527,517.063179842643,182.204749275152,709,33.2772312469548,0.708612859835234,network,low,completed
b4985b5c-6899-4085-836c-e71f1f480879,4/19/2023 22:23,44.9291648687738,93.8849021897906,286.24494134437,96.4358162342759,8261,8.98436924026743,0.126370339684641,compute,low,
f95d694d-24aa-4a18-ac7d-57f4e08d5500,6/14/2023 20:26,,69.5177826285163,316.840000575156,385.272419049218,9199,23.0874728825861,0.891763368359117,network,high,running
1543747e-0468-4ae2-8f9b-8ee2ab574923,3/9/2023 8:00,83.9189122258652,,648.206575160847,376.045631028567,241,69.7285374473735,0.121619111500609,io,high,running
8b4d968d-2f10-48eb-aa96-e5c88b5aa275,4/4/2023 20:08,23.7741826015638,23.5535778342113,666.909179741165,216.932638375683,7602,81.5672700943261,0.41751078331554,io,,
d0eb75ed-07ef-430f-b6e5-be75eb6276a7,2/18/2023 19:59,50.2389457489261,42.2143516335989,846.985936101724,7.54777521744681,3471,,,network,,waiting
29c53a0d-2494-4682-ac03-9d6e982fc3df,6/21/2023 21:30,94.258359969793,35.0009451911289,982.718920300517,191.307536911582,,37.5405720430207,,network,medium,waiting
86d6e105-2857-4d35-938d-d0a770007eb6,5/6/2023 20:06,63.399769774466,55.8601525376509,943.907697523751,97.5732454522848,6625,18.1393764153315,0.228745298521638,network,high,waiting
ace7c60e-1b32-4699-be75-e2db2979339c,6/19/2023 1:27,86.7289405462464,81.035160428067,622.427459699751,189.703782227365,9541,44.7991121274637,0.0164782501948967,io,medium,waiting
12639c6f-df09-4cff-b473-d9d6f4788721,3/14/2023 13:45,94.0209689354767,,475.065285642311,319.556928231237,,39.651005520887,,network,medium,completed
fb9d228c-acd4-4cd5-a1c8-5ab07b562155,3/24/2023 0:39,75.0764861886352,23.5855172395039,,47.205208852465,1040,43.1088254538985,0.157764056383775,network,medium,running
d1686ffc-e4c6-491c-b1e9-275083ab8cac,5/16/2023 7:21,69.9575060224751,73.0881092572098,751.474631364724,,6956,85.9013644157356,0.470146928971479,network,medium,waiting
e35fac95-8ee2-41e2-8f26-e3f6347f4d42,6/16/2023 2:23,96.7965566604227,66.1632548925108,595.582128087843,450.09590826596,5635,45.5941674505985,0.801583992584431,compute,low,running
a3948684-8a23-4092-ba05-39a2551ced37,3/28/2023 0:23,99.4400789647679,28.729311402828,250.526134963829,64.0777613223216,7405,93.1410618388758,0.159530914130675,compute,high,
5240b0d0-0592-4332-9f0f-150cf88787a9,4/26/2023 16:08,45.1821682669759,26.4230021977033,484.815484727015,400.386279798146,8340,69.5311481831791,0.793502176254726,compute,high,waiting
a9bb6ef9-189a-4802-a4b9-f9347e3cc459,3/24/2023 23:03,7.08697781842083,7.66110602360964,429.254173997315,315.883835250161,86,88.2327552654057,0.338123507262559,io,medium,waiting
24c3fbba-64ff-494e-827e-15bf1c76e108,7/19/2023 4:48,29.2794031440518,48.6436181649807,769.552970598802,434.150801813556,,91.335810247719,0.575544536546825,compute,medium,waiting
e626c156-cd9f-4cc9-afc8-08ebde493635,1/16/2023 8:16,15.235470568773,21.4691301728972,999.706013826027,78.2679457828522,6248,10.4870171026858,0.216955560982894,network,high,waiting
ea5faed2-c016-42ec-8b3d-75099fbc0e25,3/8/2023 1:21,41.7486374796011,56.4339580194439,592.501337385781,395.66670225889,3368,47.7511310690615,0.0590721074019322,network,low,waiting
696129b3-a18a-4abc-8e65-5edbd815b0ee,5/16/2023 4:59,13.1289328473256,53.5416949267772,688.869982056448,127.633668490318,7045,54.5359741010713,0.427977425563748,network,low,
08241af1-4254-49aa-865e-1852c10df5f8,3/15/2023 18:09,60.4117804020882,29.1145545828004,671.696182484142,368.399815836386,9316,9.61511145338251,0.571331541453607,io,medium,completed
66a0a46e-3f6e-4bed-bc00-a01471df028b,,38.2808059157854,61.9864942981392,933.500832315865,464.969138270871,2048,,0.914184275396021,network,high,waiting
f323e922-8d0d-4abc-98ff-595b832b9716,6/14/2023 11:24,89.538588428821,58.3985923352976,408.149529733921,210.676449747629,582,10.026511888754,0.259868411284462,io,medium,waiting
c464490c-0074-4005-96b0-a1455b32b697,2/24/2023 15:39,96.7794671798501,31.133988133779,312.193663253736,275.35248916667,8043,44.9373932462676,0.734593718703421,network,,completed
43ff32de-60b4-4b98-908d-2358baaf5ac2,2/21/2023 2:10,54.6884901669422,,898.994475875003,112.542360741632,4661,40.3072019953294,0.0924312164764352,compute,medium,waiting
ee8ef047-b8cb-436c-b6e8-ae34452e8cea,4/15/2023 9:14,27.4823569867596,82.3463346551413,355.469392964618,268.445123871514,5639,65.4364035411436,0.212962230829929,compute,high,
,3/14/2023 17:33,59.2230418761836,81.9583234858207,606.801638106528,50.9167850463532,5258,13.6891164163058,0.194744494482505,network,high,waiting
9a470c21-dd39-4470-b941-3598a7bafe45,4/28/2023 2:31,89.6761158224409,,260.07696141511,273.779130191222,5271,,0.290117426055954,io,high,waiting
57aa57fb-89af-4031-9a38-c7bc12d24c58,3/29/2023 13:31,40.6733345835748,,124.370278747581,455.080232836824,9356,90.1916381687204,0.806667343385306,network,low,completed
6c3e7616-a2a2-44d2-bb36-bf0b7861ffd9,5/13/2023 20:00,55.207827669197,56.4079951607757,212.002157861021,29.9312985624863,139,7.10116254164746,0.199338789518305,io,low,running
3f2359d1-882e-4f4b-ba66-1054939a67f8,7/17/2023 13:08,27.1652767606145,48.7230519127718,462.067269357694,305.612104206302,,20.9576276716923,,network,high,completed
8a354710-c035-4997-b56b-3363b25fa596,5/14/2023 10:34,45.5444149450027,77.4881177610396,84.2557761826514,,8200,64.6653150060896,0.399527227771769,network,low,running
da3a2316-fe72-47e6-ba6a-a7309908d0e7,,40.1713535379598,,331.388428695789,21.4257285492699,5046,11.7742880123765,0.216496770946155,,high,running
6f937cac-a2dd-4b7f-8b69-0df85da32b3e,4/14/2023 6:56,24.8413465082971,15.5640758865967,371.247661914948,182.487140167902,3928,29.0550268775461,0.87492730680726,network,high,waiting
979f7e21-90b7-48db-8484-e34e891ab2f5,7/14/2023 0:38,50.5866383825308,94.9019229424826,499.288576981995,76.1632712056185,8771,74.0259824328382,,io,high,running
3c10e386-7d08-4aa2-867a-40bff0402850,5/1/2023 17:59,31.0380825979811,77.011142365695,451.100080814863,,4517,62.2480977675781,0.819436185686122,compute,low,completed
,6/16/2023 12:58,37.3034863880747,34.9790854573765,858.16984340407,,3988,75.3751481276411,0.756869056459814,compute,high,
074373a6-6f7e-487b-a7aa-493fabde4d87,4/14/2023 16:52,52.4970442254264,31.0354848071715,615.575781492435,469.016777512074,2789,,0.327066782221603,network,medium,waiting
9d6e1dca-8a34-48d1-9266-29fd906090a2,3/8/2023 6:03,75.0595022928987,98.0242949877509,113.855936082947,498.247825390229,1170,91.5881658911264,0.665975076193093,,low,waiting
b912af56-5689-41bc-a069-3af7ba25e812,1/14/2023 5:49,33.3507465791275,,,250.338196729121,6092,18.0957387367461,0.129679327604595,,medium,completed
9a1681cf-55e6-4b67-9032-ed1f9c1b0c64,2/1/2023 12:19,92.4158766620763,52.1038668953356,626.885681960713,,8501,67.7761018395178,0.942597715517061,,low,completed
1a251632-8f79-4b3c-8c44-9230660310b0,3/25/2023 2:56,86.2318546835902,4.00976876275548,174.122633806722,309.051134899169,6344,,0.738828878951372,network,high,
cfda4965-180f-4e7a-a588-305b9c27c073,2/20/2023 22:07,4.86902959755285,25.0291485486062,313.007069004517,472.527771914277,2963,1.58575706279742,0.647927374115676,network,low,completed
09fd692f-ac7b-41e3-a8a5-20ecad8fe0f6,2/21/2023 7:23,25.3642524256822,97.2076402641832,333.477568325153,427.6526386702,581,93.0194849859415,,,low,waiting
179696bc-da08-49ee-b487-92457e785bf2,1/15/2023 8:02,44.6135512659201,,31.0919142185497,325.340385751126,9031,60.0716136637659,0.451264001661002,network,high,completed
e0d75be7-cf72-4519-96a0-e74e7501b105,5/19/2023 17:07,10.4627888742474,27.3269584975794,749.601744720377,471.654367537498,1618,25.8369280821519,0.4604191976969,io,high,waiting
a7f95e4e-7e9d-45b7-9e40-941977aa5a63,4/16/2023 5:00,34.8475989033497,84.1607944597412,655.071693749285,354.07787775996,8666,68.0015459766351,0.534398167560862,network,medium,waiting
079eff29-8b03-4485-a9df-45dcf7d77944,3/1/2023 21:09,74.0097525617682,9.86112797832801,445.702377972591,206.118960920522,7728,8.9874062192668,0.277937758019086,io,medium,running
,3/10/2023 8:52,,8.18237759169085,767.186812497639,481.255852730656,773,60.5995481665789,0.668409176946025,network,medium,completed
44a9f1c8-0910-4f3b-a796-67b843a61c7f,7/12/2023 22:04,62.2384428566004,13.6625703811211,124.28661019939,463.785253313549,3687,39.8238068121916,0.511649261739706,compute,high,completed
50a51774-bd38-45c9-bcc9-1d52bac18a1e,3/15/2023 17:05,71.0528402722345,,301.112624833302,285.751210264246,7727,93.909664534492,0.945034821044934,compute,,waiting
f8f0a531-ac90-4a4c-8d77-1142f0d2b1d9,4/12/2023 5:41,20.4923686959701,,379.803694098403,378.75203751904,9468,31.5699525238758,0.478878344997461,io,high,running
e5a31fb4-acd1-4d27-bccd-f16e5fa9090c,2/20/2023 13:59,34.1698114864732,43.9346177704483,909.747728287577,228.770517997878,,99.6130413253404,0.276800593078183,compute,medium,completed
e5db2271-1202-4c6c-8714-cd39c806f92d,1/28/2023 7:54,67.6242482277462,80.7334543380011,23.0718479596681,,496,,0.363937896588737,io,high,completed
9fae4fab-393c-44e6-b6ed-0a9768be956e,3/6/2023 10:32,87.9234763031327,65.588949969766,96.9718332661668,359.597756592201,3197,79.2370778311014,,io,,waiting
7bbe39e0-f2fc-412a-a23f-de330745c788,2/19/2023 22:28,54.3678053828095,23.4258589484115,425.107608425605,298.570100866973,2247,20.1957693836322,0.930066553791835,compute,,completed
d1c266b9-8df1-4d51-a186-5e0cc776ea25,7/3/2023 18:20,28.2699650945536,68.7908498075576,,31.8260896361204,93,64.0388596170142,0.155821061126963,compute,medium,running
f38821bd-583b-4ede-94a2-c8782d8da0ce,6/30/2023 11:47,3.02352580059825,79.1135685963434,972.745313473236,448.336675273489,1275,49.4926145894955,0.957784086123909,io,medium,running
abe545ce-dd85-43d8-b64b-f71068534aa6,6/24/2023 6:38,71.0336828974213,43.4053003731596,527.93819436082,308.312060140037,3331,86.057744651621,0.014471790410004,compute,low,waiting
2d880d38-583e-4f57-9678-09dd66fde9d7,1/26/2023 17:30,0.788410350844037,34.8315277026954,310.30164595373,444.331251511122,3825,28.2946921779165,0.959542366310505,network,,completed
a5eeda43-5540-4e71-8dd3-76075bd6643f,2/9/2023 19:22,37.2679069820995,18.8983718939376,,121.516936508484,747,85.6785968615097,,network,medium,
6eaf7336-772f-4abd-a463-8b08928d8a05,,53.0537214562781,9.00628706722659,371.114382128218,,3109,22.6433406746362,,compute,high,running
85b97eee-bbce-461e-8ef3-864e48cb88be,5/8/2023 7:10,92.2111461767193,57.4471753809493,544.354548791151,478.747058816578,9833,42.3804303977554,0.986111700606471,network,high,completed
0ee116ac-cc4b-408d-8ab2-36a8a4d7ed93,1/30/2023 19:34,8.94945450329001,18.616215005821,914.658278033678,191.306965324588,3401,54.3397268278052,0.0116498635710712,io,medium,waiting
e20186be-766e-4269-8555-651f8c90cb53,4/21/2023 6:36,40.5942321968283,88.0937898728907,210.300338235466,435.734114887929,,45.7110792857521,0.681651537095772,network,,waiting
00bb887d-1cc8-4278-b74b-bed05e26a017,1/30/2023 11:24,2.43131997101577,35.6076223933698,327.484332013178,410.227617462391,3369,11.947265096399,0.588672557270718,compute,,running
7494dc2d-600a-4ffa-a2da-16d158aa3875,3/12/2023 17:53,34.261098434159,44.5006904437038,513.632007712764,266.446595241587,7746,49.4743068972361,0.465506911253012,compute,low,running
8fbe3764-c21c-4380-82ea-511f17f32dde,3/9/2023 22:17,,28.948784895475,597.890956583614,234.153007679142,7798,72.0157896844153,,compute,high,waiting
dcd1078c-c0d7-4284-af74-9ee3390a7f31,3/3/2023 8:38,27.9067948228598,73.4678856638943,969.160613321782,,7078,95.5506270692629,0.540422072957049,,,completed
279cea55-3803-4e5d-a73b-af64b0082da2,2/26/2023 18:20,20.9749949655635,43.1699528804416,616.409299150876,322.590233195683,,87.1257284847504,0.861521937911962,io,medium,running
7c452947-6afd-4c97-9c30-2c4de3da1644,7/4/2023 5:29,11.5703233327093,86.1556259214101,591.956254909899,329.532151701574,8698,94.9175384595365,0.895609580588964,io,medium,completed
878d54f2-af6b-45af-888f-fb5e86a0dbdd,5/17/2023 0:27,57.7140244020341,50.8205644894406,,394.158806445342,3699,65.3213240480125,0.159447882413297,io,medium,completed
8eea59a5-d54c-4bde-8b14-b14706c9e955,1/8/2023 6:32,69.5270005904686,78.3687383992429,359.981425638137,306.865839750255,2788,61.6131231372466,0.0245768179416954,io,low,running
f9110b5b-3d36-430e-8cd7-4717d14a8f10,3/17/2023 14:02,67.1957140595822,83.6012212799535,570.840493589694,169.658785941369,7598,,0.562947247353959,io,high,
,1/2/2023 8:41,94.8861020720507,76.9725850075204,427.27599761603,167.120151918516,1475,92.8464452897603,0.603425676229042,compute,,completed
d4c5a84e-8177-4040-82ae-9feec6fce9eb,,0.270321389350269,31.0770681516228,853.661498782043,493.673515042594,4189,44.9229444437436,0.929652676158004,io,high,running
24189ee1-6bee-4dfc-8778-7cfb81dc6e44,1/25/2023 12:24,64.7196653894036,45.4451681469554,34.416203638577,52.203216846718,9567,47.8922404278656,0.800308134739499,io,low,waiting
b691d7fc-e9ba-40d0-9ffe-ad0b5343487a,4/14/2023 13:57,60.0392237097639,28.1109053453115,499.601000894482,125.228059722398,9891,36.492273082921,0.12102889215682,,medium,waiting
26950738-e67a-4a51-b9cb-5e05af8c928d,6/12/2023 21:23,58.8739609970288,43.7766199991252,392.973954369555,496.028170366839,,10.6840842838784,0.323484385576386,compute,high,waiting
1db85ccd-50a9-4dc3-9810-18b0f5b1cbeb,4/25/2023 18:02,96.2770319840242,20.0563943206159,190.932596402932,,4210,2.21618209854871,0.540262289238362,network,high,running
d6dbf665-75c2-470a-89e3-1a0612e6798d,1/5/2023 4:56,1.68716733700396,91.6099507333544,175.699424673576,387.553004413982,9027,73.8059570216464,0.265696414134022,network,medium,running
f7327c3e-4efe-46ed-a164-76b26204e1ee,2/13/2023 21:57,69.648243070145,4.04279668266625,237.401053079064,243.757901659125,8534,16.6340515108037,0.733344391521112,compute,high,running
dd17755a-7f75-4a27-b610-ac398d85f20e,5/26/2023 16:51,81.3678649701863,94.1727217886849,39.6050743037704,30.7639341083847,6851,38.1693861036117,0.0975101147271531,io,high,completed
7717c976-90cc-40b6-bf9c-4370d3771a78,1/31/2023 16:17,50.9807196621584,67.5380789945034,149.485907385389,195.040711768843,3704,25.6790282111716,0.750948809880582,io,low,waiting
322c9ff1-df91-4ba7-be69-e6cce4cf74df,6/15/2023 22:19,33.3964869596809,51.4799379243893,240.258081910381,152.160669661104,4019,,0.209680567900659,network,,waiting
28da57b3-ce70-4935-9a2d-4a78ab925e56,6/27/2023 15:06,,83.523064857524,497.545028813649,374.465810562963,5486,79.0740809360033,0.286408034807615,io,low,waiting
6568a80d-9516-498b-ad84-d2ce3bce3fc1,3/10/2023 10:51,9.72429256324246,27.8586559206269,213.21101375094,498.548608466139,2154,77.5773134417761,0.943795433320055,io,medium,
f11fa222-87ed-40ec-be83-03df35b1e94e,1/12/2023 2:57,44.2035637729925,76.7200520729585,160.407146218664,127.214564310542,179,80.9540415700753,0.438932990444245,network,medium,completed
c6131565-4cbb-45b5-b7bf-fae7d08a1579,6/24/2023 12:47,,15.3162832320463,396.011490825594,,3421,12.4438922346658,0.384033102495959,network,medium,completed
383f256c-2aef-4263-94de-71ecdc4e37be,4/8/2023 20:55,69.3956410934547,47.536663905701,,247.25675848214,6814,60.3079950094572,0.323503902148545,compute,medium,completed
d957d2cc-53f4-4bcc-9541-f41a0890eee4,3/13/2023 3:53,9.08857320324094,64.511983905205,75.2979371085085,162.318344776339,1164,12.239366891664,0.216978476702133,io,medium,running
f896d503-c993-4174-8d3c-e5c7e1260f4f,,22.775950153786,7.46475440827317,,,2933,,0.291211456273009,compute,low,completed
1265757c-289b-4245-b3cb-9d8c7968cd35,4/27/2023 6:52,41.0301562690125,67.539578447709,486.925778558433,175.005090551024,9953,,0.636851864715318,io,medium,waiting
b3de54c7-afed-4169-a11c-98c1b188a52c,4/18/2023 11:05,62.329467302013,48.7626205710671,404.325486932468,160.220319867319,4942,59.326791834525,0.272852996654543,compute,low,completed
b30f943e-801d-4a15-ba54-72744d768b82,5/28/2023 14:56,88.6960781217417,,190.925893840857,14.5354462368333,9814,94.2232933745818,0.0917377980957953,,high,waiting
3feb1402-ef53-40de-9634-84be489c9dda,,61.8826168241376,,,49.0276836251539,1377,40.5725568727657,0.421378650810992,compute,high,completed
415b0828-111d-4db9-9c0c-393cd0a0c13b,1/14/2023 22:46,13.3461470934934,98.3125085923072,465.109380825256,182.045434627418,5522,72.3678608949611,0.258338612853016,io,low,waiting
3901d630-cbd5-480e-9a2c-7ac65f13f294,3/16/2023 1:50,98.0580132787282,77.3293826803797,958.084354384009,131.388242191659,8650,36.6195894383663,0.290014666901998,compute,high,completed
a85c143f-fac2-446a-bbe1-bb7e185b44f7,4/25/2023 22:22,87.1785734755492,74.0851464573596,356.815508232921,307.723845780509,3889,92.1032675445154,0.253624327767448,io,high,completed
261fcd82-5ba4-4e7b-90ad-d7920664f475,4/22/2023 2:29,50.2720761145324,84.8546439982686,166.843175010974,358.415010695928,2461,68.0141577150849,0.846069325784985,compute,medium,completed
29b225a3-eb69-4af4-b941-ea7fbf4e91bb,6/11/2023 18:32,92.2347981796633,24.2562223504463,236.93847616692,424.54595211222,3747,,0.234104836552395,network,low,running
1dbeb0a6-9e9a-4ad9-8b23-bf5084b5354f,2/8/2023 23:07,54.1380793757135,5.16254275966632,92.1079149608393,435.888915346612,418,24.21609096622,0.146130838993493,network,high,waiting
626403f3-0045-4fab-b903-62aeacfe5a72,,92.3306067889163,77.1249011419158,,217.320695069829,2325,,0.872846773195232,io,low,waiting
0e34fc10-fe9d-4787-94cb-ca26fb9626f3,7/10/2023 20:03,82.9897368603343,82.6804739162652,804.052019936349,,7798,44.2240268422156,0.722063377562059,network,low,waiting
d8ed2084-9688-4a3a-949d-acc9353c7765,3/2/2023 5:14,,25.0362300117844,52.8658501445842,247.930983456443,1869,62.4448859351772,0.417585395998702,network,medium,waiting
534644a2-81aa-4bcf-94a9-cdc74fb43a09,1/10/2023 10:47,91.9782810778158,30.9885788216107,210.766579627259,167.793274556122,3377,80.6328715759984,0.277036367961935,network,medium,running
e2dd800d-52ea-4a8f-8441-8f5f5fa25d2a,1/5/2023 17:42,3.60338174285694,62.2818618023726,946.082685123274,77.0466642475149,9355,76.3543642478007,0.620884665391082,io,low,running
7f0530e0-b293-4d76-aaf8-8b220fd569a5,3/5/2023 4:23,17.4772004160939,19.2323409235258,8.36759643044171,139.976033439777,7681,76.3961698504153,0.0491042861710887,io,high,waiting
c1251104-f9f3-429e-95b6-712299ddd1d9,4/3/2023 2:17,38.9134677101185,43.6115035946091,302.780043671014,327.581242974346,5921,63.1443898256621,0.564441758373736,,high,completed
18d6a1d4-b46a-4f40-b167-71c90aca7d4b,1/28/2023 11:37,95.214269729542,32.5093426415693,144.826364863598,115.165305471713,1713,91.9962492736095,0.709280565498544,,high,waiting
69ff4c2b-21f0-4665-8be3-26ee373940d1,4/19/2023 6:55,30.0028919475929,86.7141452088097,353.12346602564,482.409134628047,,62.6636080264796,0.0835749544966719,compute,low,waiting
b7436c77-c020-48d7-8687-8801f9bf9b0b,2/6/2023 4:59,16.0467643887601,52.8967052539943,717.626792660302,52.4473659245277,3244,40.9766666191716,0.539911174369148,network,medium,running
22cff443-0426-41cf-9a9c-cc99d50fbfbb,3/4/2023 13:55,88.630466608656,48.683544155519,897.21826252362,,2645,22.5966188276609,,network,medium,waiting
8584d428-43be-437a-8bda-ec2e7e234236,1/30/2023 11:52,44.6394415483202,73.4037612439596,170.196045076443,405.399310035178,,26.0232930702081,0.0824867291053317,network,,completed
641e65b9-4448-47ca-91f5-530e213b0429,2/6/2023 20:47,90.7875594354326,23.8717706441228,351.928914668005,453.175265529553,,67.9638331447442,0.955793266296622,io,low,waiting
1a661ee7-30b6-48c8-ab49-6d0f4e91eb7b,5/14/2023 18:02,16.0230466320143,76.0747446922163,641.615056565688,225.572189528147,1403,62.9277639640522,0.124468373695718,compute,high,waiting
00a00fe2-3cea-4b24-a665-85216bd50705,5/4/2023 7:48,66.1117511508099,93.201927867303,,413.814928169827,8171,60.7736608593197,0.112872709194938,network,medium,waiting
af61d41d-db8d-4d8c-a491-f7198a094c7e,6/19/2023 5:20,44.0263752829491,72.1839212881021,716.404353846616,304.308833448978,3105,52.0895391237626,0.942096419790027,compute,,completed
7e5c61c1-c0ce-453f-a47e-0b92516b242b,6/10/2023 3:46,,48.3478772109619,198.307854197983,252.396145518008,5400,63.5921185824897,0.784016951859909,network,high,completed
a92a8ffc-44a8-4be8-8df7-312dd2f6a28a,,69.64631446525,61.7505340201463,867.951903912399,83.055087113553,2268,65.1111109173573,0.450845555454052,io,high,waiting
146cf656-762e-4c31-beca-4d4391083b94,5/17/2023 17:41,24.7398755539153,,675.949237173319,484.103598410383,7053,75.8201486803478,0.764627284595277,compute,medium,
99352eb2-3d62-4e89-bffc-d5816a0c9de7,4/23/2023 17:20,3.96155225795177,99.9711893323227,419.109089689148,105.781061678564,3901,85.6299426550867,0.626928319614716,io,high,
fc3023ab-4bf3-4279-b37c-8d264e1ae211,3/3/2023 15:45,5.99442982495732,4.0208519495835,,167.399287954984,2064,23.6325934825551,0.784809741494802,network,low,waiting
e51e44f4-f5f8-4074-b851-afad8379a2cd,2/12/2023 11:49,6.10785370667873,,581.395019132453,178.654374578135,7890,41.8706315771575,0.128558715925937,io,low,completed
a073e1dd-71b7-4808-9985-27ae71242d1d,6/25/2023 10:28,,47.2634586444209,,135.33983008075,40,46.2391321413601,0.260678387845968,compute,high,running
,7/16/2023 5:09,73.9883917829101,4.01938880248818,969.016167255812,119.665336991866,1809,73.378409254466,0.967722877491819,io,high,completed
2c517b1b-2967-4649-bfba-6c38de0fb1f7,6/24/2023 7:21,89.8062357213735,29.396617641686,589.075798327832,,1038,39.0066765263341,0.41371949090398,,medium,completed
be66f050-fc94-4a60-b09f-388f91a17e8e,5/19/2023 8:44,67.2582311296521,20.4131712601774,,,2451,41.4618144262674,,network,high,completed
850f6a37-8ed1-40aa-a4a3-f2751b34a76d,7/10/2023 1:53,52.8939929030883,96.3588411105071,980.961893868548,456.050993246738,4702,30.4672891545872,0.427789849947581,io,low,waiting
,5/11/2023 11:08,30.4446364347378,43.4337693826816,862.098903751175,66.0122622457424,6894,94.0111681330588,0.620749308404033,io,low,running
8554caf7-f7ca-4655-a820-8d3cf616012a,3/14/2023 12:20,,7.63920496922234,886.330051093689,351.627357996168,3235,85.8014410105449,0.771260521132575,compute,high,waiting
,3/21/2023 18:49,36.2189058939389,7.99212988488348,663.040399637861,29.5433405961469,4928,89.1966881115071,0.596529486579755,io,low,running
6f764d2c-3778-4c33-8fee-c536778bdea7,6/9/2023 11:51,47.0648949213909,64.6890796421794,683.180971053621,153.980822979802,,43.2380155275614,,network,medium,running
83fa38fc-9878-498d-9dc3-f61e445d0608,4/26/2023 7:25,37.8245174923461,,251.868406614234,401.6851363593,5592,3.39797819970882,0.35597616009969,compute,,running
a2c83588-a08a-4f63-b745-0ece5c5e7874,4/18/2023 1:12,97.9526929335458,74.7278472714993,596.058931504338,31.5529739930308,9358,58.5266381911612,0.652197864955311,io,low,
,7/19/2023 16:37,17.4658385395005,16.5569026136171,574.445301509227,113.174416159084,1716,59.2503230362422,0.413114779166318,network,low,waiting
1ca3ca4c-a990-46e6-8652-789513455071,4/4/2023 21:44,32.7988000908079,31.7442539731152,821.993344153938,448.885327239572,1464,82.101334063386,0.896463178043667,network,high,completed
0f6babf3-059c-4c8d-9e8c-2c1e4d084eec,5/10/2023 5:18,68.0348666015001,60.9629630402091,198.954480608538,178.461811156732,1907,,0.987280380761357,compute,medium,completed
5a5aedb3-c4fb-4fb6-b533-06a4ad9ad498,7/10/2023 7:13,6.32076183386306,73.4728016234614,738.130388046091,89.031108473082,,,0.0284446859846115,compute,high,running
9b9b4925-b9bb-4b05-9e78-434006c86ba0,1/9/2023 9:03,60.7249374011541,76.4593927269605,758.934085421189,135.783013645748,2382,82.9478236563464,0.290709981113607,,high,
606d04b1-c244-4b19-b349-5ed2c354a0a2,1/7/2023 19:38,,39.22863222308,285.861319289925,313.570130476623,4939,,0.000329933303430896,network,low,completed
f7b8181b-0580-4385-95e4-69b06346e900,5/3/2023 19:21,28.3999976762101,56.6729774819124,948.715442007844,386.432967581456,3058,34.9211535760925,0.404891996133106,network,low,waiting
846b9e64-801a-4631-a94e-3729befcabf1,3/30/2023 1:14,23.8413280924058,53.419048920303,316.739237314877,470.278290455216,6253,36.650011742102,0.905368488741911,network,medium,running
2bb6f844-3ed5-4a38-8c3b-60a2904acbbc,1/16/2023 5:13,51.4512743298756,50.8835853163613,436.920130412708,363.608429313832,,44.0643118328966,0.495573147749079,io,low,waiting
45b0e3ba-a73c-4f59-a06f-69d249ed1167,4/28/2023 2:59,36.7927580537041,,148.949911064713,57.9294072454607,3073,24.8849564486283,0.0401158006277344,,high,running
de336802-b539-45be-8928-01fc6bbca3dc,6/15/2023 14:45,,44.6827169971071,31.1926367564764,239.542186115316,,86.5438738559696,0.28935924426518,io,high,running
,,33.7477381764239,71.5210278008184,857.06112947295,300.11295869248,2254,64.2247420751743,0.996679022687795,compute,low,running
2294bb20-cc8e-4d8c-9bef-28d7797702d6,3/2/2023 3:55,97.0493693595977,96.1727485205488,25.623077589517,270.107719068022,6170,,0.00966804382446751,io,medium,waiting
43e3dea7-d0e0-43ae-b42d-91ac092ac90d,1/19/2023 6:08,13.3439431745604,67.2771135477562,767.737884025569,160.080529531921,8981,32.6148768827715,,io,low,waiting
cf824564-f1de-43f3-a08f-6c751a59ddaa,2/18/2023 18:39,9.68039531783742,93.9887177826706,,264.96075487063,2829,63.7128954660082,0.861386442008289,compute,medium,running
b112375a-ae5d-4284-aee2-53831e5e4e1f,2/9/2023 6:01,34.3391728790916,41.1614600527263,799.450264652544,309.728584785791,3776,,0.744944383131936,io,low,running
8082e783-4ec7-4d94-b4e5-6a032e3271a3,6/28/2023 17:58,59.1026900870491,2.11753352742121,971.867578655051,98.6074545912003,1647,98.0374204299677,0.26311878175826,compute,low,running
dc83146c-6ae1-4e41-bac4-33dc393f9425,1/19/2023 3:01,65.9176471850028,,502.004463377615,255.430150146374,4992,0.0026540422573773,0.345244136508422,io,,running
84c17611-b39f-4bc8-a334-355780dabfed,3/8/2023 18:08,39.7256747168042,12.6510547492439,913.454299867358,105.51001167124,,,0.752221486319022,io,low,running
,3/13/2023 20:46,99.9277993922171,86.1094041256002,575.769159777847,,4657,91.4197217754763,0.405087172540822,network,medium,running
d9471a71-9c23-41a9-a245-b41ef92abd0f,,35.1892996193042,,718.983030087139,84.9382846857134,527,31.9451471023983,,network,low,running
,,72.1406667959952,85.222739210453,,24.4547022467541,8593,89.5117937859359,0.0852012281241119,io,high,running
48b9d81d-a6a2-41da-aee8-8b4c61f6d6b0,4/5/2023 19:40,63.7582694530792,35.1618787003085,715.536035521408,370.466468570663,1828,7.27289529343739,0.933394189706413,io,medium,waiting
4cb8ae18-3dd3-42f9-a82b-e26ce8672934,7/12/2023 8:30,81.305386324746,49.8503845445095,406.39506097676,370.294119765493,7408,49.9786994132793,0.102210737977443,io,medium,
006485d7-bf83-40d4-96d8-56b963fa16db,6/29/2023 22:09,97.622566345382,49.0149307639652,11.1304804832292,234.49153216434,3150,20.055040228843,,compute,medium,running
f2dd882b-6360-4da3-a8eb-ef04b62bdc68,1/1/2023 17:28,88.979365644554,46.0882255619783,226.765621241627,154.114250353469,3415,11.0930200704658,0.836159289660861,compute,medium,running
5cb96c69-32f2-4a61-80f2-2bdecbfe1bf7,7/14/2023 7:11,,39.6093304650123,64.7275546860904,221.844388370607,5088,59.2606039373658,0.237340316043795,network,medium,running
51509704-6b36-4ac9-9b34-26320f492988,4/8/2023 7:50,69.824847781829,24.9058706430347,729.234190561073,58.1054058325705,5141,56.0600092967224,0.668632947265741,io,high,completed
84847259-b03a-48ec-81d6-4899bebe52c2,4/27/2023 9:05,33.5498169675899,72.9184714787496,646.142630179585,179.237377951918,5490,78.9773431875445,0.917813184674207,io,high,
c5016378-3f06-4ef2-9f10-663577b91351,,14.7685578206707,9.35507173434532,755.356213501687,375.00805873917,7863,,,network,medium,waiting
234cdda3-47d3-4102-ba48-32ae9c47b9bb,7/14/2023 17:28,6.26360030598097,70.5245714016224,153.091039057173,354.898178432652,7916,79.9615232355319,0.31139694755516,io,high,
cb906d11-6e42-4a84-8130-29e6d3eb688b,3/8/2023 19:16,24.1901704201484,76.0355459486004,179.799153273049,120.800581732057,8923,28.5409581358259,0.0512828338075267,compute,medium,waiting
af0d1bc9-4cb7-4463-8d0a-340d2f5df2d4,4/23/2023 2:10,43.2281481181298,,898.761525507762,,2426,36.3609358197607,0.16550513948243,compute,low,waiting
11203bc1-e593-472b-ba3a-96b5016e096d,4/6/2023 14:33,52.1996273629982,53.0418306948732,914.849646614231,441.41526671713,2009,40.9225391345859,0.437726753365982,compute,low,
f9fadf04-3137-4fcd-9acb-43f9b259d8b0,1/22/2023 11:22,77.3083554054871,73.5534231488647,25.7227880714526,420.259773439246,7431,50.486827811184,0.958898061772637,compute,,completed
34621914-421b-42a6-8792-f6da3ebc51d0,5/5/2023 10:23,95.8740923056593,71.5758020838752,382.761401311763,135.91737962226,5498,91.8410217158316,0.30877684232126,network,low,
8b078c54-f036-4738-b539-68cd90ddafc9,2/22/2023 18:37,11.7320480384811,26.1563875199432,531.816025272006,464.405071144463,5677,56.3239660101786,0.577716658164237,io,high,running
9e07262b-d7c7-444a-8f6d-c3460d61eb5c,6/29/2023 11:02,10.7004140193791,56.920437320769,627.244661043435,379.526217142461,2984,97.2267666229575,0.797888187044179,network,medium,completed
72a51630-48f3-4110-b5ce-ef3ae69dd8d3,2/28/2023 4:11,58.969472301355,49.61225299689,741.841702361066,99.3523470874462,9885,94.241213451136,0.0690935445010464,compute,medium,waiting
a729c20e-87f7-455a-b33e-b694dcf1ee2b,,74.5398073947293,78.1712523868572,512.052383495594,159.040929410217,8766,79.7921678785514,0.15180154858727,compute,high,waiting
54242d23-9113-4e6e-a959-86fce71eed6b,4/10/2023 15:07,84.8150380346984,,707.790722935433,495.55454119362,911,,0.148245691925662,network,high,completed
9ecf5f52-f606-484b-b272-fa48e273576e,4/26/2023 11:32,93.5832080216788,30.4483089919554,920.990781152598,457.387218133539,3403,,0.979783905352435,network,low,completed
a29bd465-d467-4937-86e3-f2d0717aa96c,7/7/2023 18:09,98.3426242260642,23.7167114341295,708.021209273458,388.334417965982,7786,34.1989989387549,0.144948599632386,,high,running
9ee86789-b3f3-433f-a824-efae1d101b88,5/25/2023 4:36,39.9801692224525,,977.165304859856,272.512304930277,4558,68.5350973815043,,network,low,completed
b239f9a0-a89a-4a82-a77a-981e0d2cc086,6/28/2023 5:21,38.0335183527573,37.354006056136,840.056560309094,,7044,46.7925454681014,0.875180197666611,compute,high,waiting
9ba6c464-9979-42bd-a2b7-f13dced48038,2/25/2023 5:21,14.7808676697272,52.5162189535064,714.345156288507,305.040643629397,6916,21.9958753408008,0.107374921196589,network,medium,waiting
6e7e93ef-3bb7-4bde-8b05-6d8b07a80862,1/14/2023 20:33,,97.1855767101903,768.784773396451,184.605793223045,,97.8937735845761,,network,high,waiting
6a02bfe1-9dfb-4ba9-b772-3e978cfe979d,5/5/2023 17:59,,76.0510926701057,94.9389257697964,6.23453889707498,1624,65.5856570772476,0.272598907432209,io,medium,completed
f8fcace6-d753-49ca-ac9e-2b28b7bf6694,5/4/2023 1:13,86.2062595851207,17.6718336000067,919.614810906944,,182,,0.279726390361589,,low,running
e98bee2b-3ba0-4120-bea7-17418bf73a4c,2/26/2023 15:13,9.72579947876406,89.1838346361555,796.073975437754,157.642721526277,7374,,0.0341234762559027,,low,completed
ddbd7a5b-8e96-4a1d-a9d9-969cd6760aea,5/1/2023 19:42,49.7776907825341,54.627479761622,902.179506484165,443.761996771832,3533,4.98266251194561,0.48753215385586,network,medium,completed
671454e3-55fd-471b-8df7-a2ccacf8e9d7,4/14/2023 15:28,,53.2030187480739,825.261131501313,203.413159166375,405,,0.658363045716617,compute,medium,completed
56019b2e-6e7b-47b2-aa86-b94b9894c704,5/19/2023 4:04,24.1557040039918,98.4211336302084,832.533997887008,327.458683653486,7285,40.7879667836661,0.09574773911744,io,high,running
66028427-c6e6-4517-b400-f7ecd33e2ba0,5/14/2023 19:15,16.9025406129161,44.5055913993468,34.6406615222256,123.616044707219,1279,50.9154430726786,0.145887498827295,network,high,
d01c6781-ed2f-4e1e-941e-b50e19101798,2/23/2023 2:23,85.9580836419621,92.0952317530257,175.072308535828,,7954,71.6111705556815,0.0108546771149216,network,high,running
04e1a132-60d6-4c54-92c4-a8d9dd77738d,1/6/2023 13:51,5.85349222355587,81.1897715320436,449.761553413429,66.9897869426731,96,60.000172269739,0.249068376877225,compute,low,completed
8a06aef5-7182-479b-8c99-ebded0f85ff1,,,64.7791674870181,44.5813990712725,156.444002149805,7430,18.5886967590963,0.849623267809365,network,high,waiting
1ba9e8bb-bc8a-4aed-8ca7-1485627dc3b1,2/2/2023 21:15,11.5834001300885,51.5264710098299,32.25201732124,376.108760311026,,34.8162727015669,0.895843023546357,io,high,waiting
8a6409ea-2340-4446-a78e-2db3993a6a65,3/11/2023 9:51,45.7058761331367,7.78038173971571,836.503261889329,85.4313698695189,3921,46.6394742836166,0.917228794757522,compute,medium,completed
f6d425c6-cf7a-42ff-b31e-fc4ac73c7dc0,3/19/2023 4:01,97.9962326342309,77.3726488199517,538.10823210413,345.914957619793,7378,88.9080547269277,0.334399206897999,io,low,completed
5790678e-e03f-4723-a2da-b1b19cb949b9,3/12/2023 23:07,42.3706353455472,90.2097614278282,319.809169338651,382.286429203008,4839,83.2827411580665,0.0507751490037328,network,medium,running
2f4c8675-3270-407a-9a97-e941e5876df6,4/21/2023 19:03,85.7124917504567,48.0359921329537,228.466639194288,,1753,90.311258535107,0.787950685052103,io,low,waiting
5da14984-fb1b-46f1-b61d-8fb78c5b61c6,4/8/2023 11:34,11.7315564183193,24.9542095541786,861.548352582733,34.0480443718138,6172,72.8655812716945,0.0758080948669693,,low,running
,1/19/2023 7:48,27.1252076761864,,70.7574003729875,237.384315437828,1189,63.9479540392605,0.418409218147996,network,,waiting
9cf026ed-a08b-46f4-8690-07adf9a87a7b,2/18/2023 6:46,40.3792740667334,90.6717188890008,746.650981137329,240.510734587546,6920,7.55062535132153,0.00975945728012539,io,medium,completed
7256f8eb-b65e-479b-8165-8e2b2e4423c6,,39.981214000933,77.086223184691,529.423352719303,100.005758182061,1837,,0.880214778227629,io,low,completed
f7d1e743-c23f-4730-a08b-31df75e9d909,5/25/2023 4:56,67.1383478670153,23.7840247649128,,147.451434382575,,73.3425319454366,0.168892487843831,network,medium,running
f3ca833c-b1e3-442e-bece-eb02b59fca1c,3/26/2023 20:41,34.4718127375507,34.902573958467,101.50289104459,350.746978754963,6417,8.16694481437992,0.725669459980345,,medium,completed
7a540c8c-14d5-4587-9845-6bf4578cac9e,5/21/2023 15:17,71.3766868410016,17.1037535535994,428.821573375214,252.880311433493,9426,83.2329129732224,,network,high,running
3e06e70d-9290-4d37-afe3-946b8f771c5c,5/18/2023 6:22,63.9186899225392,41.7988558803704,488.697564006484,427.2324026774,,78.2229778318651,0.949182729005551,,high,
886002f3-df60-443f-ae07-ef687c6191d1,4/11/2023 21:32,39.9161145254773,54.8290188559205,562.272752889088,350.027435799091,3812,74.6816006458454,0.431506925375535,compute,high,running
c8b46413-f75a-4af5-8eb6-dde3167405b2,5/10/2023 1:46,43.1760127654319,6.30919131894344,244.848029712865,110.008837603121,2266,90.6250698861386,,compute,medium,completed
9a9dea7b-81ce-42e2-9535-dcea1a8cfa57,2/16/2023 12:44,61.452769981032,,,231.893421374195,9572,76.1601079345365,0.193450195656196,network,high,completed
d41856b3-db71-4258-8afb-bb5253335cd1,1/2/2023 11:21,7.00421901446446,27.7222606594269,469.801322846335,30.2484363848227,8257,13.3771812431826,0.377273414912941,compute,medium,completed
9e378fb6-612a-420c-a56b-40d556494b81,5/22/2023 1:27,82.240673835569,6.77987178651084,,279.894067625486,,,0.338505469652457,compute,,running
af02720a-6313-4e8c-9484-9a5358dc3c72,,65.3421161113637,2.20417141971348,187.809609378559,280.977873182048,3209,4.77431836543656,0.345548411549259,compute,low,completed
1b804110-f2bd-4db3-b7d8-27363f19344b,5/21/2023 9:57,72.6342464417835,6.47257587591403,,270.811932548961,6361,,0.913443732596999,compute,medium,waiting
0c3e076c-d089-446f-ba57-e32bfe907c14,5/20/2023 13:36,53.692300108239,12.0555154725086,128.163213365912,,4777,96.1308701805633,0.178711339669544,io,low,completed
c7337bd8-471b-4bd4-9131-62fe60e41e68,1/16/2023 12:26,11.0477110991744,32.9858119968419,,463.901957336563,1370,51.6635574213189,0.821419976781581,compute,low,waiting
a3b60ebd-0f93-46c5-946c-d375d698add8,7/16/2023 1:22,40.5035613296949,9.01139952228368,4.03759426749117,224.570837518063,4379,70.5178168041542,0.792664361741243,compute,medium,waiting
58f111fc-9730-4f57-8afd-4ad782da2b78,2/9/2023 11:31,40.5373582848556,92.6959312675612,688.638744548381,450.618347385907,3708,,0.352010256430342,io,low,completed
,4/16/2023 0:42,32.1042990043216,,,438.591712370663,7131,44.4706364921694,0.512829916432454,compute,high,running
15971562-b2a2-4c73-af2a-108a70e1f147,2/25/2023 0:43,2.99503249047493,85.651481674615,788.258014310231,28.9501856044095,8715,98.9934317166579,,compute,medium,completed
,7/13/2023 6:50,73.7254242596477,26.8205704257719,,254.053717985286,1404,74.2955266843229,0.975644267203634,io,low,waiting
2d993ff0-1cba-4ebd-9261-35da58e42dc4,5/19/2023 22:21,10.97844580625,80.8066523034601,536.768815620216,371.576796149112,2747,77.2917421043785,0.959322018034193,network,low,waiting
9ae8c303-857c-45f1-8154-1287dfb330ec,1/29/2023 13:23,,16.1148526873462,121.271845650654,324.383866634435,8118,36.9481741036184,0.95508349178455,io,medium,running
34c5b174-0caa-41fb-b2bd-e2f028c20f89,2/3/2023 19:03,70.3217496467215,40.395458722335,376.230719108645,,823,64.7316104759097,,compute,low,waiting
83d0e014-2936-4fb9-b6d5-37f64661ee1e,3/10/2023 18:41,63.4786322933694,93.6186422561888,382.544046540232,330.615578093569,6154,18.508201082488,0.944414536326064,,low,
,,95.9142251977974,,150.679885337384,496.155241137447,8538,53.4468611760382,0.0244351268417115,io,low,waiting
,6/1/2023 16:35,10.3298155085138,19.3680500364211,993.938772423693,424.185815775296,9708,28.5301459216288,0.828914699772406,io,low,running
,4/16/2023 17:14,86.7167159105199,66.5848242853735,87.5176495717686,,9741,85.7742907442903,0.883063665540589,compute,low,running
6ac304b5-6c0a-419a-bae6-936453c12c5b,6/3/2023 3:57,2.91902348489132,97.9392734344507,377.917479147284,246.146723463836,1871,55.9336277031129,0.471681877515788,io,high,waiting
82ea46f7-b637-4200-b086-6132147a7bde,2/21/2023 14:33,53.4916854927084,15.5310761604461,852.329065460305,397.319190090663,4688,,0.0982270906832191,network,low,waiting
942ec02e-f82a-4d19-919b-b955757c94d4,5/19/2023 16:19,40.4243617939258,68.4729358738545,183.684697810447,132.102371790794,5331,61.8416160017762,0.0787222042569795,,low,completed
115c0ef6-3545-46fd-9dbe-a0355e4180d5,4/27/2023 6:22,52.4183860393758,90.4951156873075,43.1778514926497,77.1562560677913,1253,,0.863098996620679,network,low,completed
b1b08c51-3cb4-429c-b940-d4ec116dbcf2,1/2/2023 10:58,36.5099877060009,73.4910622727918,745.788860094559,296.57480357263,,83.0202034029095,0.245958321231631,compute,high,waiting
,5/1/2023 19:40,19.0566914940068,87.1017013883787,614.392271190821,447.201119384047,3917,5.74027202718681,,network,low,waiting
e5af0505-7869-4403-8d0d-532a1d71016d,7/2/2023 15:58,1.91228974486897,7.14495431310265,,147.35478074979,3965,42.5281554337401,0.852139720583006,network,high,completed
ff405a9c-eb2e-4e4f-8234-a598a38d4b04,4/10/2023 3:21,51.8149813791174,34.7866102965521,454.846065266599,416.782500718675,,57.7166198278738,0.680068560580158,io,medium,waiting
2d91ed2b-9869-4d9e-ac1c-1a47bccb71a1,5/16/2023 19:01,84.2776862684842,23.3771719937155,866.523123485892,110.113281317472,265,15.0632046500875,0.109149296191117,network,low,
2ac0bae7-0dd9-431d-9d1a-41785513dab9,5/31/2023 2:44,37.3215955744794,40.3266178680617,81.9360621891083,447.695372944196,3670,85.7298120007783,0.742607203682674,network,high,running
ceb58557-5b1f-4389-9485-a438f14c0c2c,2/12/2023 0:52,22.286381801498,83.3411106531242,186.98762050278,409.478020613261,,4.85803029651671,0.688606642775193,compute,medium,waiting
47945c53-324c-472e-b17d-3bdcaf77f5f8,5/1/2023 16:08,8.0532003471844,36.0550343922526,182.354018301418,29.2252738105739,1921,,0.22972280510616,network,medium,completed
ebee104b-eca7-42df-b849-555ce5086b96,5/12/2023 18:57,,14.5296479830154,649.015878253325,85.9392805556295,6858,80.3497602647864,0.662168564718468,io,medium,completed
c2e4717d-9255-476d-a62b-5b16785cc39e,1/30/2023 17:56,22.1396446292772,61.2899980489881,762.959805947782,141.941273902696,6674,16.42900692377,0.83696745603763,io,high,waiting
ae45f0b0-0d8e-4487-a5f1-e383b0d59511,2/1/2023 13:04,10.0014060921555,94.5626155245243,764.333446085599,44.0485320045823,6166,48.8591249994876,0.130903805370878,compute,,running
08cabc15-4c55-48de-80a2-1af4ed50544c,6/22/2023 12:53,26.5039698364482,52.2720157686822,503.956037002034,6.20484026183371,8964,20.6283709475954,,compute,medium,waiting
6858226e-5d74-4702-9fce-61acc6df7503,5/21/2023 15:51,6.61494621169547,32.588556122655,986.521844801662,379.583109239882,,21.5776017925709,0.72076748423144,network,high,waiting
ef9a6be3-9128-4f1e-a75e-8ef816691fd4,1/28/2023 21:21,6.56048672099256,19.428697636122,269.959207433893,164.962402428206,6126,,0.519627645507615,io,low,waiting
472fd2fb-e3a0-4c76-89f2-e9dd05e12916,5/5/2023 13:51,85.6276179622782,98.5917730886331,887.711114044826,388.511679238981,660,49.0189074693371,0.0371173264985074,network,high,completed
d85a61aa-9acf-4665-bc88-8ea91e043689,,16.2120260708833,61.0262826456693,555.292523982777,475.79275885296,7204,50.8519282884322,0.743188609963451,network,medium,waiting
42250e5a-58bc-46ec-8a7c-595b0f51feb1,7/9/2023 6:11,,57.9400075187718,615.321647884064,2.40992821953617,5529,,0.769552986261864,network,low,completed
,5/27/2023 15:06,77.345554444903,47.9371343670547,601.979007000235,316.134217480383,,2.07134263775377,0.378760666173504,io,medium,
,5/30/2023 2:10,45.6409565339066,33.7777239331559,587.163608003095,93.4676091732654,6647,50.1081226520578,0.0121337588055947,io,medium,running
f6462815-0ad0-4cfd-979d-5ca855e7a65f,1/2/2023 20:30,15.3368877859345,52.038743054745,,120.945013394773,8470,46.7639891687951,0.270366184458263,io,low,running
66ea9a42-f8fb-413a-9b97-c6b308961845,4/4/2023 8:02,19.9596142120114,32.8887146706429,166.844394899488,80.0205428006854,1595,15.7442608219145,0.0118107179631127,network,low,completed
f61a9811-3f08-4304-8c39-172a81e711e4,5/12/2023 18:14,43.298420628118,13.45055588315,662.705038157961,315.181957208674,800,19.99081266518,0.604192261988425,network,low,
3cbafd11-6ff2-4829-9be6-50aa078b923a,2/14/2023 9:51,52.8234089178535,79.2891694367161,705.633581432676,38.1159480729079,5878,96.2502714362455,0.100149106849877,network,high,waiting
a659073f-926d-4c4c-94fc-c864c68ad120,3/8/2023 19:52,34.9440292048534,51.6764080978046,931.439796433322,292.775296438824,3240,36.14794353808,0.185004125700551,network,medium,running
b2052b62-928d-4d5b-b21b-601523b4199e,4/12/2023 22:18,78.1479600234661,96.7071581441376,644.782378982015,369.597354277442,6574,6.13195597851986,0.900815954708321,network,,completed
,,75.1021648856398,94.5953840163859,125.929425847533,403.943227445,,30.6233378300423,0.914449756712027,compute,,waiting
e15e82b1-c655-432a-b4c1-5738bf51da0a,1/27/2023 0:56,92.7211807373118,17.3253799724431,198.813797473853,176.6965259523,3413,82.9617129692309,0.334059695188294,io,high,completed
031f8d52-0c01-4cda-8ffc-228cf8620aa6,1/8/2023 20:18,2.89525490269605,34.4055909169969,266.644453685621,189.046912847939,7866,49.5902518901882,0.234528971151362,io,low,running
b20c173a-7fa9-4068-8dc4-4adad0e98a30,3/4/2023 1:14,89.5691291210203,61.7208407991611,550.531018473343,340.681082753778,763,19.0886970060969,0.869534997440329,compute,high,running
acdf7296-a358-48df-ba38-f7817b1c60fc,4/23/2023 19:51,,31.0582620692642,780.756913078611,424.441660619589,7013,42.4724244879,0.470118984535037,compute,medium,completed
9e9675d6-ecd0-4afb-b397-af9b6b50ea46,5/25/2023 9:59,87.8372495379994,94.3370026586506,343.987665906985,396.309408497698,4209,57.1140136463087,0.0120227446808579,network,high,running
,,69.0784776156529,47.2819823287854,619.786027381745,119.900884344583,2349,33.1112713470199,0.536229046597218,io,high,waiting
,3/7/2023 15:12,98.7348757073968,28.8290363384015,153.817083311872,220.146906944882,3196,39.9003901754958,0.364901073813063,io,low,waiting
282b64a9-d92c-4fa5-ac58-2515b6dff637,3/2/2023 7:39,75.9282451716668,82.0448771189729,22.1614850562831,193.461038666415,3315,,0.735556835160542,compute,medium,running
e2e8131b-a481-4153-867a-d0b7ffb018e5,5/7/2023 19:35,36.4544625996786,22.1889519557435,,18.1683693505449,2965,,0.427687306863922,compute,low,running
b99ab33a-4564-4c15-b00f-70635c798173,2/24/2023 10:26,50.1063172834752,55.2172792460608,677.646314586265,220.616738658688,9056,,0.0580428993811937,compute,medium,running
,4/5/2023 18:25,37.6389155194351,37.4302058475921,984.425316296409,34.1412374762943,6288,1.31172726581902,0.719834786658804,network,low,running
8a08e073-b8cd-4ba3-adfb-71d0655d3af5,1/28/2023 19:55,,3.14930956985519,811.621163822847,,7104,90.0165717004478,0.430887441208897,io,low,completed
a36ea834-20fe-48fe-9fe0-c24e357eb249,7/6/2023 15:13,26.0904499381059,91.0712082584849,662.91051948109,488.257202359954,8331,91.8076071035569,0.280421392471393,compute,medium,completed
bdaa96c8-4243-4b5e-8adb-ce715da36cf3,1/29/2023 8:09,49.5970295373469,73.4569061128362,930.261263180201,441.123121780013,,93.7717257610705,0.0436395468769079,io,medium,running
4f18b75e-3cdb-46fd-b23b-f9f0dc879eea,3/12/2023 1:18,68.1739945069361,,552.366479675337,236.946779875442,6390,33.0005129077842,0.898601815069041,io,medium,running
2791259b-3142-4bbf-8061-ee0b0e62e611,7/19/2023 19:34,27.7340271305243,87.7964661517033,594.203260737243,133.267544314947,,87.7853853745556,0.0213141444692371,io,high,running
53de33ff-e4db-4993-a21f-50dae6465eec,,52.4379811077219,10.5763251666968,973.658586278694,85.9148569082379,6885,6.37124712727136,0.13001950160778,network,low,completed
ccc87a35-c79d-4074-8605-d0ed6cd17ec7,,11.7380294170557,78.0662044526078,257.668202043005,,5012,89.1756371466709,0.645433307508329,network,low,running
f7d1c6b4-ecee-4197-98db-7822ef23fdc7,3/15/2023 21:43,15.9845286854191,90.7395052495061,268.050008679799,438.868228423693,5855,,0.414891355200047,network,low,running
6b175b53-da34-4d16-8069-a97c897619d7,1/26/2023 3:52,4.68063547121887,,666.646742347425,281.69130818803,,25.6854895473623,,compute,,completed
47940c57-c38e-4c93-bfde-2f704327f1fa,3/15/2023 0:21,97.0731442770632,5.76884494555882,671.835011996357,,2042,23.2310556463157,0.26861692895897,network,low,completed
a51211f6-b582-442f-8fde-a6b8f9d57418,6/21/2023 7:58,0.386035151026109,68.7848349682345,364.231766239172,75.2316282392646,3907,,0.993753293638534,io,high,waiting
97a93fa5-e129-46d5-9b65-f0437f98384c,4/3/2023 0:13,17.8579968057656,68.8749145060156,104.726834737903,211.741164337413,9299,3.88035894229336,0.755170751749734,network,,
9dfcf7a4-673e-4e7f-b1b8-ff9f316e4fcd,3/3/2023 20:06,,,,262.880032120868,4255,84.9886414498833,0.380392905978597,io,low,waiting
f580c60b-d028-4899-9b52-759f2a092fbb,7/14/2023 5:26,8.13695988533053,67.3125012632425,788.204710633345,381.014748108762,4290,2.8536757313005,0.601707476799843,compute,high,running
2e42730d-9476-4404-876d-ad6d140e0f49,2/3/2023 5:45,,9.58847297186148,447.750188931576,372.643037669954,6002,2.96963407899386,0.836428505960806,network,low,completed
,5/16/2023 17:18,71.9620157842288,18.4873403215013,432.190084907424,292.091511167699,1260,39.7776908909028,0.90335907613021,compute,low,running
,6/12/2023 18:56,96.6389971437893,26.4553824738141,618.921844928576,277.065988380469,4418,52.8639534185465,0.996496661808652,compute,medium,running
0af0736a-006d-4ba5-a29d-2e6cb870f3e1,6/25/2023 0:04,50.7635547240764,54.084687078334,716.343456253769,129.977521079203,,30.1523478193798,0.242388857747823,compute,,waiting
c6366416-8a94-46b9-984b-2d6470fce6ab,1/31/2023 15:40,30.0403683158487,84.7623126467841,955.181342801762,380.65143792486,9776,69.5595096658844,0.74055925758977,io,low,waiting
5628fe7d-932b-4673-a543-56efcb83b320,6/30/2023 0:21,54.9500572795271,94.6806553634877,903.32252908027,378.146059116845,6489,3.05909900220973,0.747455816047563,io,high,running
4729c8d8-2619-4ba7-9ae3-0e61da164a89,7/3/2023 11:23,93.0818717297973,44.6855598022645,420.173824657208,470.382703539684,7831,,,io,low,completed
0d0aeb3c-8db1-4b21-86a1-28a51a085004,6/1/2023 22:48,52.076143724186,4.43386587078603,371.063567637193,356.025982495614,3165,96.889572115921,,io,high,completed
,7/14/2023 20:35,26.7207031862318,69.7248462488037,103.375385858937,468.928361407176,1286,3.11937829653204,0.341526538512752,compute,low,running
9cb3e639-9a62-41c9-af6c-f9f6a7c348aa,6/16/2023 14:36,87.7398789174119,14.0121621342899,243.824833788605,106.722114132721,8312,53.6060750629304,,network,,running
4d995ecb-c2b7-460d-ba93-77adfabadae3,2/18/2023 19:23,37.1918748512461,96.1128965869971,579.952320615057,97.5724892331023,2309,83.5768073552072,0.576391118439301,compute,high,completed
b5a35a40-21bd-42c3-9473-d3b6cf26fc7e,5/3/2023 15:18,0.138334999899913,72.737817912316,,255.194113076075,,,0.683627276766296,io,medium,running
,5/6/2023 13:48,24.7685022492315,92.7211761611719,482.777860436439,350.844822414593,8029,87.342203923115,0.529921676373492,,low,
2f326891-3f8d-43ce-b204-1d313f5efda0,3/28/2023 13:57,31.8233509177062,,425.834516837287,22.4902631662941,9108,52.4887869830075,0.669342746342774,network,low,running
,6/23/2023 20:58,85.8777468231902,98.169392483235,243.705686364796,60.3666045073716,9307,47.5014923877102,0.342071913715438,network,low,waiting
0a754258-cf3f-4197-bce2-ac4d4d082d97,7/17/2023 21:52,45.8503167066445,27.6268258113701,21.0409637569793,467.689013653659,6256,89.4662932321656,,io,low,running
d2d0dd42-63b4-4c76-9b67-b10f3a31e257,2/3/2023 1:06,44.45872878113,80.0691359526642,,241.834394059352,2011,12.2740496458647,0.113368746541339,compute,medium,
c8aebd81-fa18-429e-b232-14d58fcb4313,4/30/2023 2:45,33.6102266399887,44.5945393446806,164.770992864959,481.835475885646,5425,4.21506020017039,0.649214264870272,io,high,waiting
78051588-7513-4428-8cb8-45bea8ed49fb,5/25/2023 23:26,88.0678123047079,24.770132700328,217.955709099981,237.391607485093,9933,49.4036658851732,0.859563405904543,compute,,running
dc412f27-b790-4443-a97c-22891546af93,6/24/2023 9:09,94.5026776940391,96.4609421429164,831.720626484603,2.13013631095421,5636,28.7897032702891,0.623370446112039,io,medium,waiting
68584c91-4ad5-4fc2-b232-f06a498440d2,3/6/2023 7:00,99.1890329154629,25.0116823956902,259.043942629881,102.232221302942,8737,49.2235310501687,0.861589016411815,,low,running
,5/8/2023 7:40,37.6741266960986,69.5087160627169,54.7497966135575,473.669899112881,7477,81.9669124656344,0.2692785553424,network,high,completed
35bb2b68-6866-4c48-8b9f-81fa5a00c352,3/11/2023 1:25,96.6147445627171,,63.4245354013383,480.49205628576,7701,92.7370312274638,0.870500545933017,network,low,running
f71d05d7-92a4-48b7-a0f3-6f2754590625,6/21/2023 6:04,79.1879569630901,,184.14094347609,358.709639896059,854,35.3519662513558,0.99171322035797,io,high,waiting
d7fd1754-b9ba-4a25-a051-031059b726cc,3/6/2023 9:14,67.5689147644266,30.0513192747306,592.015160789528,387.254125111245,2106,39.7488118045089,0.0755453513329703,network,low,running
,2/13/2023 14:47,24.4889479420099,2.84769646187467,34.5349569815439,175.350340895208,,57.8675165367841,,compute,low,running
e8050b60-4473-49f5-bb9c-5af8f926ec4b,4/13/2023 7:40,21.6457260944209,72.8411776673441,671.15857320827,26.7124033487865,4708,74.3232256227233,0.831947934257998,network,medium,running
6d2093bd-f9d2-4b45-b7cb-4241f0dfa2ac,1/26/2023 12:14,16.6047824521245,60.8298376918465,580.48888280483,116.659452997685,2489,46.1224798801468,0.629884268739395,io,low,running
039b8eb7-ded2-465b-a27b-ec555102305e,7/4/2023 6:35,92.2756610225365,22.0692004627384,151.844227309277,110.86862725344,1359,76.8118472199527,0.439337125551221,network,medium,
cf0fc71b-fcb3-4e0c-897d-52ade18cedf5,5/8/2023 13:52,29.4076662383166,52.1724415592953,,390.255136376432,5404,11.6728426050982,0.601703833105493,network,medium,running
0779e84c-c02c-49f8-8c14-a9ede07a8b0a,,45.3094245448878,77.8328590751512,596.546315248076,80.3986226584847,1902,74.815382977667,,io,high,
16398676-105f-4785-9585-b90a725ae1b2,3/24/2023 18:49,49.3957833987223,79.0125553979281,150.090264406538,331.737790675637,6859,94.5529986288498,0.922169654744896,io,high,running
bcc8fb5a-9264-47a6-a25d-47d80be82d09,3/10/2023 21:21,77.8171595450254,93.0622839764771,912.267615139052,447.293859506897,2619,,0.753741288736152,compute,,waiting
4e185697-f2b3-476b-b663-45c4308525a8,3/9/2023 16:43,84.4234961553024,0.952597682115652,913.735114922483,185.758609089072,7829,88.7153744805347,0.829219218243128,network,medium,running
b8560516-9e67-4f47-b578-a50f89e91b96,1/26/2023 8:09,13.9072701148612,,592.980932281989,14.8513353707421,4354,72.5393575819815,0.233375008918574,io,low,running
3525a95f-1fac-4104-b784-63959d278c10,4/24/2023 7:46,42.6904360211073,19.6707382006559,893.218855209267,410.796067483339,2842,,0.603403655965746,network,high,
eed905f7-0181-4e70-8e9b-990e6e8b10e4,3/15/2023 0:01,84.2854887835457,73.0711093320593,,406.808073744957,9826,,0.608016816915409,compute,low,running
,3/2/2023 7:15,81.8033305755838,6.51915908911803,969.779864006865,283.670353437197,,,,io,medium,running
a5f3ad2a-ebde-4e4c-ae8d-9964cad2f67f,3/9/2023 8:32,10.2413758452416,92.3168127463021,311.44073011249,276.38004621785,8688,31.5920853841779,0.550998072283612,network,low,waiting
,6/7/2023 5:27,15.6383348867963,49.5213514418452,952.589144467567,,2855,,0.987761773414465,compute,medium,running
0295d1f9-24e5-4169-91a5-29e1ad59f161,,30.4198691599407,5.92778029612857,665.862156926735,242.22046111535,2528,14.2128760000636,0.843308708801471,io,medium,running
019b7223-cdf2-49d3-b85f-3b98a8e5020c,7/10/2023 11:16,7.53590690833403,27.6855465825453,363.115481682775,304.371669907366,,22.8515814147223,0.574403501350563,network,medium,running
132d6e72-1a6c-4fe9-8568-602564984a4b,6/27/2023 11:42,,93.2893977897047,2.79426110425862,487.300374985374,8846,9.75464084463587,0.0461268135767665,network,high,
18b49fe1-c625-49b5-96cf-f6c4561007f7,5/21/2023 11:55,10.7617705149581,25.9518503478473,579.060341320037,,7967,,0.472737735052183,compute,low,completed
9bb24f88-c2f0-4927-b562-21109f4d3800,3/23/2023 9:31,56.8217593669845,66.0672911340962,752.656358614045,93.6448717520414,7540,55.2031226235904,0.0169253828571797,io,low,completed
c529f5b7-8e85-444c-bbde-6c2976eff763,2/6/2023 1:42,24.6556939811156,33.1756406681415,640.662251819786,234.720012766927,2982,15.9097359897106,0.286469709163706,io,,waiting
c5e121f3-ee83-487b-b267-558802df37c8,,59.6433065349622,,7.5858389758816,299.343549683399,,72.8926047583575,0.276955191228465,compute,,completed
e235f24a-a4fd-485c-90e2-6a834755f781,,11.7525642903637,95.6472902517974,996.297219244638,,1541,2.6568126838845,,io,medium,
59512fa5-473d-4282-839c-259d5450342d,7/7/2023 2:34,97.5883868418533,,541.247990551792,295.381123692331,6025,92.1895754447458,0.698294489622794,network,medium,waiting
,1/31/2023 3:57,,37.5194045734643,93.4985460559499,356.38572681833,3747,60.6460553517751,0.964927851915264,network,low,waiting
b3360977-6a16-4019-8022-6278f6b24824,4/25/2023 23:49,39.1796938564665,84.7457908138974,639.755066242145,288.850462083568,590,46.1975987169797,0.956414287861859,,high,completed
fde91d19-36c2-4816-a570-cdeb81d5f779,,24.2178594126085,79.0973759435672,492.986113490103,439.463199971934,611,78.8084532563798,0.611773393204374,network,medium,waiting
a9665f52-6d9c-4d3d-ac4e-d0f42f886f98,5/27/2023 8:05,,15.1793949399322,667.592149302832,163.903342000781,9437,50.3656395072509,0.989874458147392,,medium,waiting
931f33cb-6c22-4f63-9589-5b0cf09d927b,5/3/2023 8:14,48.3393535202392,56.7360905412806,71.8569113917103,357.756106072719,1151,58.1192720724196,0.839422080600549,io,low,running
829aaeff-39c4-4729-8d72-e9d82840c46a,6/1/2023 22:57,3.99928019007169,72.6913797721181,,286.633026527163,4530,60.5835084591689,,network,low,waiting
dbef7706-58b6-46f0-8d4d-5b1bae6568a0,5/9/2023 7:26,63.9705106075127,,743.458839454066,90.2421815903531,260,61.1115860457334,0.272153742338423,compute,medium,running
59a16ef3-9c19-4455-8088-bfa1bf1d66e0,7/18/2023 19:32,40.8302908339744,,,260.818657794148,,43.6284100814202,,io,high,waiting
,7/1/2023 17:47,37.7406572588887,8.40524084120597,621.454783994873,461.828766459609,947,4.58765123399519,0.679640897655192,network,high,waiting
45d35bac-1e9f-439a-90da-1cc8dd29fe55,1/31/2023 21:31,80.9364971489198,87.328563102511,590.398191812521,321.073659824946,1913,3.77886608950274,0.878425253513422,network,high,completed
5b037c0f-8b9d-4e93-af88-6da7d517f502,2/7/2023 3:21,70.903546018329,50.051291405738,,440.41862296349,7602,34.7175972118778,0.522777395689919,network,medium,
,6/12/2023 15:33,95.4333815392692,23.9673598077593,342.27569941375,402.222850111405,2345,41.615845420785,0.0349558708833013,network,medium,completed
027e4cc6-bd78-409f-9fec-de9c6ba3604f,6/6/2023 14:48,35.193624049569,38.095234747516,233.756954430467,,,98.2374644681681,0.0913086609542547,network,,completed
,,89.7542764649405,44.9231807642901,259.170568313606,382.256944674771,,11.1500749416564,,compute,medium,waiting
,6/10/2023 22:45,,,460.745993613996,165.824609428542,2218,26.949985707322,0.0451602717081291,,high,completed
439d9a98-3af2-4bc8-a204-ba6ff28988a2,1/9/2023 10:01,35.7424651594713,33.6639214986471,,360.846544557919,4517,84.648492749283,,io,high,
7dc41a0c-f678-418d-8a5b-5809877b16fa,4/20/2023 12:53,62.1665436453257,54.7368481208186,534.271905341818,429.679338064237,1515,18.1958124881294,0.799810780754471,compute,low,completed
ecf77b67-2b80-4586-b4ca-b617632e229a,6/16/2023 2:11,28.8569957651695,89.2057328776827,567.3041903882,266.221863010674,2404,4.95198883452614,0.880446095593277,io,low,running
9779e4bc-5163-4a9d-a31b-3d4150ee52ad,5/7/2023 11:59,,13.4147409152723,350.632554585093,255.715074125233,2510,1.05009264728488,0.524849437163555,,low,
22ae23a2-fa58-458e-87d5-65db2030e08e,1/20/2023 0:27,,27.1892081208471,680.772567424515,387.054213921349,5224,9.06467534121704,0.672042192620168,network,high,running
c2e2a50d-46de-485d-b620-a2bf5bb5bcd0,2/2/2023 11:52,,56.91575552571,966.24110754792,465.719821583765,8993,15.2552624480755,0.362491340659672,compute,low,waiting
7b2ee5e1-d5aa-4782-8ab6-ed5f8605e03b,1/21/2023 1:22,18.3033292079921,81.8398584036599,930.458082984181,112.490605468214,,24.1222664243785,0.121333614664808,compute,medium,completed
93818f5d-0fe9-4192-8b8a-e0801acd168b,,40.3026002404288,52.5632174856616,,462.48718893449,6658,97.5824461128029,0.970839530167537,io,low,waiting
43a00e30-2c8e-4d90-b745-ce522cc8455f,2/26/2023 1:20,74.5232960032129,90.4855997338243,21.1669652315289,212.269756331916,3930,71.6986853160729,0.414358582731149,io,low,completed
99849581-6054-4865-b471-fff084fe92ac,2/11/2023 23:10,52.690744905218,39.4194640451275,575.908140216357,97.4176223267366,8153,59.0460044829829,0.575179054398527,io,low,waiting
130793a3-5265-4ad2-a5b2-af9fa4f5cf69,3/28/2023 20:36,48.7676323538207,72.7308232900146,602.339655903564,187.145714004269,3237,62.2975097022014,0.163801991635785,io,,completed
e1d64c4e-bb44-4fae-bbb7-6b87d06cb932,6/30/2023 23:28,0.0545964896995654,83.8646552854786,963.444095583603,73.3881964512603,430,19.0522352625315,0.616191947416488,compute,medium,completed
9b302e4b-f0fe-4493-aa62-352015091163,6/29/2023 14:46,42.5401725355054,,661.2673755466,153.100346711749,4396,,0.0774712605822408,,high,running
1ab4dca5-cff1-4e55-8dcb-dfae805e47a0,6/6/2023 12:33,6.35537748361584,28.2619819398106,170.429144066265,437.575834823873,5054,13.2862582869853,0.0556001476059013,,,waiting
f7113796-dd36-49e1-adb4-872bc9caadf1,4/4/2023 10:20,20.8253252121483,48.7722265982518,67.9453012570788,,7700,90.7265019287172,0.481947930793535,network,medium,completed
a26bec8d-e73b-4a8e-bac7-b5a0dba026fc,7/9/2023 4:23,93.2393938960494,28.6824370303752,841.642118127106,453.082241690345,2367,,0.576206301925001,network,,waiting
04dc1841-0eda-465a-bbda-97927d68a275,4/23/2023 18:00,21.5398204343238,23.7308119539022,94.9595339733953,90.8371508782218,9541,88.9891739778028,0.991512964124205,compute,low,waiting
f1f4d3dc-e1fa-4c4a-a4d7-9e2fec6e93f1,,85.8337638634262,52.2996348945753,918.747207632751,486.345192598143,8812,54.5336340531597,0.580747005892691,io,,completed
463042c0-0305-4d18-937b-3c5d3351f7c7,1/17/2023 10:20,80.2893371561334,,809.44233422235,,,40.126269595019,0.433960881332475,network,medium,waiting
2222c893-683c-47f4-a3d2-7b5f0ce53f99,4/16/2023 22:09,15.9146236942242,98.6632240218354,989.583887292933,480.935713330614,1812,12.0248571542644,0.0560215018632941,compute,high,running
55e8c04f-2bcd-4adb-ba1b-b25df98dacd7,4/25/2023 3:29,60.5711957270278,55.7568271986842,669.53382866242,121.790850419796,1065,11.2038131947687,0.773834421837142,,high,
3cb4d374-3af0-4c88-aafb-e875dec03d0b,7/1/2023 2:33,11.5661871905013,84.6693628568624,567.828101977541,310.922127348903,7597,71.656041609992,0.166827753945445,compute,low,running
85810ae5-5474-4b74-bff0-8352e33ca814,6/3/2023 9:49,72.7888158369511,89.5120925291279,818.068357270059,,5424,69.7333388814435,,compute,low,running
993cec03-b221-4aa2-8dde-beab346fc1e5,6/14/2023 20:53,63.7462277372206,50.8162104194973,26.7603487689954,372.589056555897,6099,81.2366062975985,0.0521179872449993,network,low,waiting
,5/30/2023 6:47,81.1938561691019,12.4556347526793,466.32931933461,287.909536215817,9588,35.0525528894479,,io,medium,waiting
658c91c4-6a97-49e5-9992-0ac2988dde92,6/22/2023 17:34,47.9384549389188,33.9158819055158,452.821268656632,297.442131088897,7972,15.6363381420687,0.484064554250002,network,medium,completed
d1f086ab-ce58-4567-9df2-f87f5807ca69,4/17/2023 12:02,91.4863087833382,28.6339775106717,,,5266,31.8297307111118,0.0945418655469739,network,,waiting
7ba7eb86-2953-4a8f-bde8-a4a0333b4f40,2/21/2023 16:07,4.93489467884397,71.8310206602175,621.335098737781,31.7663862182366,8309,98.448046545533,0.587444848951989,,high,running
,6/1/2023 5:34,29.2888565027014,8.20469428624807,800.426163209115,411.363132131388,3517,,0.803539673145106,compute,high,running
b1e3d931-0ca7-48a5-ab7c-aa05bc20dc95,4/24/2023 20:32,71.5052597465167,5.21309928771068,82.1399774461413,329.834160807816,2583,2.46222647594561,0.366805120161754,compute,high,running
458b1629-b639-4fbd-b14d-aadae19cc878,3/11/2023 12:52,41.8109211748,44.1988327674425,122.313094961693,96.5021708439721,2266,49.4183570789013,0.291987367992377,io,high,completed
62b6c9c3-290c-45c0-bf01-f8ac4d5ba478,,17.2951354271156,39.4493346879649,392.463719755049,279.509256870987,5081,25.3498910270804,0.992639298137833,compute,,waiting
8fbdb2d2-fc18-40b8-8f6e-ad4c8dc5c160,,10.7210745428546,73.5656815682313,800.204370531523,19.1398900031878,8544,3.45209034305017,0.636317776099256,compute,medium,
0bf14d78-d975-4f71-a964-10ba2e0a5ea2,6/14/2023 20:43,81.7339111461621,64.0703837519593,898.864000730913,70.3045078345778,9445,87.5661738395598,,io,high,running
ee80af48-c498-4bba-ba39-f2994cff413f,2/11/2023 6:06,47.3142978465644,,973.461761730594,282.562409895913,946,,0.136092297373379,network,,running
21be95c6-4e19-4fe1-9bb2-2d7c83fb3e87,4/30/2023 2:47,88.2283671919107,37.2575533586379,360.092027620572,193.391938031206,8060,12.6408634768278,0.0416651642747333,compute,medium,running
7ac795f7-df32-4b92-a7a7-ce593687ede2,3/1/2023 19:24,73.3289134316726,31.346912020878,156.573804506864,201.668415220473,326,87.4269253465823,,network,low,completed
93ef140a-03d7-429a-aa63-0a4f2f962403,1/6/2023 18:32,,81.5616961923419,84.9813950159709,,9257,,0.955312821935583,network,medium,waiting
,5/27/2023 0:03,37.3511014155683,9.86785422622576,412.336999295862,,5884,36.5161126877963,,compute,high,running
d2446827-ccc8-4d22-90c5-07ea3954fd1d,1/8/2023 19:09,51.5638346651251,72.6455986306039,493.68690533081,,714,0.0358311170513991,0.397728306309675,io,medium,
13ecf1d6-eeb9-4c79-aff3-1300f2d16522,5/27/2023 5:40,88.9059953189728,67.7193117648434,633.118384448994,295.235604050355,7397,38.7816583797404,0.894101934630285,io,low,waiting
068bf33f-362b-4c6c-81e6-84e51da4bf04,2/24/2023 18:50,73.7278579714167,86.5903259812462,269.675816560246,282.458250433,2302,92.6172704379932,0.16429413040171,,low,waiting
6c1ec1d7-f1ba-4129-a1dc-4feb86f27a41,2/24/2023 20:32,0.515296426902323,9.61851237039761,,388.233092433039,9761,67.6355111412623,,io,low,waiting
b56a1265-bcb5-4869-b4a3-73b12e3b0cc3,3/23/2023 17:08,69.4157851369125,8.47773736069329,149.818646444901,293.923485464394,4706,55.7486072271581,0.329986611795927,io,medium,waiting
2613c677-99cf-42ff-be63-0c359fc039c4,3/4/2023 13:31,91.950740690582,16.8730699916433,513.039795781999,386.56742392329,5188,8.3335475003199,0.12293130103336,network,medium,waiting
cc1cf2ac-1050-46b1-b02c-4bda3d409417,6/14/2023 4:30,71.0455759504491,23.1515960773009,340.276275883452,105.939768958812,2269,25.5804316313817,0.914420462311603,io,high,running
c4bbdaab-920a-4e65-ada6-fff7c8d942c7,4/13/2023 20:20,17.7005781567495,96.934920873651,914.640690653396,107.951730734061,8582,37.4086228452593,0.618037361946787,network,medium,running
47e241da-0903-4ead-b0aa-3e55b19bbf67,4/21/2023 6:31,48.3518127427458,10.5409422555895,64.5452246370341,164.541470438098,4560,99.489788647081,0.82604457348725,network,medium,waiting
f92bbe4e-5c42-4db6-beaf-c7e84a044481,3/16/2023 16:56,,78.5774203416992,433.332009115458,256.072170290382,5661,,0.935504474318411,compute,medium,waiting
,1/25/2023 21:09,35.8995278339632,19.4867767765459,968.803008195064,121.814388444633,9984,97.2520339653402,0.294266424975497,io,high,completed
3d6053d5-2f6d-440e-b26a-66423f6bfc6f,3/23/2023 17:56,93.7117041940517,55.3404154437196,,,9307,94.2925440379297,0.542512389645938,io,medium,waiting
09a1b1a3-4c4c-4952-9f56-cc53de75c7dc,4/9/2023 16:07,92.3305307558708,68.614716046411,336.525144089076,12.5293189333131,3993,59.4259830932221,0.164992677738606,compute,low,
7a7694b0-3a02-47d5-8efd-22eebb6e50f0,7/5/2023 4:12,28.2836852176082,35.2278806467897,699.805927315968,427.563116346873,2658,,0.0527807454588084,io,medium,waiting
3cdce937-a525-4f9c-8059-4afc7bb23361,6/11/2023 19:57,33.9631044166199,,100.219695603365,26.2910982802159,,,0.0142498855776826,compute,high,completed
c0f42e09-5ba5-46bb-a854-0837bcbaec1e,3/26/2023 8:32,60.0212868131293,40.1252102639983,747.433540527137,498.045802889237,1548,74.8243302099493,0.023173716973982,io,low,running
29ea1e51-8c71-44ff-b749-ca746bf66ac2,6/9/2023 14:28,96.319729526038,,813.829822863714,274.831276033657,8802,17.7539841403254,0.466436619791976,network,,running
ea95dc1e-c8aa-4ad5-a5fe-8fdc4cbf72dc,2/17/2023 4:48,,77.6218074558292,345.732596993815,209.907663427329,892,86.8348356753563,0.747507979554054,compute,medium,waiting
d10ca315-c47e-4580-97d4-5820078612a4,5/12/2023 20:53,25.6916643686669,27.9588094916151,635.708122215135,14.4263896413804,1551,58.154436685267,,io,high,waiting
9ffe7069-b570-49fd-8481-8d9bc4b68306,6/25/2023 6:11,87.3556827290771,23.0953178229017,668.694031972523,,6327,4.61802433806084,0.916626634703231,network,high,
fd6b3c96-03d7-4d0f-8d99-e4ce1229dde3,1/11/2023 0:12,49.1892231708344,67.8707063282958,,202.446994665167,1098,44.3477916319953,0.72262189494343,compute,high,running
12662c62-cfeb-495a-a4b6-2dc55d96ff85,6/17/2023 12:38,89.8961092227031,92.4155756139911,,1.43215605999547,1787,88.1346600727521,0.923125560276899,io,medium,waiting
c97490a7-7a47-4864-bfae-0a719debb6ff,7/20/2023 1:03,18.5517897523176,32.9772252878103,225.278003321505,308.657440406939,1509,94.629287913523,0.278473168998587,compute,medium,waiting
44cbb82d-c52a-43f4-8c29-35033e3533a8,5/10/2023 19:45,53.266858747136,33.0793938313468,816.493299763848,345.99381438679,4425,37.3989956300564,0.769387992731953,network,low,waiting
89dfb7c7-8201-4a3c-aa51-899f8a89d2b9,4/1/2023 5:47,32.6269632649372,67.7796072195083,481.988831933737,79.8259018194789,6029,,0.957109246922295,io,,running
2cd1e469-8c87-4788-8690-9267da0523c7,6/2/2023 4:30,31.6542559892476,27.7887003676207,7.79541886173318,251.715074227124,9546,9.47710443476536,0.684260009037781,compute,low,
0c4a6a43-21ca-4d9b-8aee-3cf43f29b389,2/18/2023 1:57,44.6876963946199,48.492496407177,557.602347488922,433.882846943662,3124,97.1023880757515,0.894767840350599,network,low,completed
4a107bbf-98d4-484e-9603-82fab2db6940,6/14/2023 8:06,43.3077449101268,51.898174711138,365.357499159538,350.357395538982,1923,,0.709308333989786,network,high,running
23a0b21e-dfec-4123-899d-2dfa7dc01487,4/27/2023 4:08,35.7346879677954,19.4332643602646,,,,,0.797546313717057,io,high,
e11ff3e3-6e49-496a-9f0a-25d065152856,,91.4970770315618,77.1717762842951,,34.4119216811003,3066,49.1928624511627,0.827995996436464,network,low,completed
a09e5c4d-8587-4d33-b870-71f1d7f25651,5/7/2023 4:08,73.1744185432892,32.5906952299959,378.420615267961,469.775345471724,5061,37.9335283756486,0.0993708500959484,compute,high,waiting
242eca41-fe61-4100-9f5d-b23a02b4d936,2/26/2023 5:30,,48.1520686975371,290.244609928261,191.45935739604,,24.3718795164105,0.300122623419968,network,low,waiting
,1/18/2023 22:55,,71.6526878118913,757.20803877326,494.518742392824,4360,13.3279118798654,0.32108229826812,network,,completed
5675fb98-bbe4-4f7a-b2b7-79ded1d49209,1/5/2023 17:06,57.770942431684,60.4954268963778,,92.3887636130151,6806,44.8164505356174,0.441791148467969,network,medium,
3d1cff24-fffe-4283-9360-1e4bbef6d4ea,5/13/2023 4:17,77.9179433301834,69.5132540880406,483.56843744162,,5676,43.8907589647154,0.754801699368515,,low,completed
9b067b5f-168c-40da-b837-274e713e61dd,1/29/2023 18:45,79.5590368543213,57.064363569186,604.672788554295,,1120,43.730515784521,0.0831739197092573,compute,low,waiting
79e0d0ae-da6e-4847-8223-1da837e625ae,3/15/2023 4:55,34.4530460754312,64.4177576875971,355.320357888072,357.955698946469,7515,,0.737036728392571,compute,low,running
b76506c2-6adf-444b-bdad-4d365bd02626,7/10/2023 4:55,77.0872756568647,31.6105172327727,723.237331912849,432.860789519716,8893,99.5233419004826,0.598847143511904,,high,completed
851ed2ad-43f0-48f2-b707-bd0cb152426e,6/1/2023 2:29,73.5893896807733,79.8473944593508,64.4065246018787,,103,52.5687763406244,,network,low,waiting
436c9a0b-b7a4-4c88-9bb2-22109c7a944b,1/23/2023 16:27,14.15064856219,48.4301522530231,218.832037551894,261.24093736558,2305,1.20516645481618,,compute,medium,running
,6/21/2023 8:12,,19.5637769728616,83.2921876595942,337.344980182547,,10.0656991890478,0.0907321814973277,io,high,waiting
4ef8a429-3c3b-4113-935c-7bd3f5685f25,5/26/2023 2:31,44.132147018041,,336.027638732503,233.834318908172,,42.2697388392961,0.897274600871999,compute,medium,waiting
,1/16/2023 2:44,48.6410448888665,59.3020758334031,,146.347414865119,2976,7.88465149256255,0.708636332022338,io,high,completed
0ba1907e-b613-4edc-ad40-5f6ee4530332,1/30/2023 10:47,44.8369178897997,,301.845058443062,147.106059213738,7545,83.9106915558226,0.996920022017442,network,high,running
4fb86b10-b808-4a18-9c1b-c5ac1f7241b1,4/25/2023 7:35,56.7846001477507,19.9415008174854,86.6736428840525,293.715448548463,1067,90.2738905732381,0.756657266477493,compute,high,waiting
,1/17/2023 19:51,62.1169247367054,91.7876730386683,,353.875533605261,2931,81.48343230885,0.59123479633473,io,high,waiting
edf660ec-f130-40a7-81fb-39fda2d350fc,5/7/2023 1:42,49.8179565762943,85.318089409328,979.146304254774,318.219629807109,,58.514091306812,0.875120911638087,compute,high,waiting
,6/13/2023 8:07,86.6788543259095,82.6073065171074,678.194763010913,13.4018333441799,7684,,0.253838173633006,network,,completed
0025fe18-1037-411f-a9ef-2f3997dc77b4,6/2/2023 18:10,62.7734756195284,27.4566125222199,577.123967527364,220.036438390379,8287,12.5092381669779,0.328525393724406,io,high,running
35ee4176-ebc9-4b45-9336-4e29e417d50e,1/13/2023 0:07,40.1427949305519,76.6495241587641,552.927546243212,281.009502956236,3041,82.8552432858451,0.827307807255295,network,medium,
435001bf-8c3a-4ed4-ba64-46e1fc98667c,1/26/2023 5:41,41.6691756908711,16.1639286403261,558.354334633461,345.848579380187,5392,41.5822773482805,0.594627858679221,io,high,waiting
cc784a8b-a5c4-4f11-bbd1-3d4919a42932,3/7/2023 18:23,81.0838615128951,81.1833733667717,635.290922730052,255.796420267074,8810,83.0399184025348,0.071600291774131,compute,high,completed
b8a1f0bd-a02a-4997-914d-610fb658a0e4,1/5/2023 0:55,34.819194274652,43.7583889307634,343.812395822055,20.8759709441485,2239,20.3361497664624,0.183127051385147,compute,medium,
f7f04e9a-ae20-4f2f-acae-0b8060c41d33,4/25/2023 7:26,21.1454795782413,,615.763843094185,5.45813000724121,2768,95.5042143429825,0.0919864046103104,compute,medium,waiting
26537312-e354-41bf-bd43-3bbf7113b57c,5/8/2023 0:32,5.93831880057892,36.5054876603288,295.801478210442,129.13216343227,8,41.2009932383744,,network,medium,completed
777c0ef6-6164-4544-b0d5-b383aa5c3c99,5/13/2023 6:57,87.6026847920574,85.2726641841579,900.086311152812,171.078123533613,,,0.646697672346445,io,low,
21ba7625-6a3e-449e-8e13-f8097d84e8e6,,91.854645119035,69.4140474505197,306.727714375177,422.190201422207,4769,58.1578936934804,0.0587595952357753,network,medium,waiting
5117287a-51ab-46d1-89a7-8377c92fd1ab,1/8/2023 10:50,12.0120182163475,69.8403742218277,356.217537645656,324.442380339146,,89.710220908615,0.321077066276254,network,low,waiting
d1ab6648-a538-4111-a4b0-03e743adda08,4/8/2023 14:42,33.4473741496114,60.7479546461405,,20.0725578587993,3648,77.9327125137629,0.327922863864645,compute,high,completed
f500b937-28fe-45e2-9fa0-ea17203914be,7/17/2023 4:16,17.5372069515243,26.4490974742931,892.816607611336,,6457,41.5870661605504,0.448222474463871,io,low,
50a138ae-86fb-4798-a341-d0f18697b3ff,,11.5898468825879,57.0592495214493,298.571002527173,40.4965972322498,768,17.1474297077417,0.845870968255799,io,low,waiting
116a2b0a-0946-4441-9718-7335bf335c94,2/14/2023 10:29,89.986674300003,37.7788394962295,948.624504756318,302.696401707714,5678,74.8268800828176,0.571688599422064,network,low,waiting
e92b3722-e070-476c-a662-eafcc1f45b86,3/3/2023 15:27,5.68772591453554,75.9620650328984,,,6477,56.3071929098918,0.465782625209928,network,,completed
750a92e1-747c-466b-8234-243113e79fec,5/26/2023 19:20,98.0485663469006,80.0284286944299,888.864496636499,30.5003231304478,5886,33.373374126202,0.515075436979893,compute,high,
42c2f11f-a7fa-41ef-85d7-afc41c5f285c,6/18/2023 12:57,9.64508606973841,67.573975648106,813.75218946749,100.933574004853,4215,70.7714606595096,0.467906179676013,io,medium,running
d04626ea-a02e-4284-9c41-f887d61d8ea5,7/1/2023 20:59,,43.8394126676784,165.379863256611,420.599433650463,9303,24.7933441951445,0.796796043966257,,,completed
94c77c85-e7a0-484b-86b7-d45d000e71d1,5/20/2023 13:30,56.6506106989162,39.9393148248952,523.363652892216,157.739039902102,4142,,0.97669152646404,network,medium,running
f05f10c1-da08-4025-94fd-7c900155cd98,3/10/2023 2:22,36.7917487817873,77.7643324916459,49.0363843575538,219.641870183327,6119,62.1229174420936,0.312183681708862,network,high,running
7bacd94e-dbf4-4e1b-8e76-9164b6a6438b,4/22/2023 20:24,,34.5201347915752,773.110470517684,194.065069347571,8737,47.5940988978297,0.587976987671561,io,high,
16a406fb-af19-443f-a9da-4eba1d387aa3,7/7/2023 8:01,75.7364143237708,15.812385110523,99.8862648865932,55.9726954980171,8165,23.0150702577453,0.20008751030888,compute,low,running
5cecfb56-2bf3-4f84-b397-2af5f97a1f63,6/4/2023 0:16,31.4573295004287,22.1247753733219,211.702493869614,313.189444530924,5256,82.2749046474691,,io,high,waiting
cc5c408f-8f6b-4517-9ba0-68c21ab69646,1/28/2023 19:28,65.7318916617141,26.3101317527342,758.939458143345,255.623299226154,2104,0.325735649768099,0.525515785243876,io,high,
0c4856b4-8714-4b63-99a9-5e62ca0ae402,4/20/2023 17:59,51.732608351608,21.3131812376776,820.526468149299,150.240770517944,2197,88.4151564029175,0.271608395823964,,medium,completed
684d2ed2-f320-4729-afd3-b225e79b99b3,,48.496564515807,89.9283381554677,506.835074929886,152.676487381846,4568,99.8623294455687,0.821116722701908,compute,,
b85df672-6a2e-4889-ba16-83f53293165f,2/26/2023 17:30,90.1162170649161,42.543179345683,786.991746768165,205.118350981783,2796,9.63741601982681,0.0413234042087885,io,medium,completed
dec660c3-0510-4491-afd1-d8032a312ede,,55.4645058620259,93.4047290581643,382.440948262633,330.89030832125,9712,58.4592881827019,0.905915462663696,,,
,7/9/2023 9:12,82.6861603048694,6.03078711668612,71.2216232348272,271.129044106853,1325,,0.195314766986778,,low,running
,7/3/2023 10:50,72.5573534101489,94.2151262157964,784.161941920779,441.457869246108,7371,20.1093791816281,0.564432855322442,compute,high,running
,1/26/2023 21:03,3.85572460589983,12.3722637735397,187.804231986211,373.216077514415,8186,82.42957774464,0.305697455843727,compute,high,completed
459ce6cf-66f9-4efd-9ef4-fd7c0eb2ccb0,1/12/2023 3:59,77.3110052505419,96.2266301020192,581.708457120784,178.88715717267,8012,72.9301975945067,0.124537221425754,io,high,completed
2dcdece7-55c3-401c-954f-f9356c3af61e,4/25/2023 18:30,21.687025009104,28.3570404475542,,137.476261134427,4326,86.3106975353406,0.165161374728815,io,high,running
3319c382-05ac-47b3-b616-c3479e2bb36d,,90.3149646851571,63.1262416310832,967.00796990614,344.894416101778,236,65.9763304567825,0.666184196464031,io,low,completed
cb2e474b-7345-48a9-844e-dd2a174212ea,1/25/2023 12:05,4.2924190608832,28.2111296066119,26.5292081750276,,7312,24.8200371515562,0.637184436896527,compute,high,waiting
,,33.3072034474318,44.8124604648864,789.268111695712,184.984089084365,,31.9475468126699,0.893501270561272,network,,waiting
5f5a5718-0487-40af-a737-1affbbbb5761,2/5/2023 13:58,9.9732947234754,24.169660171025,25.3899243458722,134.619871951972,1145,79.875454474941,0.459266957426123,io,high,waiting
baea1e64-0c63-4e93-b893-5ca3eb6f2e68,6/25/2023 0:47,47.5589117084843,21.0841759191674,415.07932943751,43.5830067385072,3656,72.4851739281084,0.41598788889352,network,medium,waiting
cbaa61f8-4c88-4b07-847c-128dc2aca397,3/1/2023 0:01,,,886.784706069695,300.558234989493,6165,40.7100742449232,0.624994035000597,network,medium,waiting
af995391-fef0-4bde-bfd4-c701456deb97,5/5/2023 13:46,29.8187359663064,46.9817446907896,111.94309925306,1.56850331453495,8357,56.4677417354729,0.200926292597577,compute,medium,completed
148b3c31-35d1-49b5-a1f6-6c524017529b,7/19/2023 5:05,15.0934897311041,84.5812901979453,984.864856889193,185.825228938276,2225,3.3275025921305,0.0693563369263748,io,high,completed
9d4a8615-8b43-4e1b-a270-cc3fbd6730cf,4/19/2023 13:41,33.0267035696899,88.920911872396,73.1504343639142,115.146304919577,6509,75.2253319671099,0.21746838088494,network,medium,
fcd8638d-106b-474e-bcfa-23195ff224bd,6/22/2023 14:41,81.3880141920636,59.5667893213038,116.701411411336,,,27.5042033073875,0.0167280654259128,,low,running
12ba50a1-4b97-4064-a052-76bc596fd46b,,14.0383957799346,4.310139697121,510.390695796632,36.6000705523381,2066,72.8866153871939,,network,medium,running
1eb23a69-2557-4e08-a51b-d169fab83a12,6/29/2023 7:40,22.7362449077501,97.1202744907185,,452.900939609315,578,,0.30843803826941,network,,waiting
69224689-4497-425d-8622-df7c95c3c694,2/2/2023 12:41,6.88519644933739,92.0539362789783,904.547564218418,288.867430948508,6052,93.1477386197341,0.197679597394521,,high,waiting
8680ca25-59b6-405d-80cd-1a5855fc516c,6/19/2023 20:45,,1.36036472782776,151.474545971885,452.303846133088,84,56.6626809295356,0.531752850959475,compute,,running
,4/13/2023 3:21,39.5233243536336,95.4340128663822,620.88911403714,190.256220531546,5788,62.9198887060839,0.976243269136647,network,high,completed
658d71bf-b425-4a3f-bb3e-d3f931308ccb,2/28/2023 6:29,31.0839977143316,84.0700459099393,744.514780755426,263.75155416337,7107,34.2184955691898,0.341575057830827,network,low,waiting
650e6f19-0c0a-4b43-bf66-d0af2d1f9e63,1/21/2023 22:39,71.8626390341151,35.484137443536,511.463362408059,22.0718733615966,5049,71.8999187338634,0.235056847674936,compute,medium,running
bff9b1ec-2379-4077-9d40-23fb1a564d7e,3/14/2023 14:06,33.5977542340255,97.6078859650955,805.936688270535,,1029,48.5344175776913,0.945735356883292,compute,low,running
be5b26d3-03bc-425f-92d6-9998791d0958,1/30/2023 8:44,72.7771273214418,13.0991641947457,907.73185745388,349.333082186542,9792,49.6108886885824,0.469561837359813,compute,medium,completed
084638a0-8c7f-4063-9f35-f4e475cf72d0,6/25/2023 7:54,81.5199395314313,26.4073759685643,879.469681613192,431.749079540464,9150,39.6919329646988,0.0449265468764059,network,medium,completed
cc7e843a-043e-4949-9100-3df55d9183f3,,21.7662843457738,63.0076598769005,41.9196371165627,51.2230803843326,9239,29.9934721844569,0.667875906960373,io,high,running
88bdd5ea-2d2e-4e50-84a7-fbfe5b7bcde8,6/8/2023 16:15,97.3818696845983,24.3699635012886,202.604367419163,,4802,88.8576763202964,0.456302546165307,compute,high,running
ce6f41bd-f606-4d04-9d84-13c4bb762266,4/2/2023 13:21,,88.2017087042697,575.777543290148,405.578510806469,,10.4543450926289,0.873378801485533,network,,waiting
934c582d-2dd0-4b8a-b8ba-c03698364317,1/7/2023 22:50,29.0840906656742,84.4378949518312,480.031833494904,148.445256809294,6081,61.8646853557218,0.360937510465445,network,medium,running
27e9f296-3a56-4ac1-a2bd-5a10811b0137,7/2/2023 14:31,17.9795290833541,21.7799218337826,232.869377948643,282.372609172467,7170,54.0065315251224,0.693574136558454,network,medium,completed
,7/7/2023 6:29,,31.4556878474215,871.870445080657,213.495412939868,2220,1.34049594315763,0.664777440319545,,medium,running
,7/6/2023 9:21,48.0060887820755,66.1667213929448,926.290060521387,419.895915838808,,11.9107572962952,0.955329483599087,io,high,completed
999d6646-e5a5-480b-9b12-858ad26d8302,1/6/2023 3:40,52.2175869002119,57.2876499461013,349.925947230739,105.480481223265,,69.2360439526458,0.209928589822801,compute,,waiting
561a36ad-6690-4af5-b4c5-ec8cbcdca823,1/1/2023 16:16,,65.870736307846,,211.397102028682,7855,25.6062335836918,0.426560079443281,compute,high,completed
afe0038f-9ca4-4694-a028-437614c1990b,2/10/2023 17:45,88.9447908815866,16.9375775580198,787.316539869169,265.413595462783,1990,78.7953385255345,0.908164063779621,network,high,running
23a91a4e-6483-4783-9819-b57b254ee10a,5/27/2023 21:07,22.0103860780906,91.1086859630016,970.785499222182,94.2731801203526,398,11.4235809406618,0.334764825307788,io,medium,
4b1c4f72-6099-4ae1-961a-9ee8a58f79fe,,62.2894032185752,74.951810687109,502.670890069995,223.247324624862,4822,84.1560179771144,0.6651612800498,network,,waiting
8f92a1de-6b81-479f-8ae2-1a6b2f824815,6/17/2023 15:52,11.1496057298715,71.2106435994338,411.118671636392,229.975992742915,6704,10.634653634652,0.908225730185446,compute,medium,running
16d9931d-6739-42d4-bc0d-3a18fcad760f,6/7/2023 13:00,45.8969860182068,4.73997947589389,,137.178265401481,678,74.8260514849344,0.739208313815723,io,medium,running
74322e2b-bbcf-4065-9e9a-20201b8bc73e,2/2/2023 4:43,,35.430115030782,725.203468379025,243.373413052367,4917,98.4880963358485,0.700407236060844,io,,
,3/8/2023 20:50,31.6500745453606,33.2121423746544,981.864980805355,198.235901137644,4377,96.2026359929991,0.279865861343809,network,high,completed
,2/3/2023 11:53,48.2584241712101,97.6260403055619,296.661604783516,203.29667505131,2410,41.6829989494135,0.263015013279676,network,medium,waiting
f6f57f2e-5795-454b-8783-3870eec2fdcc,1/11/2023 17:44,,95.0034977118857,651.033977229389,196.495426899157,1879,34.1583554946912,0.66019333114226,network,low,completed
ea75a743-ab13-4648-b07c-1815d32b3e35,6/18/2023 10:52,6.91826587923895,65.8200001710249,867.724253347784,498.657408382008,4408,83.260085453749,0.933885216346928,io,low,running
41056bcb-2c51-49cf-9146-09070d58f4e9,7/10/2023 16:01,87.9173337687404,92.856745833197,465.516168622881,115.961343724396,891,,0.457279791478965,io,high,running
b6f86ec2-780f-4a68-bee8-262750fbcc51,7/19/2023 3:32,73.4813774630561,66.8572970386452,382.376465237194,222.880132139178,,57.4254728960784,0.170472652920606,network,high,waiting
5dd73fb3-6925-4a61-9e24-0c3aaa2eef47,5/27/2023 17:52,,16.9915004930329,103.116879741245,406.190232539141,7329,17.5352883513812,0.760877235328171,compute,,waiting
66a08530-6c35-42e5-be42-f20e6722f741,2/20/2023 11:10,93.916090908737,35.0572421362853,763.548318579509,78.8128526420221,1157,90.0942705635272,0.587633857398438,compute,high,
165ea08a-3b07-4fc0-a873-88c649c0126e,4/15/2023 0:40,50.6312224023388,,528.005898315131,81.3013551918989,,59.6180111319358,0.478452858597279,,,completed
4e14a628-424a-4c5b-8c6f-7c647c1be1b7,2/5/2023 4:05,99.9808578116965,98.7056716178476,509.438306249441,350.115483002261,9802,70.7107918733782,0.22761126921418,io,high,completed
12a216f6-d5e1-4293-aeb0-9524eaebbe00,3/7/2023 13:58,19.7259474300737,4.11751188080989,,26.4431784870086,5205,29.1096513465402,0.38196928914297,io,,completed
7d2d743d-b88f-417f-a10c-ff97b18a65cb,7/19/2023 16:02,53.4908198383201,24.3407697273631,787.771195046747,,2808,9.89206143697292,0.946854182546719,,low,running
bc018e99-b27b-49db-a0bc-fb9dfca3bb37,1/9/2023 22:29,29.0248042559928,33.8070918532375,793.155262523179,297.061480062109,4355,46.0182915752931,0.50783798860668,io,low,
e2d633b2-ae24-4ee5-9e77-ed2490b1fab1,3/17/2023 1:27,30.4173557389246,78.1196892181205,120.202759291101,129.876418755454,9985,74.0341395314152,0.25913790022665,io,high,completed
73bc0915-48b2-4ea0-beda-5ac3cd26b4bf,5/2/2023 20:50,59.106538083399,88.279819607942,196.905391493267,,6531,3.65012037001126,0.664426742408896,network,medium,completed
03ec29a3-f20c-4006-8116-5411b4382a94,1/26/2023 15:23,92.1719066870833,71.3140346361952,464.586851704579,165.27057690432,803,88.3769945334585,0.952267267571595,compute,medium,completed
89648bb1-cb1e-427e-8615-edf0749b8250,1/1/2023 2:22,,66.2047556228978,835.292647671525,377.403644309183,3679,28.2720425047944,0.97395203761095,network,high,running
07c0b366-197b-4e1c-a20d-29a27dac30be,7/15/2023 17:14,72.3941398501325,78.5745647835818,406.279097467346,161.871705805296,6533,55.7680901136743,0.256945801327074,compute,low,waiting
9e4f03d6-e8f1-4aa8-bc85-ba62206d4009,,55.9173782101702,88.3671220924391,342.024958874144,,,23.1843943604794,,network,medium,completed
3e65a39c-2a81-4a02-a5a8-54ef2f25c109,3/12/2023 3:04,92.2298503667447,89.6670899312328,666.108114593092,378.099362925922,4680,25.1182018172224,,,medium,running
3b7ed2dc-bdf6-4951-8306-38f600726e81,3/14/2023 5:37,49.2361406690884,42.3186331279578,24.8382824195664,340.772556259951,9132,91.3081075652499,0.44062749555534,compute,low,running
352d9031-231c-4889-b0aa-5c1bc213fb06,4/26/2023 23:04,87.3832178334718,,920.65573286454,203.007849009595,6453,19.5996374888601,0.914822808809174,io,medium,completed
bc9864b1-b465-4831-a47e-fe94282cd825,4/5/2023 23:45,83.3981643876631,65.556808834678,325.520771092552,486.355158988939,8256,8.82975520506458,0.622444128238153,io,high,running
a89157a9-8e52-47df-a2e2-3efd4d726dfb,5/5/2023 14:38,21.3835346801586,40.8319640183255,,239.166493447128,8584,44.7984532447905,0.216271420009684,io,medium,waiting
c20bf3f9-897f-4154-967f-a25bd0e2da06,5/31/2023 8:34,77.122546296591,27.8524607288737,252.765667135364,249.207641120842,2418,1.66974867367496,,io,high,completed
11a83588-f0dc-4d72-8383-56f37f9eabfc,2/9/2023 19:58,1.21711569432587,92.8781267657741,502.546196706662,83.6480842071313,809,13.0689550565745,0.803970336876017,io,high,waiting
4d8aa323-a6f0-41b8-8690-b58f2ba147bc,4/7/2023 2:10,32.2829537548087,37.9267212913709,932.382162816163,259.865516127754,7364,13.6817149051688,0.712141052094557,compute,,
458efea1-9d88-4d92-913f-ee1bb5f0fce6,1/15/2023 7:02,22.9567444691949,36.7774075716743,498.36263186715,287.0029353065,9639,64.8206019854816,0.410107513936531,compute,medium,completed
b119d19f-5c3c-4946-8f3a-964837e10128,2/25/2023 16:47,50.6862958487313,63.5751637219722,838.753558404482,430.301192782599,,41.8258453535196,0.977065833043064,,low,waiting
0e622080-b98a-4714-b28a-412d218354a7,1/21/2023 13:18,,4.60082173145932,329.871765726685,353.295166813499,8487,22.4603654555964,0.110237550100278,compute,high,completed
0fceb834-e613-4227-aeb3-3ba199928e2a,6/25/2023 1:52,9.76763674477241,70.8110929509799,1.47256809791329,433.833323695428,,20.2490436605858,0.406694389446943,network,high,running
7ab49bc3-0f52-4943-a78c-f2271cc32d5a,,,77.2463044595492,814.724087902867,30.7837267204317,,43.953818177675,0.184591706962665,network,high,completed
b776fc29-9f10-42fc-8ff4-433442e3eca6,3/4/2023 18:48,93.8412021694385,4.10405219632258,83.2040482014723,276.124155648082,8495,48.5830631997733,0.0526991499164647,io,low,running
305e8d63-c7c6-4ca3-a524-a44ba663933c,5/22/2023 19:48,22.8646550982945,37.1929209862314,708.795708350351,284.569820136218,1773,92.4227322528202,0.861661625782758,io,low,running
488c2a79-636e-4791-9f0e-d92ddafaddfb,5/21/2023 16:07,67.7141144111424,65.3578629033491,,174.153598145268,4642,21.5550814349711,0.778944827973492,io,low,completed
5302a747-1247-4829-b3f5-0a83acb6f28d,6/22/2023 11:57,59.2880270781157,26.4849187305363,213.450152553409,392.578434832508,6464,51.4544126904484,0.38458535823998,io,medium,waiting
850cb46c-5e7b-47a6-8f66-1395aeefca44,,1.00636956560933,10.0297500590407,535.177884639991,75.9850155564011,4249,53.7042638218777,0.210461591759532,io,high,
0c2ff85c-a00d-44fc-b3dc-0d271dfe98d8,3/10/2023 23:32,47.5826195857222,27.4461773383396,464.2178189858,318.426529196143,5368,20.4120290011244,0.381736258967835,network,low,completed
,5/5/2023 3:21,70.8770390941048,66.8600714832301,965.581910234817,47.0265056256282,6257,44.6758541014393,0.0657935599708473,,high,completed
b918c5b4-d5a0-4e47-885c-487a3454fa66,5/30/2023 17:04,4.39754320240906,,336.415387865618,267.898131812236,3085,87.3765475257405,0.613730838594656,compute,medium,running
c75f4276-ff89-4035-a2e6-1101c247add8,4/18/2023 14:42,87.952148302373,,585.302100728042,156.180342396033,,,,compute,medium,waiting
d678c47f-af99-4281-977e-0088f0e49b27,3/20/2023 15:43,52.0081416635673,51.3021338421361,,430.463666352616,1884,84.0846778625603,0.424360478197313,compute,low,waiting
e6b59225-40ae-4b00-9f6d-cba7d76e7b20,1/11/2023 19:25,,90.1143724818671,940.994849149504,,70,60.4465605668658,,compute,medium,
,6/6/2023 10:05,,57.2230425564554,604.556918630196,,7480,37.386269454066,0.657972592854976,io,,completed
44d97636-929a-4196-9b45-3cf6b9f4449d,4/13/2023 16:05,95.3675696427313,98.8894945283904,,83.2266215888185,4368,91.6228430758048,0.0759722156549296,network,high,
9a5feecc-d304-464f-a1a6-d3d1d0bdcfe8,,58.2319733052055,58.5376250746336,496.536326478071,176.456656260362,3027,42.55205347228,0.212780364181205,io,low,
73f94495-21bf-4b16-96d8-4cb9139f11f0,,10.7472567768804,56.1131198430186,819.988709046968,442.900408246129,6051,40.1850662449355,0.587759281459708,compute,,running
fb238332-d39f-47cb-ac89-7c53461e8d0a,4/8/2023 4:33,28.7544502280561,58.2343238052281,905.906976269373,145.870497215434,568,54.689910864283,0.25518814610315,io,high,completed
e077a484-7324-4b96-a03e-487706e1d578,6/17/2023 13:38,45.6703625860484,64.8615359802121,748.286612720943,347.538020637033,5623,70.4298390069973,0.159891531512294,compute,,waiting
f393ba6b-a7a9-48c9-b6e8-a542b8af5184,3/9/2023 11:27,,30.1945589869106,563.622952365309,17.1370208788823,1335,84.4869057945087,0.558454412734258,,medium,waiting
,2/17/2023 8:52,41.1615513613758,46.7977465026091,225.197715623446,391.588396299828,6518,66.2521340586375,0.898918664517636,compute,low,completed
,1/17/2023 18:46,48.9458635434698,95.9062064465969,339.417856354351,442.560465771334,533,68.3227645527811,0.428533677972542,network,medium,
8d6db15a-1431-4e8d-a028-fe8019e6740e,6/19/2023 20:29,24.3677875281232,67.4088550053452,244.47937781066,343.286250148566,4995,59.6773009838191,0.685806339827227,compute,low,waiting
9467e423-1b0b-4268-863f-42a28a70551a,2/13/2023 21:01,58.8639000291986,24.9414271221065,146.544196293295,400.516283865292,7309,74.3903361835607,0.817547273407111,compute,,running
144461ad-a453-4d67-b42e-7e5e6c336b63,6/24/2023 1:44,75.3240119592176,3.94010349205984,964.220474009807,144.583435495254,9317,17.3421039444614,0.995188038953648,io,high,waiting
e0bdec2c-24ac-4d9a-838f-07502ff0da3f,6/19/2023 3:32,23.5834224105635,44.5550268233407,319.846853414253,113.039106402484,4135,20.3830031630488,0.675992086219472,,high,waiting
1831ceb1-331f-4d35-a528-d9a45b779308,5/16/2023 3:02,62.0499900279987,29.7312129324232,,112.464089724208,4537,85.3641194472724,,network,high,completed
8640e1a4-8ae5-457e-8e36-445c45ee55da,1/4/2023 11:57,63.9622242963741,48.0677264604784,825.121169323624,5.07351735616962,2183,88.8444606071893,0.782813102483956,compute,medium,
bafe4c5f-7b7b-4476-b66d-7b24b45d8268,2/24/2023 22:35,94.8540301128841,20.1035949277594,55.7191274885072,184.240931439422,6458,87.7592372289414,0.315848131818901,,low,waiting
641d870c-cee7-4f61-a3a2-ff1fef123d80,1/2/2023 10:04,77.8276167296443,21.1487403167768,171.080000058713,98.94687863056,207,91.5721452739003,0.260610371398018,io,medium,
a5199289-fb79-43e6-bfb1-2454e92f50dc,4/13/2023 4:34,84.8345269790006,98.0531527699454,633.365493630208,,5380,75.2079518877842,0.864008588498639,compute,medium,
,1/10/2023 2:43,49.0419908436275,70.4938846334607,,484.155672000659,,,0.847080370651543,compute,,running
,1/17/2023 3:51,18.5348586979382,52.1737339860923,425.037782906395,450.749069830552,1641,65.7956609820228,0.872609864456206,,high,waiting
0395e7e8-b9da-42b6-a2f2-410263bf7d51,5/6/2023 16:25,99.5815292959635,,967.578969434019,497.560833539528,9221,65.4527252251963,0.713251509014705,io,low,waiting
8b8bf9df-07db-4bb6-a712-3072741a79dd,3/20/2023 12:29,12.9355761038699,,583.415737849314,357.090348819152,2556,13.2105092686371,0.405065650815685,network,low,running
66fd09ef-dc8e-4599-a1ec-fb6e117bafa5,7/16/2023 13:14,47.1457319354265,71.4608078467634,64.829124499454,286.706926817128,5575,5.39834209786221,0.64575773248922,compute,medium,completed
,5/7/2023 5:56,,78.8519746055772,753.14914275712,493.898883712425,,10.5076194640735,0.0245496099188275,io,low,running
26051813-8be4-48fa-be62-66c7ae5d3222,7/8/2023 11:00,94.3850857350819,52.5068432130743,586.276216183559,21.8879500470821,1822,49.5534006003871,0.119565862888257,compute,high,running
1deaaa65-3ba2-4565-9745-6de10872da0f,2/2/2023 4:52,96.4924940848439,85.7156294363032,288.700758995984,13.2226684562564,6576,6.71255435222466,0.864926910764782,io,high,
fe6e4cd9-e80d-4748-866b-c9a381fdee44,2/11/2023 10:18,71.9389062003973,95.6242209606584,483.98611199808,305.921639712448,8779,27.892372973682,0.263079683973998,,medium,waiting
93bd5e5d-e441-40a2-9c9e-95ab7e7c8390,7/18/2023 14:09,34.9992843630168,37.2288650881919,503.630145288051,240.772575892416,53,,0.388398194643955,network,low,completed
8fe7041f-9f53-430b-812b-c2c38fe20872,4/15/2023 14:33,25.4382401117624,18.9530063812905,709.135591672877,196.779993723012,5709,65.1212890364757,,compute,high,
f2c338b1-0072-4ffc-b7c6-6c85f20c0536,4/14/2023 3:09,26.5303324537047,4.46117792441839,904.219785693625,,2818,2.63770682895692,0.71235783732687,compute,low,waiting
78a7ecde-90ea-4ed9-992b-43bb3415fa40,2/19/2023 0:27,12.7294025420074,0.476098547327186,735.179831217513,197.080513451724,5874,90.433174628555,0.00226338339273113,compute,high,completed
76140fde-f4b9-4a00-833b-3b326adb021e,,52.5808953076722,61.9181978085936,204.387655656124,,8636,45.1798973333135,0.331484689127027,compute,low,
5c962947-b22b-4380-b314-27e440446133,5/6/2023 22:48,14.1817275701477,30.0998598023676,661.352047062404,444.697068504808,6168,12.8558955352587,0.263356703627645,io,medium,running
ede6790d-e34d-4374-b096-5ba03ba450b5,5/25/2023 14:32,31.6730666553456,4.60428946790917,484.221341710667,447.749262091135,4422,1.17147010141275,0.120321274321193,io,medium,completed
d664c586-2505-4146-b9b9-07757f4a66c2,1/26/2023 5:27,62.6706475959104,40.5432018810942,214.464173458211,45.1376476786274,2602,,0.871938389930052,network,high,completed
14acfbef-6ffd-42b9-849f-9ceeb5a0b47f,1/20/2023 15:52,72.7543609590749,17.2924729412489,211.264849638038,,9173,98.4664132404962,0.610452715425065,io,low,waiting
72c233e4-ebaf-455d-b618-55174a852f1d,7/11/2023 4:24,2.42727046220612,41.8146694486394,766.061028909899,350.516285327599,,75.5751583348612,0.491965980702628,,medium,waiting
6d1bf987-7236-4ddd-a81a-713096580a53,4/4/2023 1:15,43.0115984376739,10.8771565948723,212.149256799099,201.074911791228,5886,19.0500878086579,0.941734754712982,io,low,waiting
62a7fc8d-b1ad-4452-8dcd-1a369dc2e636,4/2/2023 10:04,65.2124594842139,82.8755966372114,475.594229168438,491.745978806681,774,64.6918577778657,0.629509797216727,compute,medium,running
0443d8d7-09e9-446f-ac7b-1e5b6963cc84,1/28/2023 23:09,85.3245976158512,89.8055396478239,676.179486601136,88.3596725842067,9645,77.8456862736353,0.505431100775473,network,high,waiting
b5c8e69e-e698-4065-9e75-5a35cffa6d03,3/23/2023 23:42,47.5324782212082,,587.930059315975,78.0415759241087,6763,87.3283842039188,0.617728638335778,compute,high,running
e40bb1e4-2235-46b0-8ac0-c6cd826dfe53,6/22/2023 21:06,96.9205871717685,77.1345871257541,462.737830580896,176.702352004828,9758,33.3676457453121,0.0629528889242008,io,low,completed
7678ed7d-ee95-437c-b52d-3db9ae9240cb,5/8/2023 13:45,26.5632547541447,81.2887125410767,8.01028137856652,262.781413079203,1153,26.8197133055092,0.445929448231584,network,high,completed
90b6879e-882f-489b-ade7-f9f3db9db769,4/9/2023 10:04,1.35087066267188,19.4771620629633,244.969410774337,326.69306610786,5980,68.4066148080219,0.120895142062968,compute,low,
9a651512-af94-482c-a7e1-e577b90cece3,,48.3752864701736,83.3563962949846,143.46806295018,140.956220982623,7784,42.2568231212798,0.311680786841312,compute,high,running
,7/6/2023 2:28,25.6113795020017,20.5532847194921,235.733257874718,471.414957058928,6116,,0.824479706034789,,low,running
1cee10fb-d49d-46dc-aa3e-07e58cc46f8a,3/21/2023 1:00,82.3717672023169,85.0394733560857,669.412500184935,248.055456710366,5641,68.3502803197872,0.854286988957882,,medium,running
317e8477-a8ae-4b2a-b125-1376b108a97c,1/20/2023 4:15,23.2772672181112,,258.858929415653,151.100952709557,2464,88.2606204252185,0.768025582758269,compute,high,completed
8cf4e0a4-9187-45b1-8823-e33b3d5ce86e,1/12/2023 6:15,31.0629218291306,49.0708962267866,,431.678627904821,,15.093596174966,0.261616970752583,io,high,waiting
d15a42e1-b4da-41f2-b5df-4c414bd91e6f,5/14/2023 19:32,79.1227431019112,77.1635951433209,,339.59473019247,1629,31.449338283151,0.724095490379132,io,low,running
3346dea3-643a-495b-9722-ee63a7d9292f,3/3/2023 7:55,71.514325202536,51.4058633534771,701.459344802404,102.329571628252,1003,15.7949137977558,0.687230386073265,network,low,running
65dd592d-3a7a-4c43-badd-de7d7c0b502c,7/8/2023 3:37,55.8051236657262,33.6136891511738,763.498840739362,39.2193813237221,1632,85.7579037103417,0.384396728976136,io,medium,completed
25c7c401-292f-40b6-aed8-ca1a55928ac0,1/8/2023 0:19,70.4948061922759,64.8368807785664,50.8887154846252,444.37559670604,1263,0.244365508630528,0.11570279350809,network,,waiting
bdcfee83-bd07-4b56-be39-4fe993512776,5/20/2023 23:41,41.8636863570026,49.38514359039,889.449869469745,91.2750700194203,2096,78.2527516743495,0.950006978660764,network,high,waiting
e7ffb619-200b-487c-8ab0-48e6e2d89c01,,,11.6414460016177,872.696616625461,254.052113432592,9109,51.4558293581797,0.675279411239324,io,low,
5244f832-687d-4a6f-b15a-14deafd3fe4f,4/28/2023 15:36,1.13551285121925,33.356682364682,483.109200283132,481.933648561027,2936,19.8971428579653,0.110776001356147,compute,medium,running
81c379c4-6ed7-4a8f-b95e-67d24e7d3195,5/2/2023 2:00,51.1221787573686,58.9224847369622,571.64527703513,41.7270525466523,290,76.2294854728548,0.731606378253916,io,high,completed
d3f9b3b2-0c4e-4fc4-810f-e134b635a6ec,5/23/2023 23:30,8.32909797189992,93.6142546361643,827.295495817213,,1892,1.12144482554699,0.683441064116066,network,high,waiting
8539b3b4-3de2-4bd0-bd02-5031d0bd09b1,6/24/2023 5:22,5.10754801692567,24.2063746439453,473.512650849308,,5103,46.431180330791,0.547721580343178,io,high,
10446c85-3cdf-4c91-9812-073288b92c6d,2/22/2023 0:11,96.5516639137473,,414.171008073901,156.534080323513,4162,94.1444109174904,,io,low,completed
857c8ffe-8621-43bb-bbb6-cd2e3568ae42,4/20/2023 5:04,85.9002639658058,,365.152245198208,384.212163887904,6197,59.088033223077,0.993638622031144,,low,running
391a9ade-df04-4665-a96b-b47704e4a550,3/14/2023 18:27,15.2027227209569,6.34226167232262,151.911393485295,157.417800617414,9354,,0.849770945958848,network,medium,running
,6/25/2023 16:04,0.066421859020449,58.6371355148698,758.911866167761,314.901664020542,,18.13693548013,0.790851443038453,compute,medium,waiting
0136c742-71c0-4e6c-a411-d8364ea8e0e3,3/20/2023 10:34,,30.7657110712222,292.775941076758,466.551417640451,1153,89.4045418466167,0.884707749235153,io,medium,waiting
023a5d0f-4f39-4884-9734-741ed9729adf,2/8/2023 19:47,27.8325298320114,30.7731408648963,690.661201695817,423.927862823985,6249,7.73201920905952,0.86273559928882,io,high,completed
8bdee27f-119b-4ecd-b07d-ebd4b61d06e5,7/6/2023 5:42,18.5897602855497,72.8988839623406,553.276609826602,486.789880215782,164,53.3555338899578,0.921380145566668,network,,completed
cd58390e-2973-4d74-9f1c-92b3096ccfb7,,69.1508107831535,71.0689792773554,419.847696784453,376.578443807594,779,94.2117174696838,0.0493998256117228,network,medium,waiting
3da82fb0-01ad-4b6e-85c9-ae2d1878f23b,2/15/2023 7:05,10.8903738841326,14.0369929212586,272.742919712716,106.288959484225,4739,37.9858871938717,0.487300566620002,compute,low,completed
70ea53f0-0846-4b61-8ce8-1826bf3bbe47,5/15/2023 20:02,26.46495980028,93.1316519365447,877.341633825257,344.777462845683,7531,34.5305979478876,0.143332562197775,compute,,waiting
1690b052-d4f0-426c-ad45-93334bd6540b,1/16/2023 14:48,97.5094680212046,97.1634884881406,64.3063051494745,234.993391594916,,,0.220226160617215,network,,running
bcd62f60-53a8-433e-970a-fcc9fd4f4f15,5/7/2023 21:05,63.946277447401,97.8717455674422,70.2423988392071,,5860,,0.536802826538708,network,low,completed
a3090114-aed2-4bbb-a222-b6ce230c88e3,,52.0677791482553,8.40046711762453,715.086375472451,160.455806878555,7576,71.2174047534267,0.530541704509175,compute,low,completed
baeb7085-c0d6-40a5-87de-3cf5a94f3d9e,5/26/2023 0:09,39.7918614834937,35.9713503190981,775.724787902905,140.981439975223,4707,51.3018774164086,0.51049737900674,io,medium,waiting
722bee41-a1a9-4bd4-89f8-860d671b0f8b,1/23/2023 3:16,77.4500954884202,88.2129859629492,507.942706631371,365.590969203746,466,6.27267122228857,0.779346016230614,io,low,waiting
19bec166-d7b9-45ea-8cd6-3d85865d63cd,,14.0957476523693,72.6310106517293,,459.630947225877,,42.8729587581427,0.042186875302003,compute,high,waiting
c22d45d5-3ef0-4353-9081-fe270f0d0328,6/25/2023 6:21,96.7337802036982,13.2050303948432,,183.714071731811,8891,61.3926365747381,0.422769736701053,compute,high,completed
9683a7df-4f76-47de-991a-a3a6257ea367,7/10/2023 8:38,86.1123008065786,24.4917504354439,816.89332586444,,2024,40.3861628391145,0.918640444389187,compute,low,completed
25cebe1b-6c7e-4ad8-9e2d-65b466a697a4,2/20/2023 0:13,61.7656982569243,45.3267761232044,609.07396157966,91.2831791011782,703,38.9480471490099,0.970451640945445,io,low,
57812c4f-97a3-4d3e-bfbe-e78af8db5061,4/9/2023 4:05,4.29061904025581,9.01084358237323,816.485060952363,22.9668831541154,9681,84.8292438564162,0.0120191695688001,compute,high,waiting
0f63ea54-105d-4bce-998f-c7ac98fa423e,6/21/2023 17:32,,56.3796059232299,,91.251596546524,3518,47.8113781165826,0.289998561386643,network,high,completed
a1e41982-e2c3-460a-b3a5-8e8d64068e39,5/5/2023 17:26,91.328434088548,4.11555372520667,145.257859470335,101.913728479379,610,3.073776966659,0.101781442880225,io,low,
42be9b6c-d249-44e7-83c9-7effec35af4b,2/10/2023 17:18,52.4577067478625,75.3041920008719,29.407994548293,29.956655682403,3245,89.9101133470879,,network,medium,waiting
c48efb86-876a-412a-9b79-c35685fdc1cc,6/21/2023 14:23,35.4224821827262,97.6563743651415,398.246025602806,465.523855984702,1656,82.7043900917479,0.9956273464041,network,low,completed
735699f5-ad67-4512-994a-2e4b4521bc38,4/14/2023 20:55,12.0277344979469,68.0095143355584,562.891177183087,195.1518050182,4662,,0.728505745523775,compute,,
139b7eea-9536-4e04-a9de-943dade435c6,3/5/2023 16:12,75.4901104137568,10.3241833712254,772.602587950309,481.930116736142,5310,88.1421916754326,0.728670521126542,compute,,
f2df3a00-6e7c-4430-b504-56f73911ff1a,5/22/2023 1:41,88.5021851211806,21.2461813198475,36.7303632357454,43.0345290406176,4311,,0.341187831817802,compute,high,running
2d7c95fa-ce9f-46c5-9d01-5e056c39eda2,2/26/2023 22:47,10.0251744075848,1.35659171355194,643.570116567827,110.865958760246,,44.872025318105,0.237212300061555,network,high,waiting
3b472e28-d6b5-45c7-86f5-dabd8212a7ef,6/22/2023 22:28,75.8984554752342,94.2972571981158,486.799137742659,115.731060840924,2942,49.7231170860558,0.035513945889168,io,high,running
14ba8e1b-901f-48d2-9ee2-e996df2fd62a,4/28/2023 21:06,1.70604862590975,81.3684485383438,362.37817861183,74.4541838012766,6128,47.4188039825912,0.0458288310726242,io,high,completed
47ccc75d-dafb-4237-8a25-fb6d7b7ae028,5/6/2023 3:04,96.7054918077219,21.1953525326645,604.836189840681,142.004240110689,639,1.82987933699518,0.823938356277149,compute,low,completed
,1/12/2023 11:02,61.5058020635096,3.14477994111191,65.0048521089317,309.100062371092,357,73.9802043769271,0.780107784059121,network,medium,running
d81ba948-42a8-417e-924a-cb8ddc125ea3,4/21/2023 23:56,,,350.538947222601,20.4429737752496,7039,34.3387662293002,0.339962694473345,io,high,completed
86545daa-3b45-40a7-bdb1-217c38a4e23b,3/16/2023 23:06,,10.5362389835706,465.68778592454,,6794,75.735835189591,0.11304212082431,,low,completed
237ea488-8523-4f72-9ad8-4f1b25ef97b8,5/2/2023 1:41,92.9291671569783,71.4991821467904,120.841256175255,88.1961844237755,6075,8.21436456233092,0.696886966501694,io,low,
eb1386b7-0d40-4e3c-a9b9-875e995e4f5a,6/19/2023 10:34,26.5905627336791,13.0651849217175,298.962688119076,316.831349950712,4786,53.4313054300228,0.109276720049637,network,medium,running
c92fdf91-2e3d-4422-b423-b925189ad8bf,5/29/2023 21:15,82.8146613216694,67.0053415858996,344.045950020152,404.055862082877,9668,11.4580317992034,0.0981463347832769,io,low,completed
89e78395-1e6a-4ef6-b184-f2650c34dcd7,1/12/2023 11:53,98.5108679337132,36.3126548428286,866.710699970542,375.212799927659,,13.8003490255281,0.915765672021324,compute,high,
f8e82f79-7b4d-4427-ae95-c391db580fe3,5/23/2023 20:57,78.3396645514805,70.9297362956157,,79.7162562546427,4612,,,compute,low,running
,1/25/2023 3:06,51.8989920386431,36.6093813837066,19.1949315952029,368.79392457069,7124,20.5280693671028,0.389770533419939,network,high,completed
47c89ae1-133f-4e8e-ba71-7541c13e2d5f,1/4/2023 18:29,6.60742638516719,72.2718811118439,110.676640803398,19.2863041175134,4454,46.2661033570739,0.478632213641472,io,high,
cbc3865d-c6cf-47da-bcbd-3cbdf20ced1b,5/18/2023 18:54,47.2413789171073,69.3949451806925,376.690514689673,273.542177882643,358,42.6826935405137,0.940429027681496,network,,running
8caaee37-fc33-4a31-b201-7ab6bb9d7c2d,7/6/2023 19:36,43.8255946971703,81.9962280462723,913.688958323289,383.064006199275,5314,70.7223749647331,0.0950472873905423,network,medium,waiting
c10ef9bc-58c5-485c-9299-d8e303b630ec,4/19/2023 11:14,20.2796041186995,,488.173709859156,122.971215602454,1751,93.5268193849653,0.220778971221728,compute,medium,running
,4/15/2023 0:36,42.3587636714304,74.3831719051037,914.617555093394,147.570768833463,,40.3189489958771,0.232531834093014,network,medium,waiting
84f98cc2-e8e6-4292-8dad-97e0ee888eef,1/22/2023 16:58,35.7757884080338,47.0390235198763,115.34765761564,299.331121471463,9934,9.18259352157374,,io,medium,waiting
da05e9db-6bad-446b-9e05-9660a443d804,5/4/2023 11:01,16.3684261151648,94.3385900496416,441.192146648676,305.099702162803,6150,17.7668841939437,0.615550889697264,io,high,waiting
81501719-6d10-41ef-9d31-4329693f33ae,1/25/2023 15:01,44.1374143332486,83.0055385470693,415.098602995198,493.282385057692,,45.9629281675696,0.575270993872639,network,low,waiting
559dcf6c-cb76-4c1d-805d-75dcedbe5533,1/16/2023 12:35,26.2799956324489,52.85269962591,473.169521518895,421.435857861388,8676,97.2548062514823,0.125480358038691,compute,low,running
01e832d0-98a7-4368-ab46-cad44b73aba1,6/16/2023 1:36,52.2062420682264,50.0903067863443,,323.680402466643,,,,io,high,waiting
28257511-1ee1-4c1b-9b1a-ec9857a10d3a,3/7/2023 23:21,3.51600597161941,15.8130177662179,511.004729572754,427.569253374607,1343,87.3041850656559,0.0354365992991518,compute,low,waiting
d202a8ec-fbea-4297-b0a8-63423aa64667,6/9/2023 18:08,90.6231419787284,69.9263593747488,627.338316268609,259.263403781898,8429,,0.027606954270763,io,medium,running
b504b85d-114c-4d69-9376-a8e74c7d6251,,81.6364305519856,39.0913776363447,,385.78990078719,1501,60.9531015829312,0.14342646311133,compute,high,running
,5/25/2023 23:02,55.2581332510504,5.547911502267,,237.002587744836,3969,76.5986731266426,0.802154813635792,compute,low,
2f93a6c3-96e4-4ca0-a6bc-7d8f9a40fb20,3/17/2023 6:18,85.1808582757243,80.0406721989338,673.870727549876,353.117027555435,5178,98.2506742815994,0.239335014846595,compute,medium,waiting
14fe93d6-47c9-4c3f-b0f1-23de4ed2ade9,2/22/2023 4:32,96.23950738108,57.3745469575006,277.414659383588,203.37063781665,9834,51.2583526025411,0.824345865027183,io,low,
c55472e0-d3a0-46d2-a8d6-5a030f75a464,,11.052229405266,17.0592669596399,134.613145026644,99.0842931014894,5778,93.7799052386399,0.628391349634111,,medium,running
b00e6c4d-72be-4a1d-a1fd-5c9f62fbd644,1/17/2023 11:19,63.0831808409803,65.1901187336424,550.783387611358,34.6357489478726,9768,68.9087360709838,0.621171906164645,io,high,running
dced93ec-ca9c-4143-bdc2-bda705d2b19c,4/5/2023 5:20,99.7994000935658,76.8445271464951,690.188975362689,133.613251257887,3791,33.7723184140332,0.196413677214703,network,medium,completed
5640194c-f7ec-4094-976c-73c37c30f8af,4/11/2023 17:46,98.7889169333526,89.8941944144877,456.676582988013,47.4946600929054,9890,53.185133921427,0.337290304040794,io,high,waiting
,6/2/2023 20:53,60.3322992290744,50.8082644301764,813.302313014484,313.713062475571,3475,61.22794056418,,network,low,waiting
90405855-6678-44dd-b2c0-2a58f560226c,5/16/2023 10:48,12.8020870450816,15.0959452169917,,,2942,10.800993215474,,compute,low,waiting
3f1102f7-75a0-4727-91ad-baa862d1a48a,,58.3192830990528,,854.341930102592,371.712971172141,6394,60.8124928091586,0.754226181542279,io,high,running
bbcd0dc2-50dd-4729-a024-5c86251af9bb,2/16/2023 5:37,0.206463557442171,55.7477003784388,807.984599158762,403.205024052083,8452,12.3329072826982,0.522163562011314,network,high,waiting
1a984b5e-49c4-4486-8c44-a245b856ec25,7/6/2023 23:20,19.8911334666859,,,326.159890601627,6926,,0.342538389735749,compute,high,running
bc088c0d-4ffe-4e57-94ea-61d8e6d54549,2/22/2023 20:31,95.612315955996,83.1979984973327,755.842660190653,300.269095803045,3447,10.9367906782314,,network,high,waiting
fd0e46fa-15e6-4e3f-b3f2-e66ec765fad5,6/29/2023 3:35,33.0440572602843,78.9385130322043,374.541189116297,308.717285966463,2484,15.9448071440597,0.895586621773831,io,high,running
,7/16/2023 18:03,63.8390105776948,7.60193455275967,701.240112500575,406.30496465478,7337,67.5506150320346,0.529749200139299,io,low,
32fb3e9a-43e3-4399-a36a-d8482ceaa5cb,6/11/2023 13:57,28.0859494632242,85.212989818716,926.938142251924,193.958205927648,1172,68.402719997472,0.586279426130995,compute,low,
c47a61a1-17f9-4c84-b940-64147334bda1,1/8/2023 9:08,94.7821887111589,95.2409134517373,177.482451174639,291.811878833933,3306,98.3992401648652,0.349948444085144,network,low,completed
937da571-23dc-4f75-b5d5-b9f9d0fbc246,,72.8558729949486,48.6664627612171,636.654790776304,18.3442300602127,7283,13.5868413460216,0.126271618384596,io,medium,running
963dc75c-3996-4065-b0de-93282571a8b6,2/11/2023 12:36,,7.19219771054726,530.426942249014,68.1464055237639,2830,75.4674146478509,0.838894886238184,network,medium,
d495e0ae-0108-4429-b5cc-183d837b4146,1/7/2023 13:05,79.176142118037,4.92693351181194,891.486564913013,120.260307256263,6617,1.81564776149557,0.385848023055305,compute,high,running
bbf0b6ca-bfbb-48bb-877f-10a8bbf96632,5/9/2023 22:24,10.8165524476337,,675.180080529746,232.17408071652,2497,46.8763420650923,0.310953982206284,compute,low,
266d02d7-b141-45a7-a183-433c1646a1aa,1/23/2023 6:54,39.2318940065459,18.177600089989,,,,60.5991004292224,0.37610092913262,io,,waiting
7abc106f-2ca9-4b36-ab81-1a808a63a9b6,7/7/2023 14:30,22.1218127731592,5.44803056047301,301.003620511326,441.543963082778,5905,44.5011695841053,0.0287527029876537,io,,waiting
67b04b7f-1225-4864-832e-dfc0e7ce2fda,1/12/2023 2:01,68.3726447276046,32.1423152085359,951.835505700343,296.139076778872,6922,56.466895112932,0.0622776283946368,compute,low,running
8480cc87-8b8f-41a0-90b4-a1113c6fecb6,7/17/2023 7:12,,28.6177410564449,773.694408815456,310.904550024772,2830,79.0631869439663,0.841167575357268,compute,low,waiting
a7911626-459a-48a9-8294-a75a5b033646,1/15/2023 8:10,39.7025832282674,42.4605385135474,163.312838548734,,8383,78.0457437278355,0.635930864348507,network,low,waiting
d5adf33b-868d-4f58-9d16-26d2205b3c9b,,,16.5441718323715,164.651125529341,336.691379660558,4585,83.3801855156905,0.240314623957642,io,medium,
6e9dba9a-9c64-4095-8d39-f6bc8dd64961,2/13/2023 23:14,50.6342919323804,63.6225035227232,175.125405836922,41.6545839167485,8953,76.3509424571068,0.911217667096562,network,high,waiting
47bd6871-335b-4e97-a8ad-6d18b7f52087,4/1/2023 16:52,34.9897680503878,,984.360659246347,303.349619957153,8132,65.3221783164336,,compute,low,waiting
58bc8d9b-579e-400e-bc3a-d323a80d4a43,3/18/2023 18:40,70.6410577667011,61.8379883606786,664.556983587641,472.676549549662,5509,,0.334070154439313,compute,medium,completed
9e8c41e1-30f5-4a4f-a3e9-7b271225d571,3/27/2023 9:33,2.4577024306966,26.9801197134691,519.271779448322,59.2728305236304,73,15.2499822585191,0.0834099805476638,compute,,running
5eb11d72-8a50-4012-bceb-3200d55e281d,1/10/2023 5:46,63.3986921305907,51.8343711659377,14.9523291920941,211.640670376011,8016,33.7010052547007,0.70669720968247,network,medium,running
f6a127c6-ac74-40d3-8ceb-ebdb7538caac,3/20/2023 20:23,,7.21520102917846,57.0345975773173,365.618170910441,2062,3.7461242301475,0.433633504908037,network,low,completed
5f4fc83e-b084-42ee-a683-8be9ddbf042c,2/11/2023 23:00,26.8709028756849,26.3920795023951,877.575688460564,149.329226667756,1785,16.6611612190866,0.216137280982541,compute,low,waiting
8449d546-dad9-48eb-93ce-d2532c4a39be,,80.0255603583523,36.3665371571017,600.679217029564,187.763095356071,24,45.6888519925194,0.550099684112421,network,medium,waiting
6ecb76c5-4d6f-4166-b23f-f2b73fd68719,2/9/2023 10:31,95.556839398042,88.0809517452527,57.9103800050315,194.32193892868,2026,16.0346519812311,0.949479697771554,network,high,running
27999d82-4b53-4599-a4b2-47ed25629db1,5/19/2023 12:42,31.6550210027086,76.559966477598,511.656441362577,165.698357549153,3796,53.619531323816,0.342705632671653,io,medium,completed
c9dbaaa6-583c-4c2e-b943-29739a1cf4f8,1/4/2023 17:05,82.6805270369075,97.5940744529471,56.549587838819,433.04974387135,9412,66.768818574775,0.816672031557181,compute,low,running
6257db52-138e-40df-aeed-83776e0a16c7,4/10/2023 19:09,10.3990837971233,39.6558586459472,217.824926925032,497.807848332449,,18.9457580595868,0.0297863293812744,io,medium,running
e5dce097-9b49-4775-bd75-89642c6eeff0,5/21/2023 4:06,63.3981653007383,70.6932252198771,695.159096214414,192.401694720038,1796,43.5268641353215,0.0979331691963462,compute,high,completed
6832ae7b-f6e5-491a-b4a6-56d369916f76,,75.1032299534918,49.2533687042538,929.896104280021,206.947530595973,7034,7.91316066034941,0.86642640288664,network,,completed
67d0e387-6b67-4fec-b066-9a17d7d67664,6/16/2023 16:26,15.5977928034456,88.8945981355965,,270.113437492764,7938,52.9496089267653,0.30563599005013,io,high,waiting
95b9467d-9f53-436e-8dd2-24f31cffa860,4/20/2023 15:46,42.600238766956,,425.450085080034,235.352419530766,855,41.6129736193066,0.0869549074258462,compute,high,completed
94385e52-ac98-4596-ac10-dc6538df8bde,4/19/2023 21:27,,27.0387260529288,536.854327673065,326.594152294825,5789,87.7385863648285,0.184770114174435,io,high,completed
02430931-a371-4345-a8b9-eb30ae4d1572,7/6/2023 18:53,10.3578463448372,66.7321048456058,537.184305837851,204.652062565341,5594,6.18870557702879,0.107410252777254,io,medium,running
8d0f08e3-fd20-4d2c-bf3e-ef3edbdb74fe,7/7/2023 4:00,1.80963582014751,16.6277335336185,870.08531617192,140.009672906094,3894,8.43194487700931,0.106838171040061,compute,high,waiting
d3333ecf-32fc-4406-b957-16e6cd5c44bd,3/15/2023 0:55,59.0585379047933,75.8247243202638,230.332298847611,326.214004528309,,31.1437410710685,0.731744397943405,,low,completed
892dcbe2-c827-4a4a-8e21-cd5081297c01,3/21/2023 18:08,43.5531540530933,21.1608501919104,93.7070795420649,43.0996941481309,550,90.2533426923826,0.419240344888175,network,low,running
b3f043d1-4ac7-498b-88ad-3087f9e1b9fe,3/1/2023 21:07,79.8689248883902,16.7268450394696,112.046560863988,167.0806878807,2628,62.5775640921138,0.730718136652997,io,low,completed
e978e814-b544-4aa1-83be-73626d268bfe,4/29/2023 8:43,,90.0824092697649,802.149989848575,163.976501020217,9624,58.8174504564292,,io,low,waiting
9bc4bf04-f605-405c-a696-fa3db9f022a8,5/29/2023 12:53,29.9153644543816,4.52440512509278,790.445131232681,490.532049373264,,68.5120698482404,,network,low,completed
,4/25/2023 18:58,38.8404117169105,40.9399544019646,975.276308774527,291.901975637468,3836,90.3628869034057,0.545498791544774,network,,completed
404dad95-2b27-4c9e-a25b-d9ae042935c3,2/10/2023 1:11,48.6272086329314,69.6610897844212,609.427359170242,414.312137185951,,86.8733416979992,0.808978671021264,compute,medium,waiting
ecf879af-566e-4e71-9f2a-6a4284854fa8,6/14/2023 23:47,58.8151460435299,85.485376385865,817.333405886384,111.21527364018,1736,70.6244475113807,0.328997288274106,compute,low,waiting
e7e12588-7875-4851-a03b-6c31f81bf1c7,,98.3853829681616,33.8737480525563,52.7653847970395,330.402393701094,4042,,0.686982964163691,io,low,waiting
5f428bf6-840d-4231-bd1f-1dd3e7a5df22,1/21/2023 14:59,69.7330250830051,50.7461824599352,434.06224596777,174.397992081623,,78.8178541381545,0.734481199348492,network,high,running
68d8ff57-aaad-403f-9216-eba7ad5d5874,,38.9548507345568,48.7616096878196,378.826825486442,401.040446023143,6979,45.2096752655382,0.261894001347414,network,low,running
5390360d-3202-44d6-a4f7-71b48c90c068,1/16/2023 10:12,26.3767686450462,44.464741417152,169.841476452603,417.467743708112,8049,,0.621978626887366,compute,high,waiting
dd14f62e-d611-40f0-8e48-95e10a13210c,3/15/2023 2:31,,39.0868622530926,357.167497497395,431.91894175937,,,0.162476248552266,compute,,completed
707da984-1821-4991-9c41-d2c0ef254ffd,5/31/2023 12:16,13.5548433108506,42.8077207127732,539.960500024353,138.583421747309,5476,4.06930382668644,0.489086177383132,network,medium,running
e0049339-7220-40f8-85fa-b461f9d26079,4/15/2023 0:23,72.0265852504758,11.4028510531978,52.0828007518324,357.322547855937,3535,34.6081256569085,0.151493562970561,network,,
,5/30/2023 13:35,92.539502529244,22.5791922955242,629.762492036497,40.7600707553577,,67.1420725462643,0.530494018935386,network,medium,waiting
,4/14/2023 6:30,66.4665586534438,42.2663365481391,802.391872988068,205.191594849739,3318,69.6655253881521,0.20936895329045,,,completed
,3/4/2023 15:55,42.3054440166121,63.7395689742211,622.165342149272,46.6096634086528,9789,70.1433039043474,0.206699935879457,compute,medium,waiting
ca990b3f-4c40-459b-8c8c-762fef8c0b8c,2/18/2023 23:31,19.8990939925484,82.5103998948236,,360.995372068396,2211,70.0921683656233,0.233050180035081,io,low,waiting
8ca2162b-6122-44d3-b017-3c66bcb6609e,1/20/2023 11:42,36.7475322251927,27.1794176566571,618.89760115808,187.749381650094,1959,59.2501762376606,0.864591794369156,io,medium,waiting
c5328b99-69fc-4e2d-a9bc-f0b46e7e8996,2/24/2023 2:15,70.6871809420122,69.1322665534859,,305.630779838896,6168,41.2171412951465,0.689542525829969,,low,completed
8b5f217d-62c2-4621-9044-d6094cf53328,3/30/2023 18:51,,,440.487465729699,341.897063711237,8622,76.3054707683605,0.598646498268392,io,low,running
dd9dd61b-4679-4566-b2e3-dac76525243b,6/9/2023 14:40,92.7976166598358,96.6491855240924,10.5908242693039,345.468915701032,4291,61.8202022946665,0.106787209928041,,medium,running
,,86.6860913659374,95.4800617270663,264.833119751288,,5818,63.3231822529884,0.244074759914481,network,low,waiting
2b32c13c-197e-438e-82ba-0d8dc8f6d5ba,1/23/2023 4:00,81.6150752266368,59.9136181359981,178.367757881376,195.128048555423,8303,46.1212090544069,0.518221100792433,io,,
fd7631a0-5926-4ce4-8c7e-0af3ab821309,4/28/2023 23:29,91.1450875350762,20.955639167611,352.615418066329,455.147451205074,9954,37.4469253034559,0.21477912949569,io,medium,waiting
888a079d-16f9-4de9-b130-ddcb6c6f1a8d,5/3/2023 22:18,27.6337152737049,80.4514890473365,42.8437179084686,298.246368827302,6152,71.748948363332,0.472831439291656,compute,low,running
,,36.9523540139649,52.2911096006969,759.160836593303,,7043,7.64118927674254,0.80521220749541,io,,waiting
a839faf9-acfb-4e2b-aa6b-c0a9dbf45cc9,2/16/2023 2:21,37.9893903786017,90.0675414204412,535.646963698835,445.337837785747,7402,14.8863081805481,0.961806272684373,compute,medium,running
349ec9e7-dffc-4d88-aa8b-5eb581f44f9c,3/28/2023 9:39,56.045058870978,,375.851630187188,26.8310740078018,8569,54.681645219645,,compute,low,
c5a396c3-0083-4753-9c50-4133825c4809,1/1/2023 0:16,66.8218229542771,98.165265897262,794.7628195802,426.592620154142,6187,50.8393832846673,0.0396283067716397,network,low,
4675cd2e-3e01-4ec5-a67e-b2d9d2855754,7/10/2023 4:09,28.6716683040394,,179.857839407282,239.648015107311,4624,80.968839885807,0.79430766261536,compute,high,completed
35ccaf16-413a-46cd-bda0-db5c1d09bc53,7/19/2023 8:09,1.94624673093003,21.7329159507605,,264.133116465617,9119,52.118835712001,0.814580512855562,compute,medium,running
3db3ea9b-34e9-4d98-b50c-187cc8d361b9,5/23/2023 1:40,39.9222383657909,95.0861511747856,513.903782682246,124.469610923871,3490,74.0237725962843,0.0840333499169443,compute,medium,completed
d4689015-6956-4a6c-8d35-15fb8b8328aa,7/18/2023 6:36,30.85279595544,37.6465092151192,793.170080075102,221.402728605695,9005,35.2112281001847,0.80858608069191,,,running
8384e40d-349d-41a0-9530-e2a74bf13292,,94.2184719018047,41.7295961612612,266.858528103736,86.8108124250681,7575,94.1138112151705,,compute,medium,completed
8d6fc9b8-897b-468e-9a5a-c70524fe8e6b,1/23/2023 20:14,88.8265040544043,56.3147034135641,90.9495833916119,,6583,66.5376001815252,0.696212642892604,io,high,waiting
f69c658d-a857-4166-9864-b6a89dbae51b,3/26/2023 6:42,86.0310678343419,61.7721831475689,449.791761239858,427.144991834521,9528,24.4671826400327,0.231764897227559,io,low,completed
155e0200-72e5-443b-aef5-8d5967b6c782,3/22/2023 22:51,65.2999760945243,12.8783774879794,161.842208900476,325.491229883946,3764,38.6831611977733,,io,medium,waiting
098f2e54-6c63-4f75-bf6e-77c442e800f7,5/2/2023 12:53,34.4289164698938,55.8548906900474,819.067475832754,344.456043397054,540,48.7021431050812,0.206128462266491,compute,low,
b32d893d-0b4f-4c9f-8d4d-03df8d478ecc,2/20/2023 0:18,54.8849267399304,92.8539802731851,91.2804406576578,401.465877451166,,93.714413512202,0.592495641583829,compute,,running
724f9dc0-2f13-409f-b04c-2b2963d282ec,6/15/2023 13:08,,12.3112915610725,,,69,60.9163677397583,0.0668199598739422,io,high,completed
ebbc6b12-077c-474d-b7aa-f6c8d540e7ed,1/7/2023 12:58,9.8610368722811,80.3465012819106,570.051776739739,404.991873708919,1063,4.83524526832605,0.463113858503264,compute,low,completed
0eab1a74-ce5d-4d1d-90fc-fc2b61f61353,3/1/2023 15:16,80.1074880255304,15.6991769510484,3.03792277805714,386.85701167001,2924,92.2571680396043,0.352141091624068,io,medium,running
,4/13/2023 5:46,4.11797913281216,31.7297898901456,781.242638566971,92.1109560994364,3466,29.4150176849569,0.395514875134332,network,medium,
8f54b4e5-0954-4a15-8db9-e0ba06032d7f,4/11/2023 5:50,81.6421031214355,80.3640900998419,476.083838381816,121.095324256666,,43.3138124992821,0.953120512155513,network,,waiting
40a806cf-a432-44be-909f-b7bb9655babd,6/17/2023 8:41,,31.6358378137562,483.4510204993,143.737958370531,2496,92.1954024251597,0.717951649745149,compute,medium,waiting
fe43ac8a-2d5e-4ce1-a032-2d6aa71f5f54,5/10/2023 0:02,5.10073088287558,58.3634304237908,810.628602019515,177.973247754107,2114,20.750074637093,0.812045313723081,io,low,running
1e43318b-2513-4164-942b-5f084c9ff458,2/5/2023 20:55,62.7160711461858,54.4433774604638,619.194312173345,475.241307848706,2481,97.5052802404507,0.991798516904692,network,medium,waiting
b334eef4-a272-4abf-b3a9-b1b18dcb6b5b,6/18/2023 18:24,50.2453074312897,5.74503089996096,307.831789491079,447.850013580043,,39.2934566538826,0.56082153423349,io,low,completed
c241acd3-db89-45ba-b6f6-316df91089ab,4/17/2023 16:46,,31.387018477528,921.374441033023,0.436900320616606,,29.3347433732157,0.0401357430503231,compute,,waiting
9660ecdb-cd59-4bd9-8914-d464496c351b,4/18/2023 6:10,14.8378937677375,71.5941287755244,400.609783776004,325.91522012829,1412,62.7551597643885,0.867540931389052,compute,low,running
0255dc9e-8263-41d1-a497-61af57f3631e,2/11/2023 4:48,77.3259126067023,72.6697685484403,,141.657562518587,4913,32.6282647311146,0.0979396630801474,io,medium,completed
3b3ecfea-e6c9-4430-9ce6-82f22b5ac45c,3/31/2023 11:37,56.7692748836844,61.2452756067421,384.703135454723,456.625010764588,6561,48.4859782313277,0.388776387320963,io,medium,completed
1b6585c8-19e1-49b7-91a0-638ca00cb2e0,2/27/2023 7:58,98.2999134916532,44.1270066672856,767.668098267986,295.258275446465,7805,31.5851464607656,,compute,low,completed
c8fa8b79-2a01-44ce-ab99-1ad4294c937f,4/1/2023 13:52,98.2247777288344,62.4635454463634,259.680087960248,386.24731566458,9806,2.51365503372553,0.544245985531498,network,high,waiting
065ac19d-2c50-4000-a861-82287c39a407,,99.2666993464266,99.6820957705799,227.981958125179,464.968668617401,1983,,0.0130397143133444,network,high,completed
182e9a85-bba1-40e8-9952-56be559340cc,5/23/2023 15:57,11.8615518365765,44.3187136407288,,371.564429524371,4572,,0.498807537218825,network,medium,completed
29a3e79a-4799-475f-b5dc-8da41022e3f1,6/12/2023 21:07,93.8256136963962,14.9338960811939,527.354284628893,64.8175781523409,1761,,0.853064805114484,compute,low,running
7577815a-0676-45b5-bef3-101d783c1fbc,6/17/2023 3:36,24.4569609020562,65.4518512295214,899.045010540492,339.405034290147,1694,96.8969492047427,0.0018827327469203,compute,low,waiting
d513e53d-dcdf-42b3-b4d0-edb29d9e6eab,5/6/2023 14:00,45.8212259758612,9.00268935963575,175.68303961291,166.577990413422,8624,60.4095151265133,0.268776948079499,io,medium,running
404d2e74-9121-4ab3-a157-bccf60ea57bb,3/20/2023 17:48,75.7406555821726,59.5028616042996,741.5415924094,445.745790203326,3167,64.1560049224673,0.248551238985167,compute,high,running
45fa3dcf-91bb-4b5e-bb97-ba795d55ad3e,7/4/2023 13:42,20.3620932077232,82.0354532815292,943.247402025377,451.140670743076,,96.5919330225772,0.552143743230329,compute,medium,running
07afa5dd-532a-4908-899f-bcec50a2bb7c,1/1/2023 12:10,56.6311605554329,,771.005375557888,313.508104877664,2847,55.759349938651,0.0851507061462217,network,high,running
ba0eb210-d65a-462b-9ff8-82c9938146d2,4/13/2023 5:29,18.5816748225995,66.6114899653448,150.17569199545,20.8363933876352,9664,,0.492524490941003,compute,high,completed
cdb05d23-12d6-4961-88a0-e8a68a3f2996,6/18/2023 16:48,10.4736106681293,,539.472378787032,187.396739177496,4704,47.5952399336812,,,low,running
945348c8-e74a-47d8-b2a8-cf20496c7841,4/10/2023 17:17,11.6558612429598,87.5721988566807,96.0215868476148,256.920600445058,6776,33.2882747361815,0.866195369253064,compute,,running
4d798cf8-2f52-4c87-8666-71ecbad62d26,6/24/2023 8:20,35.7639034848218,1.2293980056226,101.366379353375,68.6647949835967,4434,82.4343107215641,0.601095016148114,compute,high,completed
deb55c35-166e-4218-9b5c-0522319070a8,5/9/2023 14:42,0.465483683718348,85.5775006727994,123.339316831109,466.732521947151,2826,34.1140224240536,0.795170618842946,io,medium,completed
edb440b6-f9e7-4e79-8491-45970c253690,1/18/2023 21:09,42.4853921201689,39.9465864637223,559.638366652007,282.233274626195,9038,,0.427187254168458,network,medium,running
3d593e74-d350-46d9-abce-f1222764a208,6/28/2023 10:32,66.4197105081149,,397.806276306264,84.1119549787663,2208,36.5846589629338,,io,low,running
bffef227-d8c9-44af-a916-97233d72fcba,6/9/2023 14:38,40.1688185003988,,354.420430839503,122.542806216951,2173,64.6087610946089,0.915714733491295,compute,medium,waiting
b53ed2cc-53d8-4e2f-93bb-c4ccb95e2c68,6/12/2023 18:23,8.57946005198351,22.7048794222577,584.178772219395,,5631,97.7127676007684,0.460676671779005,network,medium,completed
d6ce353b-3742-4519-ab7c-3fa4f71ec6bb,3/13/2023 7:08,6.26888620236405,32.6999379540733,108.569492502603,187.162035000117,5459,7.7327781032466,0.0678318758594342,io,low,running
9d6c7172-3c02-4e61-86e2-2e237450058b,6/19/2023 12:39,27.8116512764861,39.6307707719731,391.099044592897,213.47476799154,9358,41.4824683560753,,io,low,waiting
ff8327f1-1449-4a76-b511-87a54d4017ca,5/26/2023 3:11,16.93126905436,81.7963423748238,815.846890096614,290.104456671735,7643,59.7814343520984,0.260479961413902,network,high,completed
d20441c1-659e-4c3a-bb2c-2bbbbb6343c9,6/7/2023 3:14,96.5094973217969,65.1978290993986,306.341816076705,191.297877605144,,44.3792776357992,0.157632178609281,network,medium,completed
5852319d-c49f-4b7d-8ad4-fd4b0faa5816,5/9/2023 11:42,15.1230224974085,90.3017132691307,,213.098522786045,9335,44.6759199703584,0.832240216281622,,,running
1c56e1c4-4356-420b-a1ca-a87706b71b87,3/30/2023 9:59,80.5462437404996,82.2792002836366,530.896032684089,409.173199796835,5827,61.4587245486222,0.866107734644935,compute,,waiting
,5/30/2023 22:39,58.6107941741144,29.4424308196951,595.750403057755,352.915308107769,,66.7922283532867,0.648356212084354,compute,low,running
f1df8401-2629-4549-b9b4-071c62a7160a,5/29/2023 0:15,,48.9376402115735,105.327086579347,352.903130331844,313,43.869940130755,0.0471095279448331,io,high,
ba1715f3-1fa6-43c0-ae80-84dda816f223,6/5/2023 2:46,51.2080715923784,0.623855725369459,490.230105939379,69.662407038216,6982,,0.593199994826011,compute,low,
c19a9cdf-d6bf-421d-a41f-2e4ea77b5797,,97.1763076113951,68.1748905722684,901.608785870893,409.694942896117,2207,92.6999366404033,0.0764651100239196,compute,high,waiting
7623e820-0c9f-4d4a-9694-dbe563d5b129,2/15/2023 3:21,36.3844775091637,29.9163509436436,58.759730232021,387.959504289636,4044,91.463879362267,0.287388991713118,compute,medium,running
cb9ab6ee-57f2-4a3d-af0c-030d5f4659f0,,78.7915750953876,35.6244279107857,249.345205542037,462.288357813232,2176,90.0927090083423,0.838003615161736,io,high,running
8ff3e4ad-0ba9-4b68-9bd1-83540f2b4479,5/27/2023 16:52,55.5294107466959,74.224110557221,420.829846338438,94.0470485572466,2271,33.5749028229062,0.894569823968086,compute,medium,running
10b1fb00-1d7c-4b45-a1f3-1468010932c2,6/16/2023 2:44,39.5633667625726,74.3835303522781,277.547779078506,185.815435347282,539,88.1070966881391,0.276403883690708,network,medium,running
9be40a33-3004-497d-9ce9-07047d49dc87,6/2/2023 14:08,95.546593330578,81.4962937276908,540.054805934867,283.201407760563,9199,53.2323988978804,0.550638440034016,io,high,completed
e6642ad2-dc37-4012-880c-b7c16959d2dd,2/2/2023 10:33,59.8315969364687,47.718821121604,561.445819083103,,9250,96.3794285524858,0.788115763874574,compute,high,running
f460c955-4fb5-4ae6-a4cc-c713eaf5298f,1/8/2023 8:20,11.8916942146013,18.0964534867616,796.647567564885,419.068378578185,,49.3947177194315,0.368505787799792,network,high,running
d1b6e186-4f41-40b1-b50c-e75a7445466f,5/8/2023 22:05,41.7539200996856,9.0518089869327,914.926079821727,270.745086680713,5244,,0.167842904280943,io,medium,completed
d64a9573-6bbf-4942-9db6-29801e6264b8,6/22/2023 23:11,78.1581727681607,76.4296705234567,848.658237185443,118.081898638755,7797,,0.368614474923301,compute,low,running
d4b20c3d-71f3-4a69-9806-2530b65dadad,2/14/2023 9:04,,34.9128034624915,982.143625307795,187.931810268208,1911,21.4094211511371,0.625132225521897,network,high,completed
36eed4a3-8c3e-4b81-9dd9-f879556dead7,7/4/2023 10:47,,,69.3225195142904,276.160505742808,6658,,0.48131200482046,io,high,completed
,2/25/2023 6:34,25.937738414152,72.9038625149483,257.839667634531,363.175848285762,7749,19.2360616769884,0.803808187531967,io,medium,running
5eecd768-1572-4a6a-add3-56c535178ff2,4/15/2023 10:58,75.8193716353823,,616.054507058658,61.2671684474379,7245,87.790304034015,0.732963828802059,network,low,completed
,5/19/2023 13:52,,33.8219214508009,542.730050054967,419.424601984838,7541,0.134338556202395,,compute,medium,running
024f430e-df28-463c-9e5a-b4ba424ae0b0,7/7/2023 1:50,57.3609746966815,4.80687910917281,390.060221666329,,5761,73.2315303876867,0.758799945715419,network,medium,waiting
ba71b08d-e0b8-4f22-80d4-901a6ff134c6,3/24/2023 1:06,95.5046681006283,19.183815510022,864.538734128689,194.085004293626,393,65.2417183114793,0.771501054047659,io,,completed
,1/19/2023 11:50,97.9286319989177,,682.201844460765,354.014455888023,7556,59.0423324945065,0.848592902100784,network,low,completed
192caa44-bb64-4b71-8793-f451229317d2,3/16/2023 14:41,86.1590963925563,,485.131185465976,105.546086041412,9151,38.2210466230247,0.1808445137936,compute,high,completed
2ae1d8e8-fe34-4f5d-b687-7031cd5382b4,1/3/2023 14:10,35.9097087730296,9.37253414089075,335.873307101476,,3396,90.9815746193946,0.018312646840584,network,high,running
5656e27e-11a8-4ded-a4f5-f5e8172f0c9a,,88.7700835727319,3.19174981261025,360.002636725409,166.485005085184,9353,72.2589299980176,0.0657661168704886,compute,medium,waiting
d9bd5905-aa4b-4213-85fe-438daa950989,6/12/2023 5:16,63.8609177641413,55.5225210817903,791.850231759326,208.096958790268,642,13.2725253128129,0.335339848840975,compute,high,running
11401448-cdf2-4a80-a113-ff2ee03c4b52,2/14/2023 12:43,42.9996780470713,92.5492635468697,477.077976645948,358.806047031475,4978,,0.700498672546255,compute,low,completed
,3/4/2023 16:02,3.57426825004837,91.6920694250743,183.933601563218,443.942502743219,2489,97.7585199850471,0.720097226609332,compute,medium,waiting
0bb60deb-f8b0-4dc0-b726-90438da3c771,3/19/2023 0:04,,88.4054431440823,585.570329638859,38.2480412743367,3977,73.7410240909267,0.577507485055781,network,high,
dddc05d0-d1da-46f0-ad8b-8d2b19138f72,2/17/2023 9:06,50.2105580724113,41.8901116431041,277.456169676034,497.465383648811,3215,54.3140006155354,0.484406167068435,compute,high,waiting
2b0b404e-495d-496b-9680-9710bdc57bad,6/15/2023 19:43,78.618849946506,83.1251268884713,155.36442962446,233.091415066616,4768,79.2302237065126,,io,low,completed
,4/12/2023 15:22,74.8022799343269,39.0380540466073,943.400388330669,,9999,,0.956323131984045,network,low,waiting
24bd445d-b540-4b7c-a5ed-392cb17e3fa4,2/7/2023 14:01,79.3567368048352,6.03313277086157,216.25870162545,342.542160307508,7269,72.8330533198308,0.46506243480654,io,high,completed
e4051f0a-275f-4595-872a-ab8055ee508f,,30.0651158696766,71.1180744736587,45.5558383510674,490.493870623451,6723,54.9434245363909,0.196925261267416,io,low,waiting
ed10ca98-769a-429c-a9ee-eb930004220b,3/10/2023 3:52,80.079859906763,37.5773717626058,,284.170521039896,3105,,0.862399571947032,network,high,waiting
40b74b31-2b5a-430e-98fc-40b60d404bb2,6/22/2023 17:15,54.8846328466167,68.3144921995021,918.023217427879,194.787931523246,1035,69.0980083367262,0.785862052598285,compute,medium,completed
d35bb35b-1ef0-4a95-ab9d-0e77d284e63b,,47.3326200449143,56.1712596616214,,218.988243259375,7715,87.3562990177274,0.634955967417504,io,low,completed
a87c10bd-f80f-4113-bf61-0cda15672c68,5/27/2023 15:31,67.5125913820757,9.34545456126044,750.225176940119,,,,0.97040480277083,network,medium,completed
f67c6573-6af7-409d-b044-7a0745c6d495,3/31/2023 5:07,2.13586829383483,13.1042317089096,,477.673304485728,,3.73827054867631,0.209262235911539,network,high,running
,3/12/2023 3:11,10.2316815887594,76.0158591346442,777.62642384687,41.9488730620848,8937,28.9805852775042,0.973855049176665,network,medium,running
b2524560-b5f1-4930-abf8-b72dd90791af,6/18/2023 16:29,29.2177365167522,23.4523449929355,604.819789108548,,8619,52.0951115748482,0.187522301905678,io,medium,completed
43bada84-7b2c-4823-bf28-241d7794bb91,5/30/2023 12:20,98.2990109957839,39.8132759264181,38.2449665000016,136.592726772129,6166,26.2787064071033,0.109527398334874,compute,high,waiting
f081e643-a15d-41b9-a3ae-9c6f75fc9073,5/15/2023 13:14,13.9745778864955,87.9762650875809,175.031314667484,13.2430166577678,2887,99.1134030326601,0.746331659302979,io,low,running
94e57817-dd6c-4134-834a-809db660504c,4/23/2023 19:11,33.059630075921,69.6895850856396,491.079951996107,439.202353117637,6675,45.4680796801161,0.508974606240274,io,low,running
,5/18/2023 23:10,5.10530646919236,66.8120751800932,927.450812993235,129.51977225133,,72.9475586204917,0.604770832839056,io,low,waiting
38e0bddd-fdf5-4774-8342-02f9ac086408,,33.1268880292726,66.5869121616583,582.587253273007,222.881746649465,5739,88.5318409740534,0.368347965940528,io,high,running
206b3fee-9302-4e95-bbaf-738fe1c752be,,32.0326286510831,47.496969948943,,50.1419542052992,948,98.9252497615286,0.257196243045295,compute,high,waiting
139638ca-e7d6-4736-852f-bf38542d5a37,,94.6807170944522,95.8582852817132,729.382749291055,125.92544105649,5484,95.042748690226,0.774963211540735,network,low,completed
f03aa5aa-20e3-4335-9445-cd2cf3225459,1/19/2023 17:53,84.515408699572,99.1947199471793,49.9242227662005,404.398034321212,4531,62.8307551848785,0.197135163320456,network,,
489249b7-50b6-4c58-a9e6-eb35d1350cda,5/4/2023 18:22,,14.9568034315005,464.503868443271,9.37472596855343,4438,8.55505496720778,0.342755317991796,io,medium,running
8547f7a2-35bc-451e-ba37-ce595a117ce4,3/5/2023 18:02,2.47690580392486,76.4417289665092,90.8662491570807,227.68743633726,6581,,0.196799610843677,,medium,waiting
4e56a8c6-392c-4bcd-bc8b-3a470f8b7dae,6/28/2023 2:16,83.1031113995378,2.41534087456779,728.591651027739,14.2800069454347,3373,69.6860758647791,0.166081179510073,network,medium,completed
a38f4ea1-d859-4705-ac8d-b8495516f545,1/2/2023 10:30,66.053617714454,61.884356502415,2.33483457703409,309.906108619142,2255,,0.870116587060791,io,high,running
fe92b729-f151-4edb-8fcd-d3a9b0233e74,2/12/2023 14:10,15.2364483651309,13.225277596987,776.791046973056,162.724867683609,3442,42.5114081134634,,io,medium,running
5a1c58c2-dce7-4848-9920-242228d930e7,7/11/2023 0:17,99.6071271010187,,3.78597788180057,297.504596423993,2862,2.65030563529562,0.81212367014528,io,medium,waiting
939312c7-61a8-40a3-8d18-2c6461511a61,3/10/2023 17:45,10.0233437424123,40.921422513593,981.757506889018,498.292814572781,2433,96.5881210459886,0.0436337548497435,io,medium,running
0d587df6-cfd6-4e26-8027-ae7b84abf94a,5/22/2023 15:52,86.7114541593662,69.7924556840566,250.238904752838,466.594904644481,6082,,,io,medium,
2288cb9d-38ec-478b-bbff-044fd4cd8b09,6/29/2023 12:32,29.4266164129688,48.9564476878794,39.2916621868401,236.188381988647,,39.3622753063618,,compute,medium,running
6adb241f-a989-4060-9420-52e840268c80,7/11/2023 16:40,43.5353466325157,69.2098375555195,73.118182421822,376.651991115683,,61.5541659894203,0.209082233714014,network,high,running
caa230b3-1233-446d-9232-2289adfb513f,2/17/2023 23:52,79.5456526776314,25.1558790136761,223.502739619354,,9560,8.29552302784556,0.349150078369845,network,high,running
a46df772-f6ae-4f92-98b3-e365f30589ac,,67.750835599401,99.0628361919785,474.388541491228,392.699770198779,,,,compute,low,completed
7e5cf7fe-59d3-4a17-81d0-2d722ca14b37,4/2/2023 20:27,93.7864374444039,63.3073231555237,452.016970484143,,1369,28.5299806135105,,network,medium,running
4823020c-6a3d-4c86-b31e-685a42c2c717,2/2/2023 10:32,62.1140325460383,58.3505777599005,248.093726890563,262.271827046999,5791,41.7335200259684,0.151031978007196,compute,high,waiting
216889d1-feb5-4b4a-9483-9222ebbfd83c,,9.78101614790527,73.0785969081052,594.845421694805,173.25502497105,,60.3707248392383,0.210840128647665,network,high,waiting
3491038c-427f-4630-8477-21b1883e5b9f,7/13/2023 19:08,88.436036324195,27.255613614541,65.6106941946642,255.90034454343,3081,,0.477669703476444,,,completed
24d5fab6-0085-49bb-a4e2-5ecc2b951adc,4/10/2023 9:49,76.9155524988591,18.7278541290254,801.236003689359,205.783739836249,,53.4503882929686,0.0811216288800472,network,high,completed
47b67159-2162-4ef1-bde0-9523c28e73cd,1/21/2023 22:51,71.1870450893322,98.3456461453104,896.381334180977,122.196413458206,2610,26.7762910089891,0.251418556162307,network,high,waiting
4f5b8799-0859-4f6f-a035-634cfe3a9c19,1/4/2023 12:27,,14.8938176473699,834.474207316437,18.5968710887157,9616,87.5491920041243,,io,medium,waiting
dbb9ec26-698d-4d1c-97a5-5e0401b01c25,4/11/2023 3:01,39.6222744661744,94.9210780390083,161.588242181011,25.8642964586794,3773,39.1069089433681,0.474263046613292,io,medium,running
02f4147f-8452-49de-a76d-47eafd7d0617,1/24/2023 11:40,16.7435819459539,76.5346470207887,513.817435902545,450.102650728215,1223,68.8387340162325,0.55266200292856,io,,completed
4e2d2c4d-a42f-4c80-a8fd-168c5d442193,2/28/2023 15:41,82.1903908407869,39.3224486020778,574.073222463956,46.275371587119,8165,28.9791560163741,0.754767360667341,network,high,completed
99f927fb-26c9-411a-b4b1-2f63fc88fb4f,3/31/2023 4:17,70.0528622817862,90.4961944487691,440.922483207476,435.971464951579,9362,56.7634280464039,0.203060523732319,compute,high,running
a0c2bb0b-7a9d-450d-928b-53f4466c97e9,2/22/2023 2:23,,26.8801007716673,150.66833142881,328.513956915603,5281,30.1127615405386,,compute,medium,waiting
3400f891-8383-4eac-94f0-7b3a359ccc6c,,96.6575106924164,30.9426232932851,254.804292908893,403.657357308191,,64.2913772641711,0.234376873193485,io,low,completed
f157d055-d2eb-4469-8717-902e9f44c52a,1/21/2023 21:47,77.4747614192498,6.63308615609059,199.716091553079,438.006868396399,736,47.5561775188277,,compute,high,waiting
534663c3-375d-426c-8eb2-24793caa58ad,4/25/2023 7:46,99.4233083220762,19.9625961106056,697.30277847941,37.7011916947794,6284,10.2025151341672,0.96842652587334,io,low,waiting
fb1365b3-64cc-463e-baae-a6d19973387f,,61.4769886144298,76.2275446623805,459.684723364473,427.451736531389,5897,44.5299162369008,0.51300936192927,network,high,waiting
46390742-4444-42d0-9209-c3bc9cdfeb20,4/28/2023 22:57,,70.3084677326584,519.992101510456,,1374,99.825181504608,0.538119373127108,compute,high,running
ba45af02-bd69-4cbc-9326-1ee6e41af59a,2/26/2023 22:27,1.42515151502958,27.1454650007577,153.535158365129,52.9667386873742,3474,91.4417370253627,0.672131439139211,io,low,
d1f227df-ce37-465f-938d-15aa4e8d257a,2/1/2023 1:39,34.2103875203788,58.3872271057797,160.215938063685,104.813494123759,3025,99.8107579177846,0.755222289323615,io,high,
,4/5/2023 10:38,82.3471719067537,9.40523488754384,316.763653352631,205.779033475793,5729,19.0949552989982,0.779577962298731,network,,running
03cdc5fc-d50d-4e44-be26-99f6059ba535,2/27/2023 14:27,86.6134706324731,29.1518719271075,694.151372190647,496.457146654995,2509,19.9449141532947,0.837496507814681,io,low,completed
964c5b3d-ba58-4046-92f1-52da66a6abde,,96.0812528822677,42.3658961020433,748.126437576715,25.1812635343337,8926,18.9197631139115,0.661268187215145,network,high,waiting
01dedf3d-8d0d-4567-be05-9805643a2dc5,5/5/2023 14:31,6.51214685488183,63.1934741546895,706.47256810958,445.980685998156,9325,67.1052927148958,0.626578474444741,io,low,running
bc44a945-16b0-4338-9d06-df3db08397fc,7/6/2023 17:31,4.4571110987664,54.2642131997998,599.790552622024,439.174857103909,8818,81.6705977669946,0.930722812638193,io,medium,completed
,2/1/2023 4:40,91.3283596367033,5.22658974987472,476.301183889036,101.294325951481,7880,,0.766321966410564,network,medium,waiting
,3/19/2023 5:55,30.5046698362861,48.1020023052178,407.338862527019,92.8432349287294,3173,15.2113965474172,0.495477380727949,compute,medium,waiting
,2/12/2023 17:54,55.7987400609632,37.5358073393679,863.510640494309,236.40817688556,4854,5.52237680833627,0.210722015274389,,low,running
020733dc-3b7e-49e4-b9bb-2da1dccd543f,6/14/2023 16:49,98.2444883000709,60.3368361736439,333.061465051063,269.963359671487,,11.3109512721712,0.630942750046468,network,,
d3c05589-9a5d-42d1-8329-da04ca24a6da,5/8/2023 4:23,40.0448534735923,99.0127322633504,133.5162797473,379.385733980959,4791,39.2720581995746,0.690362484349464,network,medium,waiting
e88baf32-4e70-48ab-a65a-d26e507ad9ad,2/18/2023 16:14,66.5871398309839,53.7806890834175,307.563646739981,431.773763605385,3353,64.2883069979972,0.0873705941672942,compute,medium,running
0dbd9082-c5fd-4be7-b41b-7cf957c25af0,6/25/2023 14:14,40.0879563631985,77.471749541956,561.910934802321,,9444,,0.079267146571612,network,low,running
67b58da0-a30c-4f0a-a9f3-dcd50ffc5239,5/20/2023 13:47,76.8194664462779,36.8428667792021,701.49321889727,,9609,83.0137368484192,0.352452861770253,compute,high,completed
16cd87d0-a157-41bb-9e5d-ce2e1afb90f0,1/31/2023 1:27,52.7714725572865,52.083904684406,916.860411400023,389.881992782363,4934,78.848876924867,0.572589480835438,io,high,completed
4419c861-2286-4539-b214-babad51ac85b,3/30/2023 9:04,,35.8433566984945,730.453194351758,172.488472714135,8279,3.49996938782126,0.121775011640964,network,high,completed
4e312481-d198-4868-8cf7-8f30f3d26cf1,1/18/2023 1:55,27.1306101258466,20.0235239344677,754.440679027339,225.913179867896,7861,18.7968279352127,0.626798298354622,compute,medium,completed
19351ff3-08a0-42f6-b84b-5925a513d514,5/11/2023 4:11,25.8059212538407,58.0090952214806,341.371545807893,298.064394208511,4915,19.5599811838631,0.0221802020380484,network,low,completed
501bdb36-604c-4eef-b329-57426eb4dbc6,2/10/2023 6:07,53.232032825856,56.7698647111809,645.137502276385,265.649689560724,5305,62.9524674797084,0.943626162247007,,low,completed
cc930b62-ce3b-4487-bc19-2a0ef43fa23c,3/25/2023 15:28,,22.2174811484969,840.551256294498,354.423631390802,,31.4181393657396,0.982714919908941,compute,high,
d8235cac-95d6-4643-85a2-238eb3271808,5/25/2023 17:05,94.9279900043142,92.67483723185,125.556325145734,76.3395614237658,4567,32.281678879872,0.598593414801074,compute,low,waiting
d05eaa95-081e-4297-af74-6bce37de4347,1/14/2023 21:26,69.4087375082979,61.5245917715338,768.721518909499,181.694429832697,,62.6008938951739,0.0569370225847107,compute,medium,running
cf3d9b8f-e758-4986-b283-a06c8bfe8345,,78.119284396239,75.8467758329498,518.810450166144,348.46696007693,4532,46.2595884300508,0.701408601098324,network,high,running
,1/10/2023 16:49,16.8926115864565,34.2128653457093,72.6534531791833,406.62344845748,,0.932126260676835,0.211794381464681,io,low,completed
43efba8c-977f-4815-92ad-87a1a6bcec74,4/2/2023 23:33,37.4062625007325,,995.331323604807,161.700652472,2856,46.8000719026779,0.420532936451331,network,medium,
65af8561-ac36-483d-9d52-2535f7eeba8b,7/14/2023 19:56,41.3780219858266,84.6039943133994,983.999580734511,,2916,99.4205858812412,0.596417142509658,io,high,completed
b4d82dbb-d353-4d59-b3ff-634d1e655a85,3/8/2023 2:45,68.6380230000473,,,217.929878122223,7036,,0.960159724452732,io,low,waiting
acd12ee4-94d3-4b1c-ae46-642e4daaceb6,5/27/2023 17:08,,,583.66402245283,485.794982145447,2244,1.46894595008683,0.439398636868195,io,low,completed
ad55919f-6e17-4a5f-be8a-fa618320aa9e,6/3/2023 18:59,30.3291921419666,45.6610225592652,38.7916805162127,,3879,87.0964174262331,0.819894349250306,compute,low,running
,2/13/2023 0:13,35.5889154640868,97.1014337951151,487.061207828659,303.152765832107,1815,68.4379234000158,0.148792744734207,network,medium,waiting
,1/17/2023 11:29,,49.9366157180349,212.796920203423,185.096878400549,7999,75.9473710463214,0.348680406286632,io,medium,running
c196377b-314d-4cac-9534-9c43e120a708,3/1/2023 22:10,57.7590090043348,,,452.856360818428,6788,,0.343746720768714,io,high,running
d6cd776a-e410-487a-96fb-821e7f6cb7a7,4/28/2023 3:30,,54.5865574288284,493.525637997889,489.389530505678,6721,63.836189224736,0.577101558521356,compute,low,
,5/9/2023 9:40,7.82460996904688,84.4158768869297,742.364258451593,53.2434922247397,2800,0.254653574822272,0.872696854368792,compute,high,running
c1804db9-7804-4e9e-bd64-9040a5efac3c,2/15/2023 22:34,37.1286944282499,36.0012145780976,263.638647454264,261.385839537197,8209,81.1269025302298,0.976904049164503,network,,running
eec92e08-f4ed-43b5-a0dd-d7ef1a91d554,1/17/2023 18:58,76.6591050606158,,2.11177748928004,304.149488996226,2280,37.4289192868915,0.667329409700462,,medium,running
c7cb1d44-3c58-4063-a1f3-364e0381ee51,5/14/2023 6:37,68.868342647868,13.7234461060943,692.716543695977,493.164050685344,,58.7390133235168,0.236303372243986,io,medium,completed
cf68bfd1-3dd0-4b04-89b4-9304a051fc63,6/7/2023 15:30,,80.6510357415022,,174.399110886673,5219,1.5290235839998,0.754154543658019,network,high,waiting
c585e2f0-2a7d-4f2d-9b26-1f863e5c3658,2/5/2023 19:14,76.7210066054097,77.810591833686,,,1869,61.0777464002643,0.900001401527434,network,high,running
6785874a-2a08-48d9-8fff-19bae747ad91,2/20/2023 22:10,28.7152712886329,35.9135480623216,139.587844615142,142.669089741894,4723,,0.391708992460755,network,low,running
a89d79a3-08f0-4651-8d7a-1c3a67e3f731,4/18/2023 18:38,,,519.531631540491,122.704064216061,3568,96.5589801923889,0.483610302515278,compute,low,running
cb0e0744-3c8b-4b17-b877-3d33a8334556,1/30/2023 1:51,54.3352640316769,44.7379991712764,208.067871599859,242.283540098241,1386,60.6038965252234,0.849726212282663,compute,medium,waiting
,2/7/2023 4:34,,59.2684895156396,572.845745365362,116.969119250679,3948,,0.309570922407644,network,,completed
2bf71765-6e7d-4f4c-a96b-c5cfe7c6d635,5/14/2023 19:28,95.6870569105646,95.8278596592693,492.82888079181,99.2532610105642,4325,60.2390468727856,0.0021942037614967,compute,medium,waiting
,4/13/2023 21:33,27.7989944795465,45.9637825475962,514.250293589564,,9999,35.3602923377354,0.156168974495065,compute,medium,completed
ddcb94b2-712e-4a36-ad96-24454a783858,,79.3281672757048,5.34736873802728,624.829356932099,359.989850487177,3340,24.560708336087,0.892706134840604,network,low,completed
d34856ac-6beb-4876-82cf-4197e57d2981,5/25/2023 7:31,65.9970548523262,40.088719338151,,130.217694841118,6222,73.8105633738833,0.320625551760217,io,high,running
25bc66b0-9409-4e0d-a1ce-91e00a352474,3/5/2023 7:34,58.023787086346,94.2157840364931,227.707174151197,116.502159567867,1810,89.9350241244685,,,medium,waiting
b141ea0a-7d04-4892-afe6-97a31357a20b,1/3/2023 0:08,77.4879779347401,,783.317182448764,115.065717694042,1615,69.3137465386661,0.414378789618842,compute,medium,
2f451b4a-1d3c-4d62-be19-3282b7ebc894,3/18/2023 7:27,94.4032466428099,83.4212325947403,136.841451787477,346.254769872303,2215,,0.43794087940917,compute,,completed
8e85615b-f80f-4c10-9252-cab913b6cda2,6/13/2023 19:34,3.66914178694129,78.6120209404011,480.272425126995,405.309594509755,1310,41.2918155515976,0.135345970923221,,medium,completed
,2/21/2023 18:57,,43.8524739946967,42.070216099931,143.399462863976,9252,94.8175964649244,0.0536947066514271,network,medium,waiting
8871f563-a3f6-4866-ba62-f5435f33714b,3/31/2023 16:59,75.6287231501115,91.878711980717,892.004099955789,138.573023966764,8295,75.3011842784461,0.163675454582412,compute,,completed
7efe040a-a9c8-48a8-8fde-6a6b5ad48edb,4/22/2023 18:19,8.37913529100845,,366.23030997479,140.726092542596,9067,52.8793360990432,0.277153425463199,network,low,waiting
8ef1526f-5002-475d-9300-f823892616aa,5/24/2023 4:56,51.6123700741093,64.0780264139914,354.430650283535,294.162620023648,5710,78.5053982443371,0.774199337642667,,,completed
,3/30/2023 2:38,21.9860776641606,21.8311383529051,766.285609447733,,9056,2.98326960385654,0.82024406229523,io,low,waiting
630001a5-2781-47b4-8f1c-726864673bc3,5/12/2023 1:11,27.4295703842751,38.5002120376233,707.607689703721,66.6064117746176,4180,7.03376087921263,0.5327364673414,network,high,completed
ff0d5355-e0ed-41e1-b4ff-3ff194b8bd87,3/5/2023 15:58,70.1840482944416,45.7590072447096,11.7312527900714,192.927247186694,812,18.5209269763855,,,medium,running
20f7f988-60a6-4e69-9a99-f834346a0347,6/24/2023 16:51,3.01927732687116,91.379387848962,,79.8520655636248,6471,27.8233856751951,0.960672824426625,io,high,waiting
,4/7/2023 5:47,87.3319427901903,11.0517840451434,476.161165932844,275.438298046574,9349,5.73193283001246,0.405875487196606,network,high,completed
a17d2c28-1aae-4bbf-8029-302ee08ea888,1/13/2023 23:34,44.447895535227,4.43836243499403,,195.023814995924,,32.4243139339525,0.300889480119641,network,low,completed
c1e25c47-6885-4f73-90c1-ccc563cc8d70,2/26/2023 0:38,50.2393293907101,15.651488460621,439.08910511372,147.710495272203,8195,49.0692288164825,0.965731233127582,compute,high,running
038d7634-f07e-45d0-9eef-7f4e3a9cec17,6/23/2023 6:23,54.0047963693691,2.19963219734515,961.532225402013,126.487584635116,9485,56.9832613012166,0.112617156649647,io,medium,running
1e4d3280-c14d-444c-b76e-734ba75b255d,1/18/2023 22:19,64.5544294579494,76.9642170171039,981.794369292869,211.053835059609,3584,87.1809343931231,0.0271230026581132,io,medium,completed
e2cdea8d-bcd4-4eab-b051-6a288b6d93f5,,34.4856586622748,5.42087716057758,158.19089836506,460.254457176505,7484,12.0227401758148,0.321100704624455,compute,high,completed
18ddf57b-cb3d-472e-b626-2f1368bc0806,1/27/2023 9:53,10.1107490563491,35.2949784352939,952.076803225348,289.299178926144,3240,75.6880325313755,0.0645625736059735,network,low,completed
d0c7af04-f977-4e1a-9403-3d52970d0b76,6/21/2023 1:15,31.8378936666176,19.7263409370924,957.459162826413,440.202930496052,8048,58.991421095916,0.0320119233844629,io,medium,running
ee4428ae-13bc-445a-8a15-f88b393d6572,1/28/2023 0:38,16.814211802282,71.9641468101499,387.664144379095,99.2166464787311,,,0.781863091978746,network,high,running
a2766635-05b0-4818-9194-aa1b42665df8,3/29/2023 9:28,55.6133179450473,,566.400406090632,357.052198579977,4504,28.1369830827248,0.412910334945303,network,high,waiting
258c58d6-93ce-4246-a57c-d3815b6a4e8d,1/7/2023 8:13,31.8028630960386,25.2604499454311,,35.8384970591157,4529,22.0859334882197,0.791506918848485,io,medium,waiting
5081aeb1-3953-45bc-a4c2-dfbeab040e12,7/11/2023 17:11,95.8067177993434,42.1436575554777,922.205829295072,173.984166742743,6838,69.4805210521409,0.89525864459994,network,medium,running
a1b52087-da1f-4eac-98a5-3eebad703274,4/4/2023 23:16,,86.1625914878954,67.3585877455825,175.106938765887,4338,67.9613195348066,0.509371004941948,io,low,running
4d954aef-6dce-4250-b3a5-7d55dff6d7bf,4/10/2023 23:56,,25.7214584770233,495.583114502124,90.7635853998961,4895,25.1974974151796,0.959506913618427,io,,completed
40c7caac-8687-45f8-939e-8550c360e7d8,2/22/2023 2:28,61.7497267667286,4.29819275382715,935.898927702715,210.625569858325,8079,98.0451852129428,0.718669893051537,io,low,completed
661cde6d-236a-492c-a3b7-b6810f567c9b,2/4/2023 0:08,98.5378564567106,25.0867103816373,,178.362213286895,5019,53.0736398386182,0.00208080094405804,compute,medium,
1b45c91c-0a01-4710-8a81-7efb63bb05de,1/2/2023 15:32,88.7283151235186,66.179887117806,185.093883901791,312.294637909886,8640,2.66756457184784,0.680752798284318,io,medium,completed
0f2167d5-3785-436a-8515-4aa87cabfd14,5/3/2023 4:31,76.5069949158139,81.3258565308984,446.239556032793,316.392435366141,3093,53.0990644922939,0.709467203150654,compute,low,running
a02e294a-3b03-4605-b8a0-51f12dfe40db,,31.3590611742701,78.2982412681648,752.026631398571,276.406851501493,8364,19.6201509676074,0.837112508087739,io,low,running
96d0ded6-759d-4df0-9fdc-22ed3a019f9b,2/20/2023 17:42,36.5539028118076,42.9124855118967,191.078680083924,8.81983055593832,2630,40.1731392121463,,io,medium,running
b3aac848-e33d-4134-8da9-a0d2ac4fd727,6/22/2023 8:22,20.1266765760865,80.2102154679106,909.753995085405,230.599247578398,3204,94.0481549789179,0.890053688457072,compute,low,completed
cb1cad31-7f60-4198-b52b-504ac536305b,6/14/2023 0:52,48.7148126917374,25.0282971905706,372.20609722278,99.9235899827751,8175,72.3975199113202,,compute,low,running
1b8cf534-8733-44ee-ad5b-0c8cd0ad918c,4/11/2023 19:35,99.0368522139579,,121.734928682154,176.296678814319,330,4.97922704921848,0.394584048505293,io,high,completed
4ddb9473-4da1-48ff-bdf2-fa3abebdb7a7,2/3/2023 11:48,91.2150953011588,21.0346614990184,798.849286570202,423.831177557195,1371,84.5989358784165,0.297274754742912,io,low,running
e8c308f5-52b5-4624-8930-3c6155025715,5/28/2023 3:59,11.8349434019469,82.8179755683406,973.21408096063,200.189205164711,,5.06813442404197,,io,high,completed
650bff1d-4584-4359-a255-12fce7bed480,2/7/2023 22:09,2.51902892905061,,256.365140911059,403.187316731425,7060,8.02691043677365,0.929624953839818,network,,waiting
48cc4c66-67a1-40fd-a9d7-092215fc43b6,,89.8637668408266,34.7055498387586,274.136593090365,79.8761322773409,2305,33.9565217627379,0.209352815767393,io,,completed
43af7327-eb76-45cb-bb78-112688800540,3/20/2023 16:56,53.7170127948707,,606.783032783838,377.538222040537,7971,25.6389106195342,0.146320008480419,compute,medium,waiting
d981b970-58f3-44ed-aa9a-c57b0c0eb193,2/14/2023 9:39,20.0189888208456,11.1790688825542,794.454589181462,64.3943943722671,8251,83.3566578968993,0.482906464067371,,medium,running
ae1173c7-f88f-425b-affd-4f452d60d546,7/11/2023 3:19,67.3653269584635,80.2159473978183,720.901793070194,,,68.9971867471731,,,medium,waiting
3d5eef3e-92c6-445d-b5a8-15e4ff5bd13a,2/25/2023 20:53,,27.8151981971168,303.129492091431,341.283494247742,7380,28.5572176366653,0.9088775401156,compute,medium,completed
9632b91f-99b7-4f8a-81a0-c59a8a709d76,2/25/2023 13:51,12.2085606836467,29.0037052052552,564.804288350069,166.204609628662,8786,20.4963006690114,0.734836686541087,network,high,running
b7bbb591-064f-4482-9e68-614f406c2f93,5/31/2023 1:32,25.9600233497619,68.6936954887043,391.0675560131,307.750588472408,8872,34.4989830979964,0.14447507651095,compute,,completed
ade77dfc-9608-48b4-b919-150f96cda965,,6.00779643132579,69.6522075160006,576.605790929095,55.5954155484776,5046,40.5932162018555,0.194374747578031,compute,medium,completed
af1f332b-a5ad-45a3-82a2-c2339828961a,6/25/2023 11:30,20.9860473870141,13.7594775445641,866.32904757912,224.51882944831,8870,71.5278018798044,0.689942278185701,compute,medium,running
f34e89a2-87dd-4c1c-98b6-204606eb6a4b,6/30/2023 15:39,13.2305674853062,51.0532183259401,178.258004591346,446.624490384911,27,11.3708367481242,0.660342830302986,network,high,completed
32053d19-d0ff-4ec9-9d23-8cb58945b601,,19.3236292474556,52.0980479566264,127.394310181901,429.386318653017,1050,31.0456373071961,0.165789190887747,io,high,completed
285d3fc3-2c88-444e-976e-37b241ecdfe1,4/18/2023 7:52,68.5467145913117,37.0458060773503,,316.762002442955,2994,29.9554028802709,0.544860330728743,io,medium,running
e96f66d4-5a04-4b04-9f85-a10af7615b6b,1/24/2023 11:19,,17.6455460806149,818.944907698363,233.122233979064,,61.1693973246468,0.291585609016024,network,medium,completed
282f5cdf-c1e5-4a64-97ec-c41779485f77,5/11/2023 19:08,10.1854615248216,22.8026814035564,580.673158070744,361.956188711491,1179,6.81842822528818,0.675231352847848,compute,high,
25f74649-5f94-4488-a889-cf3183d80b4f,6/8/2023 21:22,13.4173638078287,50.4721810177523,337.791584174382,62.0822818475085,494,51.9659938479477,,io,medium,completed
68a72939-4c2c-46f2-a4d4-2cc77486307c,7/16/2023 12:57,31.6541120958134,22.1521568654422,,309.334880652497,4992,,0.83661764169082,network,high,completed
313bfe1e-a156-4a2a-90bf-66005f8fbe40,4/24/2023 11:24,29.875031085194,46.2374296339423,567.612952372057,190.40284131681,4444,37.4245626177222,0.546770093603828,compute,low,running
9df1ae05-bed0-4608-b9b9-34139a850c78,5/19/2023 8:55,25.5063785316639,30.7231115751562,762.135262631757,371.35822005833,3172,85.0248243183269,0.00910824053816317,io,low,running
b006ac86-3073-4727-8102-667bcdb6f97c,5/6/2023 0:14,75.0536653432416,40.3839717304135,,162.776959385058,5299,81.0581960999646,0.498093559273382,network,low,completed
f4b598f6-21fd-4926-afaa-fdc30ba67e3e,3/4/2023 11:46,99.80227877581,33.7939666438835,693.727804494098,104.774546866186,8863,95.7822223816877,,network,low,running
2012b138-2ec6-4ea1-9eca-75de07a793f6,6/25/2023 15:44,53.3977923628795,20.7548050836277,968.631015177032,12.6175918697382,1240,56.1352570440973,0.421050800118079,compute,high,completed
5571437d-345d-4856-b900-5cae3ffb3cd7,5/22/2023 8:08,94.4202717913942,2.63214345932868,365.187497871062,487.548150146873,9574,66.3086385629179,0.882210335250448,network,low,completed
0be5f4f1-5dab-41d6-bfbe-a562979963da,2/16/2023 22:55,,95.7657570766474,116.211389691404,122.341276060387,4002,6.13012798690053,0.230322434184438,network,high,completed
51f7f28e-ad4c-4048-b8a0-0dfe0e72c89e,1/12/2023 12:09,10.6682446802713,70.948740195945,408.728029569397,74.0942107366459,7564,27.1551319215527,0.503061626604288,compute,high,
8f86e475-9ee6-4fb6-86d8-c672ddc16940,7/6/2023 7:55,40.8773829469837,,788.234112787719,84.7862165588618,8755,60.9954415318152,0.111747041711139,,high,waiting
c16c153d-3a33-43b5-aaad-56d0b036d57d,5/29/2023 20:47,29.6127773414693,14.9426329362026,110.647927345475,,,81.069177204683,,network,high,completed
bc42e98e-e3eb-418e-bd1e-3a4ebb77daca,4/12/2023 12:56,49.3406962289178,63.8987996692633,651.421251456741,19.1851073114289,4729,34.8284789482235,0.815768046282567,compute,,running
33f6b6a3-babf-4869-9b68-ed76efb2f6ea,5/18/2023 13:53,,87.0943021140135,62.46098728819,477.38131262841,5167,69.9999440393055,0.927436707152244,network,low,running
980a933a-d7bb-4b44-ac5c-2ede9b713c72,6/23/2023 20:55,46.1050219152408,40.6082738150675,,98.5772381772088,405,54.8941143335446,0.384137643512305,compute,low,
ad003eef-1bde-4af9-98c3-e12be9982ce0,3/6/2023 8:25,93.5160512077825,44.564176325849,96.1822588213808,418.883559107614,6729,99.954981707135,0.397836130373941,network,medium,
3cc35d95-be75-4e17-9d4f-c403d379398e,1/14/2023 3:28,88.4764822299379,18.2461308981615,494.130305869854,47.2779825318272,1586,5.90522418469966,0.308754431505776,,low,
,6/11/2023 11:05,70.1977595166197,21.9958746427482,793.226911793165,158.38287588337,9773,78.4629904746178,0.36319542389534,network,high,running
9d2bfcf3-f764-451d-bbf0-0587b29336a9,7/7/2023 13:09,48.9684912364549,85.6253537080739,828.065179890015,,5137,35.245483077418,0.566476265586919,io,medium,waiting
7749f8e4-0652-4557-a38c-738c80ad7dbc,6/2/2023 0:10,13.1687281814456,63.4894835970566,,171.011524297389,3645,91.2607178381591,0.888386570603072,compute,medium,waiting
b7dbbfde-62a7-4b8f-a52c-70ba4636ff73,,39.7013666777633,40.5123350077754,170.970381236701,266.919539999822,9221,62.2768336928728,0.242589060319406,io,high,running
4081a9b8-7564-4f5d-a792-070c4b3225bb,6/24/2023 1:15,70.4401539401173,43.4370947085041,891.76306351814,,5054,2.70972938938248,0.888862773835213,io,medium,waiting
327dacfa-aca3-4e11-bad8-5f81bf51468c,7/3/2023 2:33,28.4885520553731,3.07955857161711,685.130152391074,130.640989684439,7386,14.8846377394171,0.507504623187631,io,high,running
f615b797-1a3b-4039-8e7a-e772a81f11c9,4/11/2023 22:12,10.398807754342,,456.709750967467,128.609412058444,,54.3681647804751,0.544702870615883,network,low,running
9ea37342-6047-45de-ad79-437341d82adf,2/9/2023 7:11,90.7898457510628,17.6920813925002,26.5196680977393,,7022,34.6790655631815,0.464388732259957,compute,low,completed
cede9b97-ee5c-4f7f-a0bd-9f3b88741bea,7/15/2023 21:31,70.9050809815544,88.8689685366176,41.8652021853549,347.963703651918,2193,75.8353129907756,0.673467143050293,compute,low,completed
110010d5-a9f0-4106-9be5-7e02640eab6a,4/22/2023 22:00,61.5276426635097,1.83595889900741,,469.445309149295,9714,,0.539897421293463,compute,medium,waiting
af81774a-5ea4-4a5c-b522-ca8705a9075b,1/31/2023 6:24,79.2498905608916,99.4940387848136,900.408597752269,359.915717919587,5674,93.4935290257765,0.336070685820355,io,,
44b97369-b361-44b9-a793-6274eac3d41d,1/27/2023 16:47,83.5646037583475,30.8626323544745,455.268997700269,105.696630386812,4608,6.81011354167236,0.537496078317976,io,high,waiting
6cc58b73-48f7-46f7-9d77-e17c5eee19c2,6/5/2023 0:09,48.3458998171023,98.8545500994458,283.945389577626,170.569753957609,1947,30.827392668592,0.959994740345934,compute,low,running
,1/5/2023 8:55,88.118825140944,92.105453538716,933.159416010005,494.834874588702,594,66.6062475104452,0.6370904753477,compute,high,running
1c1cf161-519a-4eb4-81f9-11e9e893a277,3/17/2023 12:29,91.6419010701105,86.7634774746558,692.338377176155,190.175523636915,7878,,0.118939463504831,io,,running
870690ab-d111-45cc-8318-bf81466fae42,5/23/2023 5:05,27.1551095424781,27.0214351898328,747.992060558577,205.833059196508,3868,,0.743999163681448,network,low,running
1fdbc4b1-60c3-4165-8878-7ee37dd0e177,4/6/2023 17:09,60.7545359790794,52.3426021296363,631.249076882864,198.3036598521,1649,80.6869490876827,0.893600984280028,compute,medium,waiting
defeaf86-2c38-4d0a-aab8-b60c5d7f6a42,3/27/2023 2:14,52.6584028820469,71.1599993978812,967.787052317119,436.054710690349,4249,19.7899192918498,0.954741075495717,network,medium,waiting
f30f3695-7898-4671-bbdc-4ba395760695,1/25/2023 2:58,53.7945779151902,69.1297948471457,50.2914967745436,421.055253962993,6599,82.9532943646642,0.372528567184826,io,low,waiting
c5af9576-691f-4631-9e8c-4ffc0b7bb17d,6/26/2023 11:36,93.7663093964562,,94.3439287975674,483.229084745094,,83.7771760985221,0.94094331106238,io,high,running
a2125f2d-6fb0-4fca-a2bc-a164d0be689c,3/20/2023 3:51,30.5188702693029,,929.128864694624,263.194754061802,3916,,0.972599583890039,network,high,waiting
,,98.3433978234576,0.0894990707886456,351.517124578304,460.880811846988,5089,26.5571206297229,0.908350193519039,io,low,running
51927b36-1b17-4c2f-8eb7-0d37b6f85567,3/3/2023 13:06,90.2131214804232,73.3876250614736,903.337566183648,320.86763085065,1145,42.0710346993005,0.969668394524201,compute,medium,completed
6101bfbc-2f43-45d7-9200-e11a0ec0d9f8,7/18/2023 14:29,45.8722888613502,40.7133890629307,477.220064553301,261.116986397843,5131,,0.164937327740189,network,medium,waiting
0d07b6e6-65a0-4ee1-b886-ff1b0391bdc8,2/8/2023 15:03,81.7453263618166,2.81712407219826,799.455957242705,6.81207001735778,2517,21.4926590075782,0.416236859647902,network,low,waiting
38b539f1-a971-4357-9ae5-ab5f08dfb908,5/20/2023 7:34,76.904699432014,24.0446760182802,756.684621757587,410.274146919101,,70.873963629962,0.72151886450491,network,medium,running
,4/28/2023 8:10,67.7894969618521,48.2103152367976,460.606088823754,304.922820865094,7011,54.0582202263731,0.544455037022108,network,low,running
cfd6956e-534e-4f0c-84f8-2875a1698306,2/2/2023 1:15,31.9833889383154,36.5054075677728,363.088110658415,45.1606340326519,6629,43.5655573608512,0.603655785665502,io,high,running
a3a2c892-e3d5-4c02-9c5e-fa73c68a0b9f,5/16/2023 6:01,19.6450991820953,0.208312372734154,841.530766280326,151.151928704034,3380,15.9332241042692,0.131536874584823,compute,medium,running
b4e70f71-4bcf-47d4-9483-626e338359a5,,67.1527696765758,53.3684981256609,878.352617391469,288.526840440926,3291,19.7500449725482,0.239210704137452,,high,completed
27aa9de1-3754-475d-b8ba-c76e9e8f713c,5/25/2023 23:18,84.2973296401084,18.0486573239165,565.004197128256,361.230079252673,7311,74.5251364397071,0.470871890574607,io,,running
d99687d2-015f-42a7-a970-91bef7b07287,3/19/2023 9:24,1.62527886773696,42.6140911090643,222.20619839847,118.678369421955,,24.844326433233,0.438474083712104,network,medium,waiting
50001226-e3f9-444a-b1be-086391f60f06,5/28/2023 16:13,64.2803375308512,84.6969835835084,307.328023021373,,3365,37.7481557524355,0.310291403223278,network,,
0e116698-0e7a-4046-862c-f1e8ac81e642,5/18/2023 6:30,44.2873024622212,15.9322799686142,70.0550619779913,212.471082920052,5544,36.2187807023615,0.121562915121474,network,low,running
678acae7-1d03-4124-8e48-0c354b89fefa,,89.8087755126983,78.7426039328924,896.759230331452,486.282331896578,1670,66.6143133773924,0.986730138152112,compute,,waiting
33e9f2a9-c757-42a4-8ce3-0f3389fdac21,,32.1472930854205,14.9309706822491,467.956045778046,417.044916195748,3547,6.30611531752073,0.0427406719899682,io,,waiting
a6109486-0ced-48e3-a81f-2beca4d7c462,,,22.2805858161338,,267.954578871326,3864,12.1564854860573,0.223248496406664,network,high,
c77e41ee-ea13-4f2b-9742-7933114083cd,7/16/2023 5:42,,10.2837250628984,488.23970822867,337.087420116324,7453,38.5219000248754,0.206575232904538,compute,high,running
8bc2209b-add5-48d5-b789-e48ec7fc310b,5/17/2023 5:17,14.0439521371052,14.5380058065458,528.839156042828,416.581130262176,3582,16.0142850261655,0.310032060277428,io,high,
f6b29939-6cd6-4ca1-a330-7aa213a4c1d2,2/5/2023 18:18,71.2892302698906,31.9542452222792,326.855825168002,447.726342076864,,69.507727146911,0.463350676988285,compute,medium,waiting
d8c75fa2-1371-4fb0-a9d4-1a3895c8e5cc,3/21/2023 9:53,83.0476345120959,93.0658534078759,878.837783070519,213.841882418158,6763,,,io,high,completed
a329b2c9-976a-4566-880e-3f94bb91a2b0,,5.79092768962602,19.9367586991047,687.043723944625,448.676942304659,9160,14.1757287201173,0.581692315163781,network,high,waiting
90bcbf44-92bc-45b8-bf9b-01da51cefdea,5/8/2023 8:59,29.1388820536902,19.4116292894169,,,5730,94.7434738623992,0.300556963920262,network,high,running
ae43eb24-f323-462f-8e45-540c4e075e06,5/26/2023 8:56,3.80446815350579,47.2206371207287,897.783029119772,299.247506419788,6925,97.0923234025346,0.747373113788738,io,high,completed
,7/10/2023 18:42,95.6544104688242,30.7115250518037,,102.151059608104,7288,77.4812064748975,0.73289340766689,compute,medium,waiting
ee43c8e1-0b2d-4473-9417-4f5fae0961dc,,66.7168820703823,33.5812292431955,689.267013867294,19.2735700817389,7811,70.8995136920728,0.325540710101366,io,medium,waiting
245b90d9-e657-45cf-9c86-091b371f1243,6/7/2023 0:13,96.4200419454781,31.7727742115427,685.38449518739,94.4573499546542,3938,47.3830420328817,0.64271537745389,network,high,waiting
5d57ec70-a6ee-4866-9505-858f32bca9bc,7/7/2023 3:11,53.1494278331307,41.2180477359612,652.783166708649,452.072042003888,2348,96.7011557394863,0.888776605866884,io,high,completed
349ae3eb-d802-482b-bfc7-cf4b4293b532,6/26/2023 14:45,80.2068523895613,,827.434704925505,,9370,79.8284385653118,0.835231214292135,network,low,completed
0b38f75e-0af6-4de9-9c3f-8b49319cd796,4/30/2023 23:59,37.441398387974,78.5383510606584,583.128711826621,322.820045038954,4878,18.9479701463282,0.707223404659397,compute,low,waiting
abd5f99c-4762-4ab0-a60e-a76625070a62,6/13/2023 20:19,35.381903257264,8.97038403682493,474.87654632492,84.7161011078536,9443,63.0172633693431,0.469195518415726,io,high,running
71048fd6-9385-4f0f-8afb-92959199a4a8,,37.8267817105132,,351.816151801266,424.568602627161,3429,88.286775068225,0.566788447614954,network,medium,running
,2/26/2023 23:39,65.7862133726428,70.5686137552262,318.690252354403,450.597544155513,8459,43.7483225249481,0.702557033253491,network,,completed
7572081c-748a-4953-9339-c9ac0a96e754,2/22/2023 10:19,35.9453151021652,,525.800485454121,175.611950392089,4645,63.9962702143218,0.629365448847607,io,medium,completed
79ba1326-0a14-4e4c-806c-5e8f5c6caa4e,4/27/2023 2:19,90.0367451604225,25.189514666124,411.669426975892,2.19920221568808,5331,12.3836057802947,0.963120793027626,compute,low,completed
68111e16-3467-4dc5-b123-c28a3d234bc5,3/25/2023 6:25,98.3274865050155,19.4095964712666,861.142159761013,140.926436972368,4994,29.4773988614162,0.922466737432801,io,medium,completed
3fb8ce21-4e55-4ebf-a86d-e15f3018fd59,1/10/2023 16:13,3.04265153370059,9.62924409971918,526.819355129033,,,68.2561973823182,0.923893827503008,network,medium,running
a136bffc-7fae-4121-bdbc-1d3a8484ee34,5/15/2023 17:51,19.3623290402496,4.43535027874656,36.6664759907338,262.300080190816,,42.8718662666607,0.687509843091247,network,medium,waiting
,,11.2249992587385,81.1213179460362,130.14204105584,309.370241766516,,13.025221894736,0.428492828932515,network,,completed
8c0d47dd-ec5c-46cb-aa50-c0da12809d4b,,4.23640470914432,3.72989843962636,284.504025415506,131.105327343411,9622,73.6203026197478,0.934604457164785,io,medium,waiting
78ecf75d-9461-4b62-ad1e-09336d93b72f,5/5/2023 16:13,22.7740993347286,55.9643130348472,230.812482500924,279.692220148271,1216,73.6893015196791,0.0530190365805591,io,high,running
,6/25/2023 0:36,44.6793320369081,42.7279117616303,,129.890838420441,5013,80.1769119300957,0.0939630735807646,network,low,waiting
da766e26-2d56-4a59-a9ac-5e331d02a911,5/7/2023 20:31,83.6990365288683,2.94244366043834,134.747574225088,438.449644855676,1860,31.1063836866263,0.382311667536879,io,high,
3ad20230-4e69-4dd8-bd68-2cea4ff3dfad,1/8/2023 11:42,22.1824030509996,46.449713947629,320.073435025713,141.383658748458,9862,81.2860943972839,0.722351734497147,network,medium,running
b6b8dea8-9334-4d95-b695-5346c247e9b9,2/17/2023 21:01,49.3945255662201,32.4987797916348,711.361810466334,151.248004091819,154,,0.977867534173034,io,,
ce236a6f-037c-4333-85db-58063c849145,4/3/2023 17:25,,31.4316201567866,321.083096645793,179.680758814783,332,96.3902972884991,,network,,completed
8df33ea3-32d2-4c6e-a6f2-bf4082637673,1/16/2023 10:08,66.7214706786674,70.7452362506528,,371.956867695038,3486,23.6485701178653,0.36939038062124,io,low,
,4/3/2023 10:45,79.8079019755997,19.39840307983,756.879207018409,400.790101675909,2169,78.5344354507906,0.604048293617491,network,low,
11ffad14-efde-411c-9219-95c3d00675b0,4/18/2023 18:28,55.0993970185486,71.1354756358953,451.661161215055,346.343809934118,7520,5.07237488081314,0.383448820415587,io,,completed
a01b7b6b-7894-41f3-8806-a221240bad78,3/12/2023 4:30,98.046645884063,,753.128769540348,200.655137484634,2328,8.05941379921159,,io,high,waiting
cdb661d7-6127-43ad-95a4-cca6097c28a0,6/20/2023 5:21,58.8662154681474,12.3450005647114,731.115949394779,411.843809962575,3784,,0.905129099969413,network,medium,completed
,2/24/2023 19:39,4.55107139625915,50.0422344214123,237.951278140891,400.43566753539,6182,81.0372672715751,0.860847237371305,network,low,completed
c75510c7-8ecb-42bd-9664-e92e24fd3da8,6/8/2023 23:39,19.7982799939794,48.1783489029293,,324.967162356869,2055,16.7584002237551,0.650749102920175,compute,low,waiting
b071e262-f153-4d95-a2ba-1f001f9b2558,7/15/2023 12:47,40.4773628957148,80.2935996721005,784.671335858814,255.535448318594,5936,3.25146797061476,0.299543875861304,network,low,completed
88ad4152-e49f-4efb-9c6f-fc90ffa34dcf,3/30/2023 18:14,60.1277172573776,88.4452031836736,82.0303868158108,358.547206293508,7059,30.5693846488975,0.787844420953325,,medium,waiting
bd3ab2bc-a11f-444c-b702-8619ae230079,3/2/2023 2:01,77.1930867408959,64.512044518915,145.31691279582,139.143381062747,4552,70.8066376990149,0.893926702312047,compute,,waiting
cef3b8f4-532a-4e45-a28b-9b67fbb3cd2a,,41.3086125903886,37.8458909362962,,462.957999216044,6483,27.5073317419324,0.663804829807138,compute,medium,running
8c00648a-2d4b-4f77-89d3-f52374c16146,2/10/2023 15:40,71.0058305015688,42.7436144044129,540.781126616867,306.895210739955,2200,44.7172561397008,0.387128056703437,compute,medium,running
a06c5fab-a8f9-4297-82cd-632146440aa3,7/16/2023 10:32,78.9869503109124,23.0056034549374,529.355587535206,80.5433883455669,,77.312936541266,0.688300599149485,network,medium,completed
a9a31704-8985-4fef-bbf0-ccb209446de0,3/20/2023 20:58,,47.3126038414917,218.093694456507,196.372925606845,2594,51.5785528098725,0.0972206065384047,io,high,running
9bc1adb8-2ef1-41cb-b80a-6b732b3e99e7,,97.9270240035818,99.5074676587592,501.608688566845,82.3865331473809,5587,4.26276652806141,,io,medium,running
e3be17ca-5561-4bfc-99df-e3ed6ae3cedc,6/15/2023 13:01,64.9656495235835,9.55804794254385,224.368573551914,437.304334607097,7037,,0.648336687529337,compute,low,completed
92f49abb-dff9-42f7-8b39-e1e685441b2f,2/16/2023 22:31,88.0998060786131,87.3585152965013,551.561183987893,392.642018064785,5769,73.2986392307308,,network,low,
36ad6e42-5fcc-4721-859c-089aa9af81b9,4/3/2023 14:15,55.5937688808606,30.6169653920825,443.792269574133,240.542947203707,7986,31.1601380805687,0.255221607314177,io,high,waiting
,4/8/2023 14:21,,55.0500555617636,,372.405056803081,7039,92.6542971508967,0.518787032351381,network,low,
8f40cb7a-6bd7-4b6f-af68-e41ade80401d,2/18/2023 4:38,77.0544061616365,57.5804325381265,139.506452771834,246.133447565299,2836,,0.718073089423223,io,medium,completed
cfb9ea4d-2081-439e-b9a3-4b0964ea4aaf,5/12/2023 18:56,90.8248379234579,,,454.077572642227,8955,54.0667322459815,0.500271447899687,network,medium,completed
,,15.034975687137,3.43100128531259,327.677854527754,344.200804028322,8685,73.1620241309457,0.747056392566491,compute,,running
1565505c-f4d5-4e66-8899-47ff6f6dea94,4/3/2023 18:54,55.8283424169248,44.2531745703218,842.198231340088,156.025820545793,8816,72.0956235230429,0.430126774712595,network,low,waiting
18b1de29-3d59-40b4-a07c-b8fd7126028e,,42.8378513105856,93.8349907250812,,22.7599598725504,1214,38.930510804804,,io,high,waiting
9be6ee09-3fa8-4242-9f2e-2c93d9315530,7/16/2023 17:22,92.315902117374,73.7345934370627,741.247296679207,478.043483001624,9832,84.8685833514524,0.00393548912421493,io,,running
ea950678-db06-4576-8a5c-23f4cdf2fac6,5/20/2023 10:34,10.5094694248999,67.8054647560808,706.288192759893,393.842784874414,7993,50.0274834978205,0.0978444946106215,network,medium,waiting
90d69cd5-1cbc-4f03-a4df-838265043c67,2/16/2023 23:28,,73.5706062679682,504.165941646757,95.9872224779884,4929,1.14280934771863,0.833504083156396,,high,completed
403b9522-7dc8-42ea-834d-d6e6a8c8af5e,,,69.215863239928,259.757406774646,272.182563597626,4840,,0.708419503994961,compute,medium,completed
562b0e24-8ae5-4be8-9f38-03c6070fe6d8,1/16/2023 5:14,7.38262815642485,67.5987761609282,44.6986026660327,292.577675034565,4666,3.28031469224345,0.206612974430549,network,medium,waiting
e763590e-198d-4c81-8cab-0bce74e42530,7/19/2023 3:37,49.0966385540474,20.8120497868518,765.452529731094,115.499816886852,8826,,0.993161437856759,compute,medium,completed
73094d21-ea21-4bef-92be-24580ecf10ca,6/9/2023 18:36,71.7559500212525,90.1528308993462,987.446732691493,208.94678386302,269,21.4854124257301,0.628891925523861,compute,high,waiting
c3ac5b98-2f2e-4193-b2ce-8afb7b5aa67c,1/18/2023 21:41,73.8151545691056,79.8074005801104,413.984362164822,,8190,59.169130923776,0.922968709903167,network,high,waiting
554e6e14-3650-4744-b4a1-76b4a804e45f,4/19/2023 23:40,90.649412523792,72.2502201223919,181.961784215474,192.872822256012,80,0.0757739406060831,,network,medium,running
ac882630-26c6-40a8-a8ec-50f87ee425ee,6/24/2023 16:08,79.986543558231,,335.539717649765,326.072371869282,5605,71.8141443884031,0.444037665758826,io,high,completed
75bffb97-e1a8-4725-a46c-c53f8c58e599,2/3/2023 4:13,31.0930380344089,53.6279302852786,17.1269525973473,479.218267617451,9675,91.5223245786056,0.976659785885551,network,,waiting
c6d4f3fa-35d9-47d9-9225-0d02f6b395bf,5/16/2023 14:49,49.8434785862452,27.903544224053,381.856273333333,161.469565398484,6178,23.962456541475,0.258367415607291,io,medium,running
e650a095-68f0-47e6-8ee9-5825c3dfdb97,1/26/2023 6:34,,95.9263956518255,446.592229207514,467.575620892998,,33.5099341755788,0.991063439428463,compute,high,completed
f3fcddb2-5429-428c-8cbc-70ba4900ca7b,,13.8436841364351,76.1516525755464,990.363495537018,114.1170709459,9294,20.6920304943855,0.336629107454416,io,high,running
8a42731b-d6d3-4f47-94d1-d9a698afc5b2,3/9/2023 14:19,19.3990797600197,89.7414764282915,411.36242718543,153.957503094712,8765,47.5543328637481,0.540845314489792,compute,high,completed
,3/22/2023 15:24,,75.6734032011322,352.144163295602,463.160976419858,472,33.8058285638858,,,low,waiting
829efb5a-eb7b-4add-bf8c-4154036fd97d,2/22/2023 21:56,29.8245798705512,,,99.9498446902031,817,7.30833365977969,,io,low,
a0bf2358-aeaa-4c9c-93b1-ca9e4ee0b493,2/3/2023 12:58,86.2559249784095,,236.097243430808,468.110748976237,8671,15.5825428611936,0.177614545005868,network,high,waiting
780b1a96-0d02-4aca-8ecd-14ae39c921af,5/27/2023 20:13,58.6277321520617,63.9462989776687,,325.572524459856,7893,56.5310083742357,0.189096924601623,compute,medium,completed
0c78e046-22d6-494a-b260-e9e329fa1aa9,5/19/2023 22:01,34.8665197718367,22.2804724545534,802.803545463552,123.848901012435,,32.9346372692955,0.217286661457798,network,medium,completed
7ed6e674-faab-47ab-aa16-8e497891b181,3/25/2023 14:29,84.883302560441,14.4227998956931,,126.408174944784,6966,57.6513948449042,,io,low,waiting
adb7da08-7612-4c39-bad1-dea81a4ce4e6,1/10/2023 16:51,80.4878448554238,44.4745775973186,286.567914019594,28.6409365788773,8894,48.7980116402959,0.61197213767867,network,high,waiting
c9073dd7-2db9-4339-96f5-4479384bf047,5/6/2023 2:56,99.8354877099269,29.2496455630912,217.283103895484,418.971198601815,3434,11.5778931307606,0.0342437051744601,io,high,completed
a0f4890f-0a44-4b50-b715-1bcada67c0c6,4/28/2023 7:21,,57.7946427161529,701.197326268937,77.0347434330753,6940,89.2602029215452,0.98584579607588,compute,low,completed
4e82face-00ef-49b6-8ac6-0900f153257e,3/7/2023 11:47,41.4456534805679,,362.216512907554,286.47218902211,8961,46.2830868519984,0.245554998924978,network,high,running
732879be-2af5-42d5-b984-f88888416e47,3/22/2023 0:05,,,521.424331773714,237.265116628157,6050,84.7993408916352,0.621583315672677,io,medium,waiting
f5500884-ee07-4d58-9243-b380757efeee,,84.0640908200477,61.2572720762126,479.648026052036,425.574139484874,6965,,0.785923122690018,compute,high,running
718f4f46-3dfc-43b0-b8ec-182ac1e7b4e8,6/14/2023 13:39,5.97579179603939,61.5135510530725,482.642709979654,221.362907117285,3345,38.6277129445772,0.112963326640573,,high,running
c79a6cad-3e68-4fae-b548-8bc9894dfa12,1/9/2023 9:08,35.0271207344854,45.5106186844073,379.473170433306,299.157673545274,8302,94.6498531131885,0.921625713607434,io,high,waiting
0aa58bf3-f1fc-4b5c-8521-9d3048fb16f3,5/31/2023 14:50,91.9737980771273,97.4334256026817,727.386800212616,258.430194795358,9130,15.8192527271356,0.611461477604271,network,high,waiting
935066ef-a30b-463d-b4eb-84582cf03345,1/27/2023 16:06,96.07664734451,79.1158837674474,306.995912643307,236.983948134176,5578,96.640723087191,0.252879058226898,io,,waiting
58679130-9c2b-4827-ba6d-bdd241c4b9ff,5/8/2023 0:57,64.0564593521218,26.5301545319482,718.559255830914,45.8163022388641,6607,,0.700143549940418,network,high,completed
08f895f6-1e77-4cb8-be64-d1376144b74b,,,,948.764433820641,18.5947725518297,5079,20.2609823653842,0.294711960862057,io,medium,running
91c2a6d7-01a4-40dd-9fb0-46326a798a34,5/16/2023 16:08,4.24544887255224,55.1946295705926,553.550160031638,288.943683381559,2927,58.3914924826676,0.216420433614409,io,high,completed
fa579949-0754-493c-b73b-f2901ac85c6e,4/9/2023 18:52,51.4480341089547,31.2597324463257,463.657890502397,389.038224793998,8304,75.8275764410508,0.726915172212518,network,medium,waiting
8643ce5a-8501-4708-a921-f969752f6865,,54.6868178806341,50.5420708272556,836.011473291596,411.485628643399,3501,6.98457073212802,0.0814891865828475,compute,,waiting
2e788960-ddf2-41be-a1d8-cdabe51b37d3,7/4/2023 1:48,34.0100746124111,60.3288758933354,581.316385267415,371.742701277257,,70.8474140565949,0.475371284267954,io,,running
ee50b0c2-b8cf-4a48-af55-c8501ee10990,3/22/2023 21:49,6.85968347538843,18.505754892232,,482.302001927996,6475,92.9714657948135,0.590627683805224,network,medium,completed
b14c03fb-a2bc-42a9-8354-dfc90a64e660,2/2/2023 9:52,22.8907599724394,50.0822966641068,811.923128381882,441.891715824675,2969,77.1159353256991,0.359612016537278,network,low,waiting
c06ee099-195a-4f30-9709-d5bbfec3e6c0,6/25/2023 12:48,35.7983936861196,,495.314786057123,163.309420898055,529,19.8451842697383,0.371147791071899,compute,,completed
8c30fba6-9031-45b2-bffc-fe44b4b1c1b2,5/20/2023 1:48,43.5141986516329,53.4705828207814,586.121934728611,77.3200459258646,2168,41.9005332898971,0.468203135498071,io,high,running
d38539b2-5b8f-4465-9224-d59db5f91596,6/17/2023 2:23,59.0926725533569,8.81439048214469,802.534909233338,246.41651154438,6846,66.7985839963039,,io,low,running
f98391ae-86ef-4302-b9c3-5429cf9c65da,5/8/2023 8:26,72.2391518698236,12.9906132833833,984.918933290911,55.6350670673138,5089,41.9522145309897,0.928818781037605,network,high,completed
400a85cc-46cf-4f8d-96ce-4958a406ef49,2/19/2023 22:36,31.7631873273946,64.8019955524752,773.09396858113,309.020032576222,4570,83.6280311315841,0.202658057117302,,low,running
25551906-401b-4174-8bcf-08e3f5cf3498,6/22/2023 22:28,32.8953759918983,78.5411102901336,491.931009360818,243.70943810911,8908,93.7304652480371,0.641352291740733,io,high,
,1/31/2023 13:51,1.96916427237037,63.6207953488252,,433.587548014286,6282,90.1717243371094,0.00889717814941737,compute,,running
b265d561-deb0-452a-857d-b72e2ed7f88f,,4.08748600940183,59.8863695373452,,65.778937142314,3515,7.80089579541947,0.844383067148323,network,medium,completed
b64eb025-3e85-4b6e-955f-1deb6588b7a6,,25.7821694308536,45.8328201412706,870.819619153899,328.36688850407,,21.042647136307,0.840836109085014,network,high,running
2e8e6841-8693-45a2-923b-c72d0028e466,7/18/2023 1:05,74.0244997674956,71.6891117427518,765.488520007739,,7915,58.0202678831942,,compute,medium,running
747bd522-2498-4dba-b4ad-059d5d8eb74b,6/18/2023 17:01,62.8313830373912,59.0941544272446,262.038281700892,181.984876797152,1776,78.8996288433957,0.307809446225001,compute,low,completed
80216d1f-ef7a-45bf-8df6-1513908a4ba6,,76.9789020677834,,,283.291989253677,7104,25.7388754221227,0.675214849686209,compute,high,waiting
fa731d44-9073-42a3-87ce-041f4ab6d9d7,2/19/2023 13:22,76.8919436214821,18.4020235288467,38.2185545817297,12.276900716284,4670,16.9094247363862,,io,low,waiting
949f37fa-0711-44db-ac3f-9e0273a36356,4/30/2023 13:15,85.6567467669301,68.6427492577324,266.113452062851,286.415249004938,8180,80.6999013200011,0.712466583074539,compute,high,
bd2020e3-867b-49be-bcd9-b09c7071abe9,1/15/2023 9:51,72.0319265986883,74.331045506928,709.654542950355,488.704755917983,6890,,0.441109199252635,,low,completed
56d4dd7c-34d0-429d-8256-a714a5c9c1a0,2/9/2023 11:41,97.9010919000822,0.225956326946497,,,1284,44.6976871454819,0.91751262896771,compute,high,waiting
1143eb43-915c-4585-bcb5-17bffef2bf1a,7/19/2023 1:05,89.8825219301817,90.4498950732165,547.57295340256,26.0402617746555,,22.8689784935496,,,medium,running
45e8dc18-b609-46d7-8e57-e6974b02679c,6/12/2023 1:05,58.6717166223234,42.7756034718254,171.034024255681,264.095015503278,596,70.3855873052255,0.793107932960558,,,waiting
af31c777-6abb-4c13-ac67-3da603e5a2ee,5/18/2023 3:42,58.8157670491171,1.14527365086389,204.053896869329,,5054,81.1786348831955,0.174424901560812,compute,medium,waiting
8cf2a502-2d2d-4d66-9659-d22570ee947a,5/13/2023 5:59,,30.6568882718571,900.341572737691,,5400,89.6799566201015,0.429443633111033,compute,high,waiting
bcf25fa1-0a07-49e2-a2bb-f80c9db2bf3b,,99.8526577708354,73.3593557951332,363.362545569714,205.472957278621,7697,29.4144722457322,0.624430977666212,compute,low,running
,7/10/2023 20:24,13.1575997366141,98.164620260219,368.810557556292,64.0264631235925,1017,76.3542702441554,0.997555649591172,network,high,running
8c59e955-9fc7-4a90-88b7-d2c6f1b08fe9,3/7/2023 15:49,74.0347196631592,,403.674150587508,436.625530080241,,25.5761028574176,0.806592010640557,network,medium,running
bd9b4d81-2b7f-42a6-bd84-e2290b8be399,5/11/2023 22:01,,74.7801727751299,418.41342345629,,4484,24.6104479769772,0.997457898844747,compute,,waiting
a1706f7c-16a8-42d5-851e-4ff55027a313,4/18/2023 21:56,37.3054529305203,5.3000650261675,,433.556482038179,8660,31.3438402104385,,network,high,running
,4/8/2023 12:44,19.6852054665313,8.79350409371195,87.6169034377629,488.912478087143,2290,33.3540061380776,0.742343800864868,io,high,running
d5af59eb-e109-465e-8312-3251e92d0136,2/28/2023 10:01,9.8759886790555,85.6045998517367,165.491250104944,246.208715391369,4064,61.6656360408235,0.0465775016300545,compute,medium,
17826f29-713e-43d7-8b15-a665c508f7ef,4/2/2023 1:06,74.8606005829577,59.9107106343679,49.7514682154464,221.656553507792,8555,33.3984884249296,0.440050015329974,io,low,waiting
,,45.2653529205695,87.1596313319877,668.309159605352,283.334866732015,3533,87.6593740810717,0.80419655565042,,low,running
a50b88dd-ad9a-437b-94bf-a8685aa84356,4/23/2023 21:49,71.3717759001135,26.2769148923542,469.843549675017,338.992007898992,7792,76.7135945878644,0.741651294134567,network,high,running
f0db573f-5082-497c-b64a-e85b8ad6dcdb,3/6/2023 0:54,91.54076488518,47.5586556413355,96.5498436765578,21.3299719832577,5287,4.59183299881027,0.0407230164900103,network,medium,running
,3/30/2023 17:00,14.6583736151056,36.1896120318372,664.359815943248,422.888967490896,5245,29.1957326197783,,,low,completed
294be60b-824d-486a-8bb1-938a2df882b7,1/9/2023 1:14,91.9171000723799,58.6976967667558,80.2380040576442,,8262,79.8359698292832,0.279455776817205,,high,waiting
69a1d6da-5951-4636-b5aa-00d3ac381ce3,7/5/2023 2:26,41.1626459508436,,743.339621506254,35.0602773753652,7887,64.558308756535,0.738529029022222,io,low,completed
a8bdcc3f-feb8-43ef-a8a3-750c35ac13c3,1/10/2023 21:49,30.5267009897289,8.62099668403382,,313.6392705538,2212,73.1303900883742,0.828693143622335,network,,waiting
73e18718-df72-40bb-99b4-bb2f28c24ac8,4/15/2023 1:08,94.3062260602779,74.8379555497066,514.795832906581,195.721387220541,5641,,,io,high,completed
17a56f2f-24a6-42b7-bda4-3fde584191b0,3/2/2023 15:24,99.0651692606399,15.2235931684935,629.927852848283,483.297220592934,8982,45.5080312974935,0.247541704821499,io,low,completed
536b4569-1fda-427b-970c-0acf4928f516,3/19/2023 4:16,19.8892217767448,66.7882247429135,669.646724735485,209.34575963184,3689,40.7154421752796,0.0376990432477014,compute,,waiting
1032084c-3054-407e-84b6-09157479501a,4/22/2023 21:05,65.6838346951983,35.0767957309447,558.021405678108,378.948103017342,4455,11.4416863891804,,io,high,completed
14160b54-3a2a-4207-80a1-7b7059c2153c,2/21/2023 21:14,10.649531377106,97.5252540267169,659.838299469981,,,35.7621813078931,0.0524611016668635,io,medium,
67d81740-bdb7-49ad-b492-90a6b977fce5,,65.0914003857505,11.5707000095125,671.293860525976,120.267847448221,2316,,0.659707158402756,network,high,completed
35e29ffe-fd8b-4ce3-af67-13f1051b070b,5/1/2023 17:35,82.7313227775849,81.7803253539021,362.253767484409,24.8805455082041,,,0.000340976652946634,io,high,completed
875ce708-29e9-4321-b1f8-287e44310cde,6/16/2023 0:50,68.4498546524067,19.2736483604582,113.728780419734,47.8477549528653,,51.5267427417603,0.129239667709354,network,high,completed
0ad1ef82-d624-409e-93b4-1826c38fcd34,7/12/2023 3:39,41.7333142062595,37.7299624647292,700.381004284925,355.23797759683,8542,41.2206594201208,0.0118292354395251,network,medium,waiting
6be4ff8c-310e-4c86-b63a-59553645d450,3/28/2023 23:54,38.3066359563769,31.5049898420472,,362.82571391641,9822,,0.621946650590139,io,low,running
1caf9b32-3a50-4853-9ad7-2391be80bb52,4/5/2023 17:03,39.3122415223417,,729.821515223077,441.657577411594,1459,97.7318704325006,0.197191984886127,compute,high,waiting
decdc4ae-d76f-4a97-a2af-066d49418d24,7/4/2023 18:29,58.9711817992923,35.6769729434701,607.992335305306,182.486244421476,9117,7.08235097154916,0.394745601240199,network,medium,running
36fdb9d0-b21c-4649-866d-d52b37a248fc,,88.1567270072495,49.4990699009141,,182.244881062895,4506,46.5316375875328,0.992858407715839,io,medium,waiting
cc8eb281-c3f4-455f-b011-6997cd7b691f,5/24/2023 18:04,92.9066157268767,32.7727603326457,652.220837892678,454.313928342239,8730,3.48215013979524,0.0110629218033997,,high,waiting
ac16f93b-b9ef-4f32-9242-7648aec03b34,2/9/2023 0:49,5.35296202073181,,,187.122621856106,5939,57.1820002205788,0.150331511334926,compute,high,running
7d05cd34-f7fa-4181-a692-b10beab72707,4/24/2023 12:15,18.1622394645688,,,101.16385502175,5497,55.6056235290829,0.801979858147316,compute,high,running
9dcf18b9-6a88-4b16-9a6c-55ab530f5900,6/13/2023 20:05,11.2224315828288,70.1668134068407,165.279862099419,302.593042517287,8244,93.1021101338717,0.883353575065912,io,low,completed
b48e72d2-28a7-4652-8d39-5aab6e859ec5,3/10/2023 23:44,19.3334640766914,51.5393862424421,880.39561675068,357.233565618221,7870,24.4612798184225,0.98865145891675,io,medium,
01888e59-7007-49a0-91ac-fe6d38fed0fb,2/17/2023 23:00,34.6607810609171,7.61994457387129,522.592660757514,70.2191249786773,7400,75.5621202864029,0.164026724643976,network,low,waiting
b13b1238-7dc8-4f48-959a-538beb615e29,7/14/2023 14:55,50.6531682622623,7.73805392146784,,379.900486393204,1475,86.295106873343,0.883531096091642,compute,high,waiting
d3bbdebc-ee75-4c76-a0cf-5ebac7c1c5c7,6/9/2023 4:33,62.9461227009152,44.506837345502,,7.08403960341097,8358,65.0427142576002,0.546269872107764,network,high,
b7795a21-8520-4a8d-b2aa-fdffdacc0388,,73.2142219139701,50.7132221425476,881.120409720823,66.6327065257265,3442,37.7698425818552,0.696153003658635,io,low,completed
b5239ea3-acdc-4439-af65-eab20271210c,,89.0111541385807,34.2099834590984,408.088275317017,303.849591176469,,,0.904469949505082,,low,completed
f64bb94e-9f36-4a7c-813a-d488b0892da1,3/20/2023 0:29,98.908843722979,87.1833774389072,,,4910,48.097788472899,0.65677037632408,io,,running
,,66.2856478557119,,,202.392480700964,,17.796033667818,0.669873447351493,io,medium,waiting
,2/6/2023 15:17,,50.5597784490842,653.372957545995,294.445302943992,7188,0.333752848725255,0.271514976584146,compute,medium,
ac5ef053-79f1-4639-8acf-96bf16892f5a,4/29/2023 18:25,,66.3980179170569,326.377685681473,271.242668337957,3087,63.1519842626425,0.654444594131594,network,medium,completed
2a574ad2-c158-4ea5-8a3c-be05e7f34060,6/24/2023 20:32,30.7532039218711,88.2456750049861,865.224817395702,378.980364985919,6530,,0.10360650054737,io,low,completed
bbe50e04-e096-4ad8-a83a-389ed8299b24,1/6/2023 3:21,87.5692270234923,11.2267269381882,200.035372676532,51.9858472422656,5817,62.1025346909033,0.564776905090753,compute,high,running
094391ee-985e-4bb7-8068-598b932eb40b,3/31/2023 17:35,4.27631379477988,86.8137165172937,149.544131652803,299.288703278122,7624,80.8276015766373,0.868441389200106,compute,high,
,1/25/2023 21:02,0.036734375145786,26.1332358590934,547.231031023752,416.248005974027,2292,21.772530445799,0.16400404847131,compute,high,completed
802fcdfc-4f5a-473e-934d-161f74faf62a,1/3/2023 3:00,,25.82449395311,480.312415493535,458.982297540926,799,45.9846344586212,0.984190955875499,compute,,running
fcfa56d9-a6ee-418e-8113-f06edc5e0ec7,3/31/2023 5:59,46.2097529627449,,,102.986672256841,9275,91.7315622627426,0.635124571193966,io,medium,running
dbcfcd05-50c7-44e7-bd6a-a4658189984e,5/22/2023 22:25,63.8362895000677,15.9797227369396,826.946263495423,396.771225248987,8611,50.4786452311142,0.185799764017023,compute,medium,waiting
cecc7e47-dd5f-41fa-98ff-a882c61b733d,2/1/2023 17:19,10.1770266544544,42.2135677533714,338.801539587685,457.576167503633,4942,86.514718822938,0.204740712261975,io,high,waiting
4504d66c-573b-4a49-8bec-fe1ec7bfb725,3/25/2023 2:08,67.301013383484,12.1255973817987,249.360984185797,377.608973356319,1282,37.5246447360909,0.109336263376169,io,low,
50059935-e9b8-4399-952c-0a3ae93fc531,4/9/2023 22:54,80.1815867059694,68.1966776332941,306.440914061887,265.601556738729,3826,60.4221133246636,0.580118684263974,network,low,completed
,3/19/2023 13:18,18.5312919579366,96.774283475396,267.763339758569,459.354134238567,9917,66.2830965189473,0.928731864702514,io,high,completed
c1bfa633-2bad-48df-ad89-781d4dafe52d,6/8/2023 23:49,41.5125254831793,47.5648870668628,18.6521700393215,432.99093314056,4685,56.1129542559039,0.0281969970419261,compute,low,waiting
e6e6f9ac-b97f-42a6-a974-89efa61bc82a,4/25/2023 1:19,51.9984989953309,25.9280396670597,737.296729180047,,8473,,0.591106790232321,compute,,waiting
fea9531a-8970-4d88-9650-b4fc0940e032,7/17/2023 20:11,45.180701808448,7.72074958829747,465.103172743836,270.702393681057,798,95.6683999849359,0.44507681361279,io,high,
d27e90d0-1df5-4ac2-80e1-2cbf0a3adfd7,7/3/2023 11:08,,69.1273448475899,877.735828396835,199.203198846436,6616,98.0377499098505,0.205822334215597,io,high,waiting
225f78f1-0130-4125-931c-7210b1a84fb3,1/17/2023 13:54,,22.598205470497,106.111593593314,111.257627395741,9663,0.761097451793668,0.0261101635379581,network,medium,completed
8338fad0-da9e-427c-91c2-935184dafea7,6/12/2023 0:04,,19.662662521296,435.562709949621,284.773390100214,8006,47.0114734246408,0.609179974583331,,high,running
af54e416-1569-4922-ab99-e493035e2b8d,4/23/2023 3:41,7.79928178758245,12.4289356041708,993.182462701436,,919,23.0059150918464,0.24818196097266,compute,medium,waiting
,4/9/2023 16:26,,,466.122926203347,481.168438171479,3047,22.0891072127939,0.285120471788681,io,high,
6c6b9119-49b8-46a3-a407-9d13cf90ba55,2/22/2023 13:57,6.65963322355511,28.6471604000548,941.467894090141,97.1786343902036,,36.1332186683933,0.607728750363909,io,high,running
fcdbdc6d-0ef2-49c3-b0eb-f1300e7171a2,4/7/2023 2:45,23.597038524157,,455.219602526735,432.310422236663,265,88.8595239137064,0.814595363647397,io,,
f165f83e-a52a-44ed-ab79-c2d7751fbb70,4/6/2023 17:51,15.3096896835722,84.0964571080124,288.302083517949,289.623680270364,7205,94.1973182441693,0.943164372111613,network,low,running
daad2c24-7495-4074-951b-ad3bc2494511,6/20/2023 5:33,19.7519106846085,75.6066923908299,310.100612029328,118.55867228999,6748,34.4204158228204,,io,high,waiting
553581cd-4cf7-4ec2-9d8c-1ffa76fd0506,3/1/2023 13:59,52.831512705735,64.8729211072448,898.52072808839,236.168747050991,6314,93.5064813798441,0.891622740203725,compute,medium,running
bce537b2-19ff-4546-863c-47356be4db19,5/19/2023 4:17,67.1689857610853,38.1427426202073,231.03138582215,468.947538361168,5029,21.9751501099862,0.664121029634018,io,,completed
16f89146-28d6-4c0f-86f4-275ce748f021,5/31/2023 17:01,47.0321282336041,28.0879839903394,6.81408017369078,175.343760615829,,15.3796150459815,0.67785199604763,compute,high,completed
60c7f290-a9a9-429d-8ec4-5af1489d5161,4/7/2023 4:06,95.9695639029243,75.3877370348984,896.698051245713,,3987,18.3244705625192,0.38358802674398,io,medium,
baf81e72-578e-4927-94d0-6102eb738d96,6/1/2023 15:38,24.0292320030166,72.8725999096021,,9.24420521060909,6871,11.1200283742762,0.498023985969262,compute,high,running
7535a771-8bec-4c42-b917-79864d2a732b,6/11/2023 16:14,76.3140230254792,72.012612432553,899.877637149777,322.247699628623,4524,30.3624756512109,0.890043739230655,io,low,running
803ce38c-8f90-4df7-baab-070ea7042c1d,5/27/2023 23:30,87.0182178507148,5.30689371391986,990.685605824317,161.474892100675,7702,49.5565962105356,0.327887797001467,network,high,waiting
7a17ffd9-039c-4b7d-b8d5-59a472c7714b,3/9/2023 2:51,56.2066110754719,48.02854476375,,224.923493386319,919,63.863461574262,0.395518885177219,network,low,completed
76d61d48-b9bb-4f87-a60b-46f14f485d1b,5/5/2023 21:31,45.6222501961553,60.6951958214358,276.715070944986,,5671,72.6365019230381,0.821628114272882,network,medium,completed
f9ce1fef-e8f9-4fea-a45e-893be9006135,1/11/2023 5:04,59.6184446779243,2.88162453755774,207.020940865128,316.850451532339,4816,12.0530634614874,0.0387247410450181,io,,completed
4823dff9-17a8-4096-9849-9fcc5b1c4254,5/12/2023 10:36,42.8809770160342,87.2560627456059,532.779106499858,335.680253287153,7231,28.8567529853858,0.410707457481203,io,,running
7aa6c4ae-8105-4baf-a027-e6ef8f020088,5/20/2023 6:01,55.5193882323369,72.5732820235269,993.178802513499,5.94545325267098,6859,9.9822132500334,0.224263086592545,compute,high,
dfc09511-7d78-417c-a9af-1859038c650f,6/17/2023 8:45,41.6933952128801,76.8846721626264,934.325409761132,200.487339355639,,34.2378667011075,0.831457976599054,compute,medium,running
a7bd7eff-cddb-460a-a9ad-7cd7089adf55,6/22/2023 22:53,40.0469710294134,51.0882074022295,883.746357986937,226.908077775281,,61.3426188016174,0.472528397591124,io,low,completed
ad28bf0b-a525-4ed6-8b65-42c5009d77bc,4/17/2023 18:16,69.5346468139529,,578.536382455238,169.480334299235,,82.3923330757091,0.972779725658867,io,medium,waiting
2bca96a9-5e9e-402e-a282-b05e258f9ab6,,9.28512130679679,20.0322437670053,935.345596199659,23.9565756685791,8480,20.2389994479663,0.134540889822874,,,waiting
66a091ab-a729-440a-8963-b13a49dfcba9,,16.654207272882,22.9083793289533,785.547961196949,288.348661206823,1862,75.7983402794929,,network,high,completed
2ccec96d-3bec-409b-b135-dc4f2f4fc212,,85.1198471715004,23.3452442539733,787.777584946362,216.222059750455,336,2.19748949996563,0.0486468053677743,,low,running
4a9df408-8116-46fc-86b6-ff2fe56bb73e,3/21/2023 9:50,77.1077346815188,74.5804305077965,58.1157914295756,246.667834851797,5394,33.1014671102492,0.2849446527538,,medium,waiting
5c170c5d-6f0a-49a1-a410-3898c46163c3,6/11/2023 18:42,28.1453727294393,12.4710078192863,238.915472593695,464.892175333483,6074,,0.258513620197092,compute,medium,running
165c6e8b-6194-4e1f-85b2-90dac01380de,6/11/2023 12:27,37.726893266576,17.3391466968111,102.943693545732,210.431072174579,8916,9.37444054157038,0.558820200866468,,,waiting
99883a5c-a6d3-4975-924e-ca9d7c54e823,4/29/2023 23:16,92.602650662848,49.1767221282849,385.055224276843,352.230218549257,7366,50.2365521691002,0.882312522762592,,,completed
d0505fac-cccf-44e2-896a-db97728c0fbd,7/3/2023 14:42,,,943.476868570918,426.831960149477,4544,3.69131580634001,0.354486168757417,,medium,completed
,4/1/2023 10:09,61.434629997963,80.1984099921571,82.7869901086666,427.627665957896,4147,68.3015099565337,0.304137049486444,network,high,waiting
9cf75890-679f-4895-b46b-33a53195dc14,3/18/2023 20:32,22.1490178802957,20.458562971027,712.819235714697,212.568850326628,8240,24.1749895394855,0.228904881938803,compute,low,
e8fa3861-baee-4934-8a85-83e996da7347,4/22/2023 0:45,4.42519713152695,57.7931268155747,282.097115545867,205.848021505194,1202,35.524478493296,0.799643299416377,network,,completed
07bc8346-4fc1-4d8d-bddb-ae4c0a5eb208,2/6/2023 19:38,43.1257846841898,30.1616988434829,269.032757512319,321.403954474462,9875,78.9415666484367,0.393009087990725,network,medium,completed
209384dc-f0ce-4ffd-a97a-19f810eeb81b,,67.2627139257461,54.4226822294871,650.930179996176,60.4474821171018,1629,28.9688927674242,0.729694361618183,compute,low,running
ca0b4ebf-c960-44ff-b72f-e651226cd677,5/27/2023 19:17,,,684.095287026991,301.720731400676,1116,95.063601074336,0.51441182751058,network,low,completed
a756a131-1d4c-4433-8710-c375d898b4a3,3/19/2023 19:16,85.2689005742269,40.231002227987,317.380764082142,431.587753738399,151,19.8613320646073,0.742235244487975,io,low,running
d49d3cdf-dff8-48e0-9820-46d082421afa,3/23/2023 20:39,3.27759012933633,34.2198109572399,341.950910826978,336.91217992688,3750,85.2427956246498,0.177218193691102,compute,,waiting
6ca70076-434a-40d5-a695-3c5d009dcc43,3/27/2023 5:46,24.4157033836879,39.5229506470837,38.0989037507875,399.593185984638,7215,9.0688277390081,0.906037764844741,network,medium,running
3a21f964-8889-4e1e-a678-3f0a22f0330c,6/22/2023 0:42,33.9094588477403,,25.7477059544,58.524183489943,9483,19.2681974750331,0.236390463766505,compute,low,waiting
be300d03-f6ac-4888-a59f-3d397eb1c3d1,4/20/2023 20:10,18.8732210959385,2.20175747232462,141.460586546173,119.953269704593,6937,28.3177090854868,0.110317621961373,compute,,completed
0ffb602f-1c39-4670-a882-cc8c5ed46325,6/28/2023 22:36,80.2975378363837,17.1012458530156,21.2022670734298,141.067011917449,1662,62.5270028009832,0.570451137763535,compute,high,waiting
d2dae672-3e59-44fd-9ee3-9ac0ceb9cf64,1/24/2023 2:03,,91.6135654301079,,13.980575009736,3138,13.8749016654869,,network,medium,running
35c89c3c-d4a5-42c0-8db5-db6ceafc592a,5/20/2023 6:24,51.683304038097,36.9671629482393,7.8554425409163,425.041510522866,821,62.7058790903925,0.704215214220489,network,low,waiting
4f090d2a-665d-4304-aaf3-4b0e34b97d43,4/11/2023 12:40,98.2926477995855,44.9728844763536,148.056990947817,349.501718335205,9198,14.2917063765635,0.811460088725512,compute,medium,running
,,14.4058541090842,19.2488118540228,721.762258119933,163.16074888354,2015,26.3209222863857,0.29699726525397,network,low,completed
306b13d0-2b62-4a46-9c50-834412437ad7,7/8/2023 22:17,,,,419.203382289171,2071,69.1363310409224,0.453570490930214,compute,low,completed
17a1baf1-6b3c-4813-a07e-34e883154334,1/2/2023 20:11,11.6463254161916,4.12697794228432,,224.923354027175,8766,2.40610491401437,0.75535851420237,io,medium,waiting
6c552a11-c759-4b62-9905-cd6932f397a0,5/1/2023 4:07,16.318170551412,12.2854315733932,,255.970419246276,1654,92.9592733068357,0.318240430111979,network,,running
9d9028d3-c7c0-4ce8-93ac-950b3fe9840d,5/15/2023 18:27,69.6219200250618,60.9131464687048,818.94112412474,87.2056258783471,844,,0.655910673517214,network,low,running
ce416545-7f06-4212-b13f-d12fd3cb0acf,7/14/2023 15:20,10.9569692041689,45.6971076956985,323.350698291688,394.131379843728,6046,89.4428491981401,0.741189474351623,io,medium,completed
3f49b949-eb43-4d3d-b5d0-df61e4ee9488,4/11/2023 10:23,56.584509541871,97.3256066971887,544.340866293856,56.3968535343664,5761,15.2127561665544,0.682695752838846,io,low,waiting
06d85596-9a68-4120-9547-406f88e22dcd,5/19/2023 6:09,42.0233536472653,46.6219807721852,403.244571683038,368.222964464702,2127,60.897069939295,0.0640403592242986,compute,medium,waiting
6dd67488-2ea0-46f1-8bc8-57b2aac59e83,4/8/2023 10:52,72.8473965541014,55.4164561739627,,360.541054352891,1012,11.4703312214633,0.770409357434398,compute,,
,,90.0675238808865,,777.745473291373,396.811492473919,2278,41.3321764435557,0.925990983374835,compute,low,completed
ada873e6-8031-41b4-beb0-a2d223cfcba6,5/31/2023 8:57,76.9871514669055,75.5032254581018,834.073906447668,296.379858814434,7782,38.6008431466388,0.653522715175413,network,low,waiting
bc193239-58df-4e2a-be80-e8d2db2566ee,7/17/2023 12:28,84.9689876421188,42.1514137949762,896.911524559551,426.221903884134,7701,60.1081207542459,0.363520803780759,network,low,waiting
a3d1cb4c-9517-4d58-bcfd-6fa16cb952c1,7/14/2023 0:20,3.29454485312323,43.5539270460217,302.596281007212,281.29029740921,972,82.7500355957257,0.66696325254099,,medium,waiting
a021dde3-72cb-4394-8840-1e1e1fcde7fb,6/30/2023 11:02,31.0195498244203,57.1393110873325,537.032852384105,17.449224186223,1467,38.0376838325626,0.538019618689729,io,low,completed
,,51.5433086686332,,652.438296477624,48.5191066393128,7813,,0.0686696363719204,compute,low,
6b6477c4-f586-43d9-8d3c-e21c46cd8de6,,41.5953314629779,63.0805869999173,427.061394547785,381.461709218326,8851,39.1233682713344,0.100706834206829,io,high,waiting
1cc96fea-6ea7-4ab9-8541-7ac4c2b03c44,3/28/2023 3:18,23.1254952979688,0.288583308153567,81.9780704235592,321.027477513268,8174,43.3680702891552,,io,high,completed
4a2aa31c-26ec-448c-8022-190faa3da508,1/4/2023 10:33,30.7874097960023,53.4567189507673,169.985950771352,426.884943056099,5173,40.3791380938151,,io,medium,running
c3056eda-f188-4e93-8551-9183b8deffd2,1/3/2023 5:27,94.5430970391605,,582.463774738579,494.774845910406,749,41.8116264647953,0.0211503296317645,network,medium,completed
,,29.4180879871351,42.0180371084343,3.73342957342681,155.609528281748,3996,,0.83261456078646,,low,running
7aa8c418-2671-4fff-b858-5a0309261e32,2/19/2023 4:36,35.3904110179785,27.0336664357692,738.150145881765,73.1671248615184,5437,53.9050031910946,0.08684844985574,io,high,running
ba8e64cc-a321-49ab-ad5b-7acb639e394e,3/30/2023 8:28,,91.8527808521369,260.001342070063,413.271832157791,8418,10.2538095600013,0.57047652443229,compute,high,running
ba38dfab-bbc8-4a36-801f-b8a34dbbc0ea,4/24/2023 22:44,84.5077627277874,8.61205857829333,714.897452971983,449.750061476779,,22.5398899538372,0.909290964455624,io,high,completed
f7d3a8a0-ea5b-4f3e-8c18-fc9300f97b7d,6/29/2023 22:30,15.4840703401576,32.7034931264372,202.973312499623,271.159734431848,,4.33977881547462,0.614234536257879,compute,medium,completed
9422c0da-fdd1-4895-b011-654b9e80dc52,4/3/2023 4:38,,59.6195052402557,982.31123751658,44.5855337068042,5602,79.6512000963595,0.55566799330703,compute,high,running
bd0351b7-9abf-4ef8-b32e-440e57a595a9,3/9/2023 12:44,25.5264517092025,86.1584394341414,362.657048226409,233.477447559247,5582,38.0300518204167,0.597135354299475,network,low,running
fd249155-d373-4e64-9e9b-fda7ee33d783,5/31/2023 12:15,,33.8840426453823,336.270190690616,215.041189326132,8669,64.2425878951769,0.181000234476803,io,medium,waiting
44dc8765-8269-4dbd-86d3-484ef429f25f,3/15/2023 19:34,20.6451411246314,48.9297329735452,152.077623533385,148.667073932365,1236,10.1211829141946,,network,low,waiting
db5a9152-e678-4eec-be69-be7a15a3d222,3/12/2023 2:52,79.752636086794,25.763178402452,230.535007357858,6.1812122049038,8729,25.3145467416706,0.904728023653974,compute,medium,waiting
92bf50a4-455f-4e8a-8430-e754866eecdc,6/30/2023 8:04,80.8049340322904,21.6874850051011,114.47169697189,328.361635136123,4682,71.782104172508,0.356896399623776,network,high,completed
5afefc47-62cf-4e4b-b71c-35c895493153,5/4/2023 0:00,92.7020568786395,30.6192640583766,172.289324452611,156.069693183723,4706,74.5655514572316,0.480566396230455,network,high,running
,5/19/2023 1:55,11.5561313600313,99.0456164272349,,95.517733128757,7649,69.8290413656891,0.537166145944888,compute,low,waiting
104ac331-acb6-46a0-b849-daa48d387f7c,1/16/2023 23:47,21.7278972337831,,97.6101285281401,104.02156217021,987,,0.48624188110134,compute,high,waiting
71905c7e-58d7-4ab5-885b-88bae75a58ff,,74.2898292080721,31.1388960370925,995.236871709611,295.173904088508,1116,82.3177934036291,0.0405728753658833,network,medium,
ab8e8200-6990-42ea-8f74-0442ffb75647,1/10/2023 19:40,19.6000754280739,,784.570599004004,399.92437032199,7188,70.6779334185148,0.269491327162226,compute,high,
261b1350-6534-4327-a5a8-f92053448239,3/12/2023 4:10,28.6329546873449,49.6449959966138,,290.13706670475,9234,20.1972703372235,,network,medium,completed
ebd0c7b4-e0d4-4c0c-9c98-b11375c58956,6/9/2023 20:56,16.6741580111362,,,198.096831006551,5124,48.9529277319731,0.784030890993764,network,,running
13648a37-2dde-43f6-bfbe-cbc91c23e73f,4/14/2023 12:55,17.2696686155049,33.6264575124389,45.5095916614134,174.540864284663,845,87.0315615483823,0.432903464385714,compute,low,completed
,3/6/2023 10:46,48.1553354628205,56.8061182310343,295.080245717833,458.007065585358,6422,,0.934472529227058,io,high,running
bb54b9b7-aae6-403f-a6e6-88d0f111c3bf,1/4/2023 11:00,10.9683062112958,52.2645895707139,286.250021592357,454.499811028956,153,41.3819443295267,0.427903151780538,network,high,completed
575b60aa-cd2b-4ac1-b55d-501c27cc0885,4/23/2023 21:28,32.1697618463622,27.0235080724043,947.946427472933,,6224,23.9804586652607,0.934207429909188,network,high,completed
fb62b093-153f-48e5-83e4-c48ffced92e1,3/18/2023 11:37,42.6593909598879,63.5036808893324,700.880021166065,63.7998591966756,6104,33.7943282271667,0.503654317209908,network,medium,completed
93faac9b-7358-4535-9b1b-d45d886191a6,3/5/2023 17:09,2.45481165239775,,974.256743583714,227.216421881292,3497,,0.558469637293241,compute,medium,
713c1c7c-a07d-4eac-8c69-f86ff84aa976,2/26/2023 4:41,38.8333166474452,19.8762214631613,106.937890144876,468.263258000482,,2.12923079652751,0.36337900616632,network,medium,completed
a86c76f0-9fa5-46fd-a076-fdab80284ebc,5/13/2023 15:48,9.41224360855169,65.4993444167322,194.35352968308,63.7054343713566,4399,29.039680532539,0.654635189998974,network,low,running
43d87e89-1d31-4009-b482-588bf485dfed,3/10/2023 10:31,,44.573274395351,334.204334113312,171.101339405055,5175,71.0515279795429,0.700004229774556,network,low,completed
c2cebdac-3079-4cc8-aaac-2b63ad436679,7/6/2023 9:40,82.5738188557096,12.9305236960503,730.439760891345,120.824654454606,2630,66.7602736886847,0.540257020449483,compute,,running
25a59e4c-dc6e-417a-99f7-e4ca3d8696e7,3/27/2023 11:08,81.8422162181787,99.1103459888011,317.919329810699,122.771862378679,9914,67.3661322966136,0.637385216160242,io,medium,running
3fe25c41-5126-4889-a90e-36b77b2c12b3,6/3/2023 13:36,,,75.9476320946366,170.024077519362,9677,30.4167033724418,0.811604562689479,network,low,running
1089a7e8-4945-4da9-bc02-4c77f80cfe12,1/31/2023 16:32,,9.53300884826364,,,3428,38.7123538946609,0.348882577495369,,low,completed
3c77c066-e729-4ca4-a741-313dbed95d06,3/25/2023 18:50,83.4586381971236,4.61318557897432,874.372410539822,448.628597929307,261,26.0474098892309,0.861014760108615,network,low,completed
62e365ec-9b78-4ee6-b249-aeb04031754e,3/27/2023 12:35,23.7972542934635,21.3226559419936,153.228402481609,,2136,83.6095351251817,0.351925172114269,io,,waiting
59fa1b05-d33b-4d97-9abc-ec9320787e10,2/3/2023 18:04,76.1926511449599,83.1004837961932,280.991033862983,68.3935869860919,5932,29.6910503703278,0.401848278157124,compute,high,waiting
d73b5360-b6a8-463c-abf8-26f12b80e1d4,7/13/2023 17:50,89.0764346450093,62.1746528849054,834.407319693203,16.6668906868844,2839,,0.297779529770789,io,medium,
682d611c-e6df-4652-963b-56cec74b4a08,6/14/2023 23:39,80.6124151440444,14.1638412243313,799.413818661085,497.627774798069,8740,46.7330999737877,0.718602634517329,compute,medium,
,2/22/2023 8:11,,1.26057128504324,927.318265029749,331.442896634634,9545,43.7458262244043,0.284633921137108,io,high,completed
,4/23/2023 12:35,0.905999952238489,8.23060114994547,548.1925472366,394.7904171513,,8.50976891736417,0.307812771624037,compute,high,waiting
4eea4d76-5d89-41f7-9d5d-91a79add55bc,5/13/2023 6:25,19.1724109921845,47.0932935458911,210.817524300431,138.165002024913,1593,,0.0591945649647751,io,medium,waiting
129c87a8-f0c3-4001-af4f-867f2a995090,2/26/2023 19:02,27.0477340946623,26.9748235100131,,171.559937941288,5673,89.8336624552697,,io,high,waiting
1566f453-33d4-45ac-a528-1cd1d3520c29,,,59.3215608887838,811.29576712528,482.199303401774,994,5.5917442140732,0.981537790637581,,,waiting
,3/3/2023 7:07,38.4273175242318,,789.31674468502,453.824790725165,8523,51.6507496133487,,io,high,completed
a92596c3-7b39-4b58-ae73-e39b1f5aa484,6/19/2023 12:29,70.3407030661473,34.4344286469901,376.79152473071,461.788221877453,7402,10.6194625324186,0.126375106304579,compute,medium,completed
a076e319-a101-4b9a-a57c-a5c2fb9b5ce5,4/14/2023 19:09,35.3074960521608,,152.381727927925,488.051896368628,1739,19.6187152985222,0.241077977703122,compute,,waiting
deb79e68-1339-42d8-9732-74c62bf22f04,6/11/2023 5:54,15.44254246546,52.1332577125621,575.505955251963,452.683976216387,9997,12.1665843653647,0.548291275306893,network,high,completed
,5/9/2023 16:18,31.2689843486035,13.9522227530899,100.204968239462,327.543182221599,7372,33.3645199294916,0.673793099606982,compute,medium,running
d35be985-c342-4808-ae80-96c5a271ccef,2/16/2023 8:46,88.4324226389135,46.7660189643388,17.9251741730052,201.205511399604,3111,58.5160058948564,0.231570640345448,compute,medium,
ae2bcf8b-b647-4a0b-b1e8-daaaa0ce3c6a,6/21/2023 1:19,95.8532344245064,47.1048260210791,461.317404239596,443.99920229576,8971,64.374456651262,0.688759905473553,io,high,completed
12e048e3-20ca-47b6-b257-134d0bed845e,6/5/2023 21:20,20.7512734067368,94.7413341691403,133.431834650276,362.400291059655,1841,29.9472706939319,0.655438176920581,compute,low,
e281da9f-d66c-481d-9faf-cd8562a724b3,7/17/2023 8:16,78.8468387024441,49.2015484827215,120.562300774579,,5435,13.4544251035093,0.849726876185877,network,low,waiting
,1/7/2023 12:24,27.334873653987,,949.215862660637,364.415599413442,4149,17.6167108861013,0.836736767359666,io,high,waiting
2b3bc82b-43f7-4446-b808-a7eb1e528855,,88.7131543431407,11.7164085628686,907.745276516058,65.4470520826846,9865,53.8765372873929,0.179532284667248,io,low,
e93223f6-7a97-4807-8a87-fc040cb0c7b7,5/7/2023 14:07,16.5545612796255,9.08742050545891,644.764307689026,265.972559474738,8964,91.0017786077372,0.392785759831642,io,medium,completed
0c87ca95-6bf9-448b-9e9f-735043e5fd4f,5/8/2023 10:03,66.5959918694057,83.8879610993211,350.189412344744,179.133766914147,7367,3.3501623781344,,,high,completed
ddb6dfc5-16c5-42fb-9d73-1865acda4ee3,6/14/2023 2:09,,0.185321576831976,350.610272137653,119.944446784962,5059,58.7303861515107,0.864656732723944,network,,completed
67b83262-1602-4cd5-beb1-931b0e138e97,5/7/2023 17:32,97.3893323973869,95.7768784539144,796.816966583453,,3976,15.3487106415948,0.0945349782920543,network,high,completed
56d90879-a669-4467-bb85-a93475324ad2,5/26/2023 3:12,70.0633344640542,93.3624025780822,259.147290588241,380.500049098049,4912,32.3039840099678,0.683756822598827,,high,waiting
ec1e9bdc-fc4f-4d39-b25c-0daf76b0778b,2/13/2023 21:54,84.1815739405085,46.2584994942271,391.748434226911,488.460292958104,,59.9575970201945,0.68346909679021,io,high,waiting
9815a41c-ae7f-4ed7-a17f-2f1e64b14394,7/15/2023 6:11,56.6669339363034,63.9670115172784,137.892762044844,291.78084070652,6160,31.4605952930815,0.0790014558519881,network,low,completed
163c44b1-f76f-4df8-8aff-7c36cf2e548d,7/7/2023 21:19,47.680136392886,23.4321712727307,627.469075791663,57.5476789776294,7739,,0.475739161242643,compute,medium,
2db517a4-ff73-4237-b1e4-661b0bbb1ca9,5/2/2023 15:03,62.1882391394365,15.3994255132293,271.524333080992,,2305,11.5633243852141,0.209786844534853,network,medium,running
,,52.8741511699448,44.817617647288,223.48430949409,361.578816819716,2708,71.9245217266343,,network,low,completed
42f4b9bf-f922-4682-bf53-f264a065bf5f,2/4/2023 4:27,46.9384355145153,,568.303636816028,319.225127684229,7431,67.520500111361,0.528160437410006,io,low,running
2a9200fe-bdfd-4517-b2d8-8c0567a35c41,2/14/2023 13:11,75.9450251457642,80.496563918477,299.701127300042,51.5788277006726,4734,40.7905483411594,0.34744609274601,,medium,running
cdc3df4d-e214-47aa-94fe-5131058663be,5/17/2023 22:54,17.8200954939268,50.0424145048173,263.159068949979,316.689689578613,6488,,0.571660313006711,io,medium,completed
89c86e8a-9556-492b-b987-33d59c66ee32,5/22/2023 22:41,17.1172048155158,7.21636641427921,926.283776859117,125.990628485292,5623,30.8754032964633,0.173433674436653,network,high,running
bc05696d-1734-44b8-bddd-5af8035989cd,3/19/2023 14:50,43.1842650649706,18.4054413644461,777.826818518158,420.39580886135,2155,,0.77819538271049,network,low,
0e5a6ce6-140d-4ad5-80d4-0d78e60a5610,3/7/2023 1:31,32.0747916044946,41.6555303984117,632.349142757414,418.299927596475,3811,66.7850703882047,0.643905448384284,network,medium,running
fe0ea7a1-3d33-4246-b1f0-535054683723,2/28/2023 11:11,7.41245179130241,81.0048756086508,729.140438411332,168.154605433889,2971,90.7131588913726,0.400625336911701,io,medium,running
dc021d6f-659f-4b81-a872-c6aa8d8b2df0,,84.4470492418734,1.16309781043609,,298.194175650921,8852,86.6022011113912,0.927464365063069,,medium,completed
4c5e86f6-0414-4550-b782-6986472e15de,4/30/2023 12:20,77.1602806694349,96.9525784139298,606.285458541661,232.724268556824,274,8.36507701753639,0.094710813356186,compute,,running
d19b9dcd-dec9-469d-a1ea-b2fd1f892d3b,3/31/2023 22:50,54.3921499802984,,943.109156990538,335.758997398478,,30.0784457470572,0.317866675468662,compute,medium,completed
0d16256d-9d36-48c0-bc0a-385d7db79658,5/17/2023 13:08,97.9324537264368,75.1848393772981,889.68188155755,448.790225707709,2117,68.2427964814447,0.308936893225676,compute,high,waiting
0fc0b467-2b1c-4ff3-b6ee-3431e3d22bb4,7/1/2023 5:31,7.26000665476053,3.1315503532214,835.032323743844,,5566,56.6574211949055,0.542534346638769,compute,high,completed
c159791d-13cc-4875-861a-acd60b8f7375,6/23/2023 18:52,76.6669301027875,54.6562223469603,975.851731046827,,5571,89.659463474661,0.781825761508307,compute,low,waiting
40b8ac3d-69f0-4830-a2ba-40045ce7ed50,2/3/2023 10:12,26.6370391609096,32.788391474803,792.104378334634,,3362,82.0232278870947,,,medium,waiting
0ff9b65b-73ce-4fb8-bc2b-9302e19788fa,,36.8598919943575,97.0263891426999,206.07071954446,73.1499668304269,1912,9.58036907064975,0.101976815311024,io,,waiting
cd549f0a-1c1c-4812-9c10-f9bc12d86dde,3/19/2023 14:42,21.9279385203067,39.6352800843787,146.780990994359,464.821191117059,5827,50.0571749305883,0.634148350705111,io,medium,running
db3c17f4-3027-4d2a-8711-93d66c5736d6,4/28/2023 3:59,78.9037891461865,0.633407123791762,705.159271483344,438.695206829589,3621,51.2004594779776,0.0695349751647612,network,high,waiting
9faba4de-0473-49a2-94f0-6a7785a26a51,7/18/2023 11:42,14.4240102021566,41.5056842041037,655.688326299691,,3308,2.03746699816003,0.172499192665018,io,low,completed
8a4c0856-8ba5-44fe-934d-0f44bc846ddc,3/27/2023 17:23,,21.1361577242946,532.259374533825,489.059813520272,7215,53.0870018662525,0.107013554216644,network,high,running
,,66.1577648229834,91.4246187558656,734.142926670731,470.797353048421,1735,12.5966372832515,0.194365409299333,compute,medium,
907c6b4e-cbdb-4b2f-b013-18fb7eab270a,3/25/2023 23:51,5.90232452691147,7.16796534081708,416.590655905104,,9320,,0.530411621635572,compute,medium,completed
aed34031-240e-49cf-8ba8-32f0f772b269,5/14/2023 5:48,81.0981731600153,77.4571004696224,680.869805574827,373.919336307296,226,57.2843164265788,0.0434783070706655,network,high,completed
4679ff6e-68fa-48be-80a8-4bb61f497928,2/2/2023 16:42,62.7755716162979,70.7247299197576,748.134784343868,,3005,88.4584573477483,,network,low,running
6a8d1229-d31f-4d31-b952-74473177a512,7/4/2023 18:31,90.4982319578341,98.5784727686548,531.43500884508,381.575326401916,5754,33.1264380897584,0.542644346520364,compute,low,running
4f22397a-b592-40ef-ab1f-d996b7ddeedd,1/9/2023 17:57,74.8722306408638,59.980419651319,631.510101476753,,805,54.0978919370713,0.974850139712176,io,medium,waiting
beca119d-faf3-4358-818e-fb8187144b84,3/26/2023 21:42,,,560.4132357206,394.165621375622,6018,22.5936255458959,0.440035530909545,compute,low,completed
f876e7a7-88a9-481b-b018-c3545aaf031f,6/1/2023 9:28,83.6547180619197,81.695054211779,76.9038303577844,477.328701874928,2305,85.9907781348905,0.101911251588898,network,high,running
9bcb4a10-1299-43aa-9870-418790de6be8,2/4/2023 5:50,27.8050238301222,15.0299704588445,219.802463016161,27.072429820011,,3.41129760630405,0.306009509722486,io,low,waiting
52689a02-223c-4613-acbe-796975af78d4,7/1/2023 9:34,54.6950061844563,,954.280666827269,9.66011305689718,1893,41.1535160866518,0.833738078871268,compute,medium,completed
b6b07dfe-bf5a-4d82-bf8f-59c8a10b3ae6,3/12/2023 11:42,29.361681980341,8.10604068350975,679.500116582289,419.797167936331,5909,,0.959335272541609,compute,high,completed
1357554c-8551-4785-997c-b717e66a790a,1/31/2023 22:36,96.8204391090508,22.0544035537341,750.484574134198,295.949454588711,5976,24.0943919592607,0.143107355593604,compute,medium,running
,4/6/2023 18:30,22.6196300842006,73.6045032989364,151.836324581862,390.543765547914,5169,88.6987147995854,0.254676013260357,,,completed
f684937b-aaf1-4f13-934f-c0c69fd2a0bf,4/24/2023 16:11,1.57382396704625,51.0580678430797,262.881636635593,204.340744158614,8882,75.915729484108,0.805573440989131,compute,high,running
,5/12/2023 11:37,32.5854842003796,14.060463511665,750.751468091023,430.547764168193,1743,56.1203797678442,0.979945504689851,io,low,waiting
dcbf2440-8915-4427-97da-bc7197c8265b,4/21/2023 21:18,50.2509396969804,71.5034245606342,355.149361875637,117.185657561441,4099,19.3331202644108,0.846228558389564,io,high,completed
74cbde4b-62b5-4254-bc2d-9408e629051c,,2.8362934230075,91.5380072150014,228.504800602516,249.802770552554,4902,34.2448248785946,0.941242687893121,compute,low,completed
e50a1a0c-ddfb-454f-91fd-17fec46a291c,,,87.3809038423545,360.280242738754,120.175025254324,3317,40.2844112667427,0.745984558740088,compute,medium,completed
,2/10/2023 2:03,87.428277495123,,332.778100728426,242.60752410569,,10.1570933778886,0.107969336082407,,low,running
a7003401-fd66-48d8-855a-5750bc91512d,7/3/2023 15:01,70.473219441667,65.5636617881121,193.131870966498,333.776466406912,9971,96.3497741029683,0.21278481227087,network,high,running
f4469163-d8df-498e-bd11-738647ff868c,4/12/2023 0:49,,60.9605965858857,976.774463386968,15.6852244790847,394,88.1119795457953,0.317348637675525,io,medium,running
dab78cb2-78c2-43b6-adea-1a3bbdec75a8,5/10/2023 23:54,95.5961750708251,26.1403470423826,62.7766380776239,178.002726010172,830,88.5070720596198,0.0427493374891766,compute,low,completed
ec44f271-8b16-46f0-a206-073b342252bf,3/23/2023 2:08,95.8279333842105,54.7647276522266,,395.847813507414,250,95.6853159166611,0.615957805439508,compute,medium,waiting
58c53233-e101-4916-ba97-7a236c9b2ed7,2/27/2023 17:26,82.4266469703228,8.39278260870944,,483.611565809076,2872,7.40099838260089,0.805200576368226,network,high,running
50bd3701-75a6-4033-b26c-e8d616b1c7a6,5/13/2023 21:35,60.7741847385851,29.9333169820465,888.127936582309,460.88820790835,970,29.2869782603718,0.546522417884113,compute,low,waiting
a6dc7396-293f-4dde-a8f4-4ef64066e0b6,3/31/2023 8:19,48.7764559497706,12.2595624681066,384.563841953817,234.076400211963,6531,61.1895013184469,0.105303668608084,compute,low,waiting
95d5fa4e-4735-4f1c-833d-e7207a7005b7,1/27/2023 5:59,1.33161132464673,26.1547450981982,714.706905661249,25.8751339418235,5570,26.0352468709445,0.13159746179836,io,medium,completed
2642e382-7b69-49f1-9d9e-6c360c1116b2,4/13/2023 0:43,60.6261906226541,,779.147577481004,96.0589313683615,8292,65.6976557511069,0.585122633447669,compute,high,
65ecb569-5e22-41c3-845e-500bd66b8719,,,91.5758296678316,,176.016967044463,,53.7338601768729,0.642725812865231,network,medium,completed
b3aad780-e337-4dba-9000-8602ea478895,3/11/2023 6:53,81.8101050024029,19.652095228513,528.307907512125,216.799172300589,3054,53.7845288250984,,compute,low,running
77b88284-8ec1-4761-ab03-ca1b4060bab8,3/23/2023 9:07,34.0604643884351,81.5496446965095,128.593387740551,473.788514462926,3001,59.0912523212027,0.772905690342124,io,low,
9f008f53-437a-44da-bdfd-ccdd1cd5e895,6/26/2023 15:22,15.2047025044422,88.3066188432735,485.276912334844,437.527166405831,,50.038799606289,,network,,waiting
1bfaf073-72e2-4e5e-92a6-6f5bcabde53d,2/23/2023 18:00,78.4058614467154,56.7126236548802,963.951997415678,2.75323859983017,1278,97.4905425536218,0.551102783396103,io,high,waiting
c50e27dd-9d9a-4819-a7a8-d0441fca4f35,4/10/2023 11:58,74.3937820631741,26.702100032234,407.918011188569,324.139433653196,8534,54.1031726685998,0.0925352033940788,io,medium,completed
a613fa62-6e3f-4d57-98e9-6d922fb178d5,5/4/2023 15:14,96.7046791979323,17.8418144476825,,75.6436485064185,3548,6.89397003816895,0.0205940218864293,,low,completed
,2/1/2023 17:45,87.4842361939338,57.9361681627834,411.346430025035,49.1175308423136,2800,63.6996689985978,0.363514341164132,io,high,completed
,4/22/2023 22:36,55.5662625272407,63.0816273979006,934.78415003324,122.775486558547,8569,97.9393694326513,0.286201944480076,network,low,waiting
ef27952b-f23a-43b0-b316-b6dea7bcb827,1/4/2023 14:17,10.1284246964742,1.47029079857933,488.863645317622,347.264516616295,671,,0.454013425907184,io,medium,waiting
886384e3-60c5-41bd-979c-7a901bc83350,7/13/2023 6:59,48.350065838396,67.8155682726925,886.412187231765,225.010432376798,2730,28.1450505766998,0.258002007187901,network,low,waiting
5a8d3873-9c86-4bad-8c9b-3c273004fa35,3/12/2023 8:58,31.3695054022317,17.6639485877015,165.530877027566,329.142546257467,1032,70.1198213791193,0.946979811290691,compute,medium,waiting
edec7dae-2752-497c-8758-8c186cd0629c,1/21/2023 3:05,,87.4236184712613,430.94858090759,411.267334518044,8267,50.8384226191327,0.16998418955444,io,high,waiting
ba20a6a2-07a3-4e74-a08b-50d002a5fcc3,6/30/2023 14:50,30.1701574639653,39.8267074902606,181.660665301503,90.6167549552903,3,42.2945969230107,0.677381931342707,network,low,running
cf44be32-0fc5-430b-8f37-ce816b07fdd1,1/23/2023 17:10,86.1822991975595,14.4826924778407,782.560033017606,236.591402158029,,39.5475459914505,0.0297306044711476,network,high,running
251da3b8-23f2-4363-8d14-8bdd83b6a504,7/14/2023 13:27,,52.0941513803587,455.123720858771,458.293460167166,9374,61.6546584501023,0.0191059741810378,io,medium,completed
,3/8/2023 12:48,31.5465157167055,94.0593692285698,494.340124802527,434.767368382014,,70.2907964293661,0.0491296357040837,compute,medium,completed
378c8ac9-90dd-4424-ab19-18477036a8e8,6/7/2023 23:49,59.9581346373994,77.1455393447369,823.418311301131,59.0601578596946,3572,75.3800352930337,0.0676508106360427,,medium,running
,7/3/2023 22:48,43.0180857639054,84.8339715288099,,329.361031001308,155,37.8264559034341,,io,medium,waiting
6c549795-b234-4d1d-81e8-65ac807eef80,6/15/2023 17:21,90.9092757028563,28.3916030738432,630.500185881799,24.9788361449813,1731,82.2345338080709,0.832707314374807,compute,low,completed
41382975-586e-48cf-9695-2827efa1c592,6/17/2023 7:52,18.7360901426322,72.1477844897313,609.499788694681,370.46882498288,2019,11.8478400551073,0.846597885063166,network,medium,completed
4f56c6d2-144c-4aeb-8658-8d61470733fe,4/26/2023 3:41,69.7728401784959,,778.699579892197,482.883345076692,1454,67.9729928583475,0.363317830129979,io,low,waiting
,2/23/2023 22:47,97.0375327837216,3.76846299164922,,354.878953867016,8245,12.7505311478077,0.23960108668063,compute,medium,waiting
93d98a21-06c9-4d26-8941-7f04dcb8e82b,3/21/2023 5:29,17.527551956309,50.7434315694944,723.866221869706,305.121778143385,896,37.2807025851907,0.855790384535165,io,high,running
75cebafe-862f-44cf-88af-945fd974054a,2/6/2023 18:54,20.1966428424203,0.569125312648843,893.048994652856,37.2215482603145,9766,55.1499712547422,0.253198830338464,network,low,completed
9a8baaa2-7cb8-4b13-8dd5-a45c61c74475,3/14/2023 7:10,69.3723338672227,65.7664328053842,583.366404677579,87.6674922420155,,96.4364962119088,0.80184031152933,compute,high,waiting
b660329e-c226-4ddc-be4d-1d0479e1482a,3/18/2023 13:47,,32.5068522667172,85.4929542559346,,6104,67.7768521393031,0.858420152699779,network,,completed
90a298ae-e215-4cc5-b91b-6f711b6dadc9,6/27/2023 6:54,49.0549054793932,69.3327837318677,162.024959479652,,997,84.9747828548866,0.372195463998067,compute,low,waiting
87655993-71af-4ec1-9320-c8f516e4e78e,7/12/2023 3:58,60.9686465147121,44.1642417254714,380.975546013881,246.922053035432,5533,31.4689464543294,0.937736969881185,network,low,
de15e29d-3a08-4a47-a0fe-70f0fb99cf27,3/27/2023 2:55,21.2682408811828,48.6525291086622,335.44424786383,208.006174760297,5372,61.7994711649944,0.070501985986355,compute,high,running
5aa41192-b392-4879-84f7-d9c364c33e74,1/30/2023 22:09,47.6614228567326,36.0663004308355,,317.434158812039,2534,25.1843938937333,0.650931020246034,compute,high,running
6ffafd3f-d96f-4115-ac32-ced3a8876ae6,7/2/2023 4:03,11.2071880874915,19.0245222415516,706.184539906037,156.659722630206,8432,12.0241082664502,0.559247588387535,compute,,completed
ba9ae0fe-8341-4172-af24-73c5ccf1bd19,2/28/2023 17:22,32.1421925275664,76.2104674314107,590.559169216593,378.457899206205,3437,15.1040016958199,0.649750819320155,compute,medium,running
ab64f3ea-6b0f-492a-bed5-192347e03012,4/9/2023 9:37,28.4779705030954,86.1525080175301,717.901754791967,243.42731740898,4544,65.8574129481039,0.591942488582992,,high,completed
6aca2a49-e155-4823-972d-2fbf57dab2ed,4/9/2023 12:42,44.462536010242,,894.95643703797,55.2805334735634,5526,98.6789540670244,0.546209195321684,compute,high,completed
ee362de9-4521-483e-969b-7f1f3f6fd66f,3/10/2023 4:19,93.0126362243697,17.3114043926949,365.048272408037,304.762599188384,5643,91.0615946054639,0.45048407220745,network,high,
a76a70b7-7b22-4dcc-aff7-eb202b734a67,4/12/2023 10:25,18.1267662147842,92.1407174554541,42.7616477302461,47.3339848088823,297,81.9189803389074,0.840562351664731,network,low,waiting
89e5d32c-7bce-4139-8767-8608f7fa4ea3,6/27/2023 3:36,40.138824662472,52.75789243634,922.608176336241,465.242639547963,9985,59.407960848302,0.210061329105778,network,,
63475eef-c097-43fb-bd9f-486ea91ea677,3/18/2023 21:24,61.5597219109644,99.0102865549223,43.3610689218089,172.614512741465,2888,61.1302189578145,0.848729007693274,io,medium,running
86da4958-8ceb-4037-bc15-395632bb7dbc,5/12/2023 19:57,,12.2261495363946,235.09334111812,403.26306623236,,49.9418887547847,0.865991871396955,compute,,waiting
56f186db-bbbb-42ab-806d-0784bd6f13dc,5/14/2023 19:33,13.3148191535768,44.641565145788,349.246499109816,496.393099097719,9866,67.6505045270078,0.75109600107463,io,,
db1a0fb7-b200-4ff2-9151-fc3f5cf86363,2/9/2023 12:32,91.7876616993113,16.4055878576696,871.486665504509,183.781728067841,3242,22.5366698996629,0.332952894625582,,high,completed
677c7785-9f9d-4b18-b855-cd7695478023,2/1/2023 21:27,8.10537886340615,85.2826949476112,480.460928405368,466.32571049923,5669,65.5801544645402,0.0185302903008955,io,low,
,,48.0741397160264,18.3985666411065,918.614739259269,143.072272826341,121,9.45083086270671,0.321269386057216,compute,high,running
bbeb4126-786a-4850-99ca-e498b8cab236,2/25/2023 10:32,45.4589867230482,68.1965258389235,157.520164494534,335.439129432614,6124,45.4699240876445,0.349219306416189,compute,low,
1d0bfbbf-519c-4f1c-bd0b-9ba91feff1bb,4/5/2023 10:43,20.9602728877195,60.4933383280487,51.9141901528665,133.943477878568,9783,,0.243580159448604,compute,low,running
fc8da7be-d1c6-4cf2-a323-27c107870282,5/14/2023 2:08,34.7459668115847,37.661716844756,690.604824775414,164.67025073376,6421,37.153181905428,0.128674539418396,network,low,waiting
b7d46101-bec4-48d3-a08b-5ff5eb224c44,2/17/2023 17:35,45.4165268348398,60.3585706031264,51.4001438837432,267.955106574354,3853,80.0275568196326,0.13594695224603,,high,completed
,1/1/2023 20:45,86.5211462910629,8.03428968051598,356.835484934632,41.1208941122694,7863,70.292609698673,0.433264341239232,network,,running
012f0713-30ca-4cb7-9da0-85e96e967fa0,7/10/2023 20:45,95.5064145373559,82.3580160358241,904.412243520236,178.255114272166,7898,77.7066265381342,0.185323133015673,io,high,completed
ab836d7f-431d-4e43-a53f-1fab517ee84c,,51.8925678637165,,702.743680543772,439.838364866397,3897,36.5704130475766,0.2828483115067,network,medium,completed
809d14af-119f-47e4-8193-26855f82cf99,6/24/2023 15:46,,30.1722040655716,722.16124371575,27.4279550093021,2216,20.8853861278506,0.401151933011851,compute,low,completed
f4432f3a-8e8f-4481-8576-86f252d48554,7/2/2023 14:06,60.8171585676779,47.8430646644332,650.077307767332,231.813973073879,6223,89.5408167935892,0.677400644074057,network,low,waiting
2f942c8d-7754-4909-ac3e-d7be79d71253,2/1/2023 1:23,34.9087341987675,41.9895902271581,,305.086526767301,6255,3.93403591678433,0.452227657510507,network,high,completed
39438791-29fe-4719-a897-69a17a1b870d,,19.4194207613469,92.0507100044748,850.966273758808,262.680684079671,7184,,0.105878321532994,io,high,completed
3938a0dd-9248-4149-8fe5-7f328e25d952,3/4/2023 21:59,41.3134771782764,32.3606113278369,122.496655922008,158.675245563427,3698,66.0860167155724,0.800218430826529,io,high,waiting
412860e3-257e-418f-8cae-4e70a0baf38f,5/7/2023 8:59,52.2824282923847,70.7739184507205,290.165969891036,288.508938103598,3159,1.04552895491498,0.372882038059915,io,medium,waiting
70f30478-0aec-4125-9302-c8253b7a10ee,2/5/2023 3:20,4.44433882595561,72.4446809768646,201.830867444515,116.898532744645,6169,10.6115295171186,,io,,running
5b8092b5-33c4-4bae-94cc-7f38caddbd72,7/17/2023 3:55,14.584116587085,85.4059597959367,42.7513054938211,398.364835624155,,10.963474222678,0.690051460440816,io,,running
71880412-78fc-43d6-ad41-432ddb88b6df,4/16/2023 0:33,60.018442398144,16.4732252969223,202.006507215191,240.710787668312,5598,53.1101177491164,,io,high,running
,1/19/2023 0:29,22.5001594677162,22.9429558938352,,120.112827896291,4021,24.3718393796366,0.177773798574869,io,low,running
0bf3966e-346e-4f1b-b694-844a24877bcc,1/7/2023 4:16,83.7326376081297,28.8780400036497,,235.252736888469,,69.1723936170865,0.653836958791183,compute,medium,waiting
4e0b13cf-3e9c-40c1-af19-597e78e854d2,5/1/2023 0:42,32.694224977419,60.7906682114286,551.564021854882,,9867,5.31170533732192,0.327698813330003,network,medium,
8c866efa-6ee9-40b7-b768-3bfef14d175e,1/23/2023 19:08,10.483420725325,,356.622313757472,440.827453390011,5151,28.9142044400856,0.0861145586873589,compute,medium,completed
fe162ab4-f27f-424a-8e57-fd11685d4e17,4/2/2023 21:01,8.3530588555317,21.4571244384375,305.428523481115,212.421742071843,2455,19.746127900465,0.252369141420144,network,low,running
17196944-6387-4276-94e7-f767d36215bc,4/2/2023 20:26,93.7123020531779,39.7145009162207,801.704243309972,249.318838380217,1507,,0.654239059351766,compute,low,completed
7f815c36-f032-4ef3-a955-ffbae70d4075,6/30/2023 22:33,11.8020311241879,27.0101718794971,8.09521614222574,216.09064397387,102,97.2068450888298,0.328347299095899,,medium,completed
a63857c8-5236-440e-95e2-457e7e574816,2/26/2023 3:43,14.090976416206,42.660795088179,,243.37305664424,8827,,0.772325821168028,io,high,running
4d6f1dd7-ea2a-46ad-a676-c45d01e03455,,86.2666057932753,31.7767864089266,826.658324336018,453.712729767527,5876,52.753797445948,0.0899426097333631,compute,low,
e9c87247-f230-48f5-9e17-d17875483a6e,,,50.5940580094914,718.40087555589,233.721047789823,7775,30.0213171698999,0.475708556188339,io,low,completed
1714252e-94f1-452d-916d-eff622d2bdcb,1/31/2023 16:20,66.5951410754416,66.1791700122295,129.980741109895,116.693873135852,1680,,0.30264985042519,network,,waiting
cccdac01-4e19-47f5-a020-aa225ab38e53,5/10/2023 13:58,81.6725687029891,90.456737892083,,266.806574220184,2985,55.785374198335,,network,medium,waiting
c4ba0a79-aa51-46de-9b1d-f8d22aeab579,3/11/2023 14:47,60.7180640130192,86.5461110191788,993.685514101722,,3380,44.2964506936524,0.639021611362022,compute,low,running
ba8a81da-c262-47ac-adde-edea01eab852,4/9/2023 4:44,95.7488543447849,93.7929541809419,324.160072800267,,5197,75.6112426307677,0.918137137510908,compute,medium,waiting
8bcbd29a-dd83-464c-869c-6c5f5ce0a814,6/11/2023 2:58,70.8882899260841,94.8515604846958,233.272550925497,179.713225978188,4759,67.2800514924733,0.608056453943467,network,high,
487112f6-68b0-476c-9a43-4b5f3be31ca5,7/7/2023 4:11,,73.2712525182257,98.5010840095769,13.3562360741073,,,0.315177804862862,io,medium,
7c14707e-be8e-43f6-982d-69fbefd06558,2/23/2023 3:07,55.8410026545879,42.4916261787547,578.249862032835,300.3267447745,7798,42.8408240743185,0.39054027320791,network,medium,waiting
804f9774-80bb-4d39-bb75-cebce4c69581,7/5/2023 9:37,71.8186526089183,78.0292513645016,227.394603640151,295.795701319785,3137,72.3139313798987,,io,medium,waiting
e953636f-c614-4ab6-8699-a569b3d30d35,3/5/2023 20:54,80.1957240373445,70.2061065088338,512.927145964529,416.490116968834,778,53.0766053405615,0.90364779324573,,high,completed
7f422f1b-ad76-49e0-8a55-6c7de2db2ebf,6/22/2023 8:57,2.63213352840915,33.0166421451515,36.0451593507106,182.97377294882,9562,47.4811654781289,0.547862339309488,compute,medium,running
0b14dc01-7f65-4e3a-8dea-170207b7e9ee,3/25/2023 22:01,71.8878915271424,98.5590240151077,624.463510903008,56.8665824329683,6355,73.8135680563277,0.0702396513930397,network,medium,
ca1372a4-a925-425a-a824-8f069f977b1f,4/11/2023 3:38,82.5680821019449,85.4392920661442,43.402921723991,454.86195343902,3897,55.6277733346441,0.291496937959437,network,low,waiting
415cb616-14d2-417f-af54-715a7258421f,5/14/2023 16:10,74.6833810935356,27.1718760169753,553.462824414325,92.1441304349709,8924,53.0220245935812,,network,high,waiting
904926a6-29fd-4595-87e4-989660e751cf,,,40.0979114070627,307.647051644236,487.765683277198,1515,15.0794458864453,0.0146527161730314,compute,,running
f7ca0680-93db-4d84-b464-23fde4a3f24c,3/1/2023 17:53,,17.6863868285253,,,75,29.859257892893,0.532784584781935,io,low,running
05158556-422c-43ee-834e-2473d09a1f63,5/12/2023 22:37,54.9418583299815,,458.962517630657,400.771182099111,,90.3877560785444,0.999171658161408,network,low,running
,4/3/2023 18:27,70.4643698826602,6.59351156785309,235.884079556906,,3322,40.0882623607004,0.756167735424887,compute,low,running
9c293d95-4070-4a6b-a3f9-79c6ad0fadb0,4/11/2023 5:40,92.2914290632485,98.0831863824208,746.632073771453,328.816159717037,6823,69.979960825974,0.558989294113083,,medium,waiting
092f5c0e-4035-46f3-b604-277233bd00c5,3/9/2023 6:12,,7.61522149823916,587.125674202355,234.999273417401,9435,26.7564711946408,0.822397386081596,io,low,waiting
,2/1/2023 19:25,88.7834306283469,30.1861313355489,833.463393310495,163.162825865939,4284,21.5680436381264,0.158713007666031,io,high,waiting
e79ff000-9bec-4b4a-ae5c-185aa16c5dc3,3/4/2023 12:33,70.1256847445727,9.66312628005546,473.487233775177,40.1500209264288,7223,61.3720376802758,0.0929513459447799,compute,low,running
9f56b140-4b8d-42f3-a6ac-e7566b6c48aa,6/1/2023 9:42,6.83363774388475,91.7962901163803,,446.659807703894,7578,53.8720461337394,0.897194033877711,compute,low,running
7e2791cb-876d-473d-9fb0-b483ad875a21,7/12/2023 7:18,50.0828190001621,42.7264894560437,351.346399028515,,4143,71.9082614662014,0.499075495575563,io,low,running
,6/23/2023 10:33,28.6486348315242,56.3277042437069,408.297038686102,187.939341057854,650,56.0924151369435,,,medium,running
d376a7b6-bec7-49ed-9209-ec05c597f9dc,6/27/2023 23:22,,45.0084713172983,938.544106760636,487.598030890765,453,,0.708573912417075,io,high,completed
34b133fa-daee-4721-81f6-4028fb9d774b,7/14/2023 4:29,,49.0072175760858,884.110162267428,425.923254415556,7158,82.1874649051865,0.0871217924309992,compute,medium,running
45d2af78-1460-4460-a529-104d76ae1a06,2/15/2023 5:11,31.4732772000475,51.9166353741396,,204.543648451597,9666,98.5959634216443,0.242972430764743,network,high,waiting
fa535d69-c486-4895-8acf-999bfb592ca9,6/9/2023 7:04,57.86099801171,69.7489413455795,463.175204803276,236.549619586649,5193,84.851086545322,0.247434632006821,,high,completed
5443d6ef-4216-41c6-b9b8-e6c829c803e4,4/22/2023 18:49,68.3601500353557,69.2401872285702,137.35235280067,489.707166426509,6536,,,compute,medium,waiting
,5/15/2023 1:48,26.8749387076735,83.2237213867369,263.339592389816,209.367255983447,8189,,0.610659736345911,io,low,running
a08d06c4-ca66-469e-be25-c5dd66459332,3/11/2023 9:20,12.9762622568381,69.5706884388085,496.317778962407,268.70574645527,3529,86.7553199240541,0.729650942637655,io,low,completed
bf187bcf-1eb2-4424-b3f7-24db577af1a1,1/12/2023 3:09,5.88087209344621,55.148867944742,351.955320961121,263.510772003377,8714,62.3194967073886,0.0801471970718621,,high,waiting
266491fc-10e4-4c02-a732-1b5d25839359,4/1/2023 10:37,57.5752845030552,11.9315034685528,12.8347080939542,359.513511379338,5853,86.9608530765349,0.529091015811373,compute,medium,running
cf315993-7b8a-4958-b2e5-07846fec9a58,7/11/2023 19:49,18.6130166333002,,44.4456196601651,145.949980558134,5685,39.6904197837577,0.189164675959766,network,high,running
6705d1d1-1117-4c1c-ac9c-f8999f36c1cf,1/6/2023 5:02,0.924799422369937,95.522592550204,163.90956450702,280.656196568792,7298,10.5778738275047,0.736428221860618,compute,medium,completed
3ad80890-fe39-406c-9e0a-3477c93115dc,2/14/2023 4:01,92.7753079323704,79.1367952596769,700.304947492275,373.993460541267,6725,93.7697236499911,0.214375729965757,io,,completed
5d7055ac-386c-445c-9685-5df56f650e5c,4/24/2023 0:21,53.714041908324,63.9287848659716,310.062002364985,426.516202958726,3103,68.1710045476836,0.484023901218605,network,medium,running
32ab543c-98ec-4ac9-8e56-a324d19f3732,,9.24481802469727,8.07386043048469,830.681415213812,49.2153335707029,221,3.04692780376901,0.940287822692154,compute,high,
8318fe4d-7441-44b5-8f1e-469cf94775d7,4/23/2023 18:04,84.2921112127485,,36.0610250708056,347.15507309896,931,93.7263971279979,0.714452443097278,io,low,running
,3/24/2023 9:42,98.3202738290118,63.4550054191884,713.353778387347,475.128368421454,6606,45.3970483263724,0.312753640355186,io,,
7a25a3ad-ce8c-402f-b6a8-cc42c9894703,3/13/2023 1:41,44.8600662017717,47.5680025146906,738.238937587989,92.2237537751871,8713,,0.639209953193286,network,low,running
9d6b049d-6d9a-4cb0-b387-cfd0beae8ae1,2/8/2023 19:26,4.24896082381581,25.527944928294,717.306989736749,56.5761927951826,1627,81.7709170412235,0.649901036948143,compute,high,running
aff78558-5d6d-46fd-8d0c-1d27cf99b4f7,4/22/2023 2:46,11.7545940756063,38.1430805333904,216.418382063991,,5382,42.6674044575658,,compute,low,running
a599641f-013b-4ad1-bd66-4f3a54ae463e,6/3/2023 7:12,38.1653746645432,60.6405906590588,816.564537201538,439.69046395204,5392,39.9497450538913,,compute,high,
fbfd8c66-9448-46ee-ba9d-175214ec4b71,3/25/2023 21:00,88.5522637448877,,620.243123147841,138.394605738758,7355,91.5860338204116,0.150231919399517,network,low,running
88b301d8-d8fa-43b3-bd28-035924271594,3/1/2023 8:22,14.8038679277762,99.0695368184142,499.660887024219,393.655837741332,5312,86.1634368427933,0.985102821889487,io,low,waiting
,,82.3990094002695,65.5627984838349,947.38257784,162.939755357439,4416,11.9489000084154,0.588433055136786,network,medium,running
45fa37f6-67a8-4155-9e75-3e7c453d0437,5/20/2023 6:25,1.49762602190194,82.9438003194874,94.945102318185,414.278240490209,218,81.8027886575137,0.481815979433608,io,medium,
,3/30/2023 11:23,45.7388698785811,83.7208746416277,714.825475518618,307.906219354205,3766,13.2501818087122,0.425640896031882,network,medium,running
40bbb7ca-0608-4adb-ad23-3fe10a5ef309,7/9/2023 19:56,64.4397140950568,62.7156857528133,,33.6457196973811,1026,68.2009416722805,0.88695826411441,network,,running
3ce85338-d9b4-40f4-865a-6d01517ab376,5/19/2023 18:50,6.03794820255964,60.033712572783,917.192016847762,184.292329004934,7512,89.3122624340015,0.0109818949511464,network,high,running
862c10d2-4e67-4784-9f65-0b865a6b2fff,5/23/2023 17:42,61.4762750616486,77.7869077482887,386.39913405582,474.70610431447,,55.3785861638971,0.848450541970002,,low,completed
8b0386f9-f833-4847-bac1-49480158eedd,,94.4404121469556,,599.095174975035,298.673389925878,8540,70.5415869017954,0.27147784553437,io,medium,running
97291efd-28e3-4f35-b105-47dbc17dcefd,1/24/2023 1:32,16.0259920136595,28.1619405242256,993.861041709133,,3261,76.3930930979503,,network,medium,completed
1329f6c6-6972-42bc-ac1f-794eddec2421,4/16/2023 6:46,72.9611383035352,51.4785812214505,467.558790850386,,6086,52.412718090874,,io,high,running
c31f5e27-303a-4b96-bd46-666e439238ad,1/18/2023 9:55,60.9093897943543,48.8074340804905,866.301231355919,369.132547916335,,71.6442938891123,0.0261204131064981,network,low,waiting
b4ada46a-44b0-4583-8849-d2fd2cba57ff,5/2/2023 10:19,18.511638887923,97.5828624281052,32.8757940931049,349.196443621822,4616,93.9016470278714,0.430459318857409,compute,high,completed
6d9c3f21-5019-40cf-b6d9-1625d2a4370f,2/17/2023 2:13,0.620341470936602,1.7445357688181,435.992192755291,436.581587951137,5049,,0.423483093807964,compute,high,completed
4a051912-26d3-49b2-9241-d32a5a9e7094,,0.928445050592707,32.8653697252831,958.804373470187,58.9527125688992,7782,22.971300758107,0.850505584504736,network,medium,running
1bdcb445-9a15-4b73-a71a-7520f6f94c14,7/17/2023 6:29,53.2092409172028,22.336350229546,515.902657089359,312.147886689933,2336,30.564110080345,0.971898379642899,network,,waiting
b9bdc7f7-5050-4fee-a873-09076346c2c1,5/21/2023 2:12,,18.4361431481369,481.38333651449,194.451244105659,3509,31.3886147581895,0.938538903801375,,high,completed
ac34497e-016e-4e02-bd56-7739eee7068f,4/5/2023 4:59,64.4298627465612,29.51296390741,924.344748247267,39.2181613645852,1361,43.3915528970009,0.366226488900472,network,high,completed
aad10844-ee45-4fbe-abf0-aec75bbb8fa1,3/15/2023 18:39,71.4299846293743,53.6574421684707,998.26659824275,473.359642211717,2789,49.1937522704528,,network,high,waiting
3746a401-067b-473c-b02a-9b13269116f5,,49.3865486920537,7.82682400871854,386.108667521401,71.3060249106446,9066,14.4613133061553,,network,medium,
11ae1739-7f66-4b20-b2f6-43119d78f24e,4/9/2023 18:46,58.1888942634569,63.0683468827854,570.788293191885,107.583110417608,7016,26.9235202518611,0.196137838667433,io,medium,running
534370f6-d831-4a23-817e-5234b7745772,6/19/2023 13:44,12.6367525330603,27.7085369320225,674.230712716136,122.875193275783,8707,90.9472168881717,0.923970909052782,network,high,waiting
d39d23fb-1dd2-4c07-9f03-77fb2d86cfcd,1/30/2023 22:10,87.682062040063,48.6358139146635,75.0945481977096,342.702003351479,8517,83.0057352319816,0.102227249751708,,,completed
633c312e-d8a9-4eeb-a754-2a7842642c42,,,98.7331850956431,356.222205806411,100.37606213244,8330,32.2094661154715,0.422448674275888,io,medium,running
15c15fb1-091f-4ece-9692-14d49fb4d47e,5/19/2023 16:02,99.8198952844609,27.8359158802665,36.2357539521454,368.322048145647,6595,17.5365193247585,,io,high,running
9d5b3d35-c2dc-4f33-b6f1-6b96cb5d9db5,7/1/2023 15:41,29.7722947555621,35.9170021413193,113.27174761393,381.719378834089,8701,21.2832339036662,0.781045012958038,compute,medium,completed
52baecaf-dda4-44be-9f80-4b36044b4110,6/29/2023 18:49,22.7017771796057,9.01165694070053,917.050808363257,435.743399345532,9454,31.1912547382856,0.74941576763743,compute,high,waiting
,,12.5161657961342,28.1871968686696,586.623149816269,357.885079851221,6992,3.85642494107743,0.626492064484899,compute,low,waiting
300ea28e-320d-4829-85f9-4170d783b210,6/9/2023 7:55,96.4209756616044,23.2285882492709,138.788855182038,489.377362810139,3180,98.7403571824695,,io,medium,waiting
05643c61-71d4-4f31-847f-9ab82d462586,1/15/2023 12:47,78.0885184628023,14.9253467144454,746.927044576118,469.981805691138,,42.9733490341269,0.957128241375827,network,medium,completed
404b11bb-4de0-441b-9a93-a0a6d995da1c,6/19/2023 16:21,16.6324613719638,80.4425045280909,920.257935739107,,3993,9.53959977955151,0.364958332054389,compute,medium,running
aea3190f-5863-487a-a044-83b7c34d0ee9,7/17/2023 23:46,55.2686471108213,30.131666873621,469.945596081507,,4178,65.4348962881753,0.84839342427366,io,medium,completed
252ee397-f7b4-4936-b402-0c9cf7e04c05,3/25/2023 18:17,41.3768208067276,9.38113901682339,252.184797494382,84.737292083878,2595,35.5375871908595,0.484921417706467,,medium,running
b567c851-31aa-4e64-aa78-51e6d6bfe9a8,3/14/2023 5:05,15.1486007806192,,,119.668962146814,9902,15.8973508203342,0.130683260820722,io,high,completed
ad0f63aa-b19b-404a-967c-d613954e4d4f,4/20/2023 6:59,,40.9891504974288,682.799770031418,356.82402444125,8327,7.03857733549177,0.759879038720323,compute,high,completed
1efd57c2-9e8b-412f-b678-9172d7ddf678,6/2/2023 20:58,96.3469994745185,17.1989093983953,548.765780840805,136.097649288175,202,33.3756638957614,,io,low,waiting
c37e3ede-e111-49c5-bf07-8b9f5c4f026f,,30.4964182957722,48.6444873861035,569.676749384118,376.136042668919,,30.657378944307,0.962782961481545,,,running
,3/21/2023 19:29,94.1439291683943,,559.145855817282,374.723510760737,2638,33.1606479469322,0.779517893274911,compute,medium,running
,4/7/2023 8:18,7.56106730650843,,137.315553244168,116.202044846543,7833,77.5912353401396,0.376029644970368,io,high,completed
88ac8048-2e29-459f-a14b-9ea2d7b4eb06,2/25/2023 9:51,46.080304229319,,254.369042035226,340.817506345117,,85.3100769000295,0.412427968535188,io,low,completed
a722124c-ad40-4eb9-87a5-8e3ceb001bdf,4/3/2023 6:56,,29.3125663362798,395.428313057479,273.982055555145,9590,81.2619586365409,0.720865796900828,network,high,completed
de70fb6c-0894-4053-80da-622061f18932,1/11/2023 20:49,0.478738524117217,87.8954161682338,907.158208329909,94.63051495232,,31.7620388174184,0.504747330751222,network,low,completed
36588a7e-189b-462e-a355-f87e3b9ccc47,5/17/2023 9:20,,64.3732928804911,736.706044796076,,6332,0.0610486342452309,0.280489796998399,network,low,completed
82cf6cd5-353d-43d4-ac97-c510ba458544,7/7/2023 14:13,11.3894104811363,61.7269080460791,892.081220227715,43.5880828760515,1496,77.1858738995833,,network,low,waiting
2b74da7d-5431-4379-b779-653783a2c463,5/15/2023 14:39,72.2024530933679,45.3822927534547,22.5618435876173,,2650,61.4541148630802,,compute,high,running
d369ef79-0835-4fa8-8d7f-1d2fc88489e1,2/26/2023 18:23,69.8116375706899,77.9099680087178,715.326104054633,22.7110614559449,249,44.8751319049779,0.474612866797949,,high,waiting
0f28d06b-61ca-4d62-8622-06c175504710,6/3/2023 20:30,17.6332907464489,48.6011762236073,994.55093531628,209.511190013781,8631,,0.622267213894741,compute,medium,running
9f7200d9-69e0-49ee-b505-5f679d03e1a9,7/16/2023 20:46,94.1742143265516,99.7615624965416,218.316909326183,180.763785241446,,18.0843574412749,0.836237612898098,compute,,
ad5e3c9f-7b87-4dfd-b73d-c008facb1dda,,72.1043408432489,11.8217647277098,142.013154999458,209.451851080169,5738,,0.215254087863697,compute,high,waiting
dec7f2f5-6a98-4065-bcef-74599232ff91,1/14/2023 6:52,29.7970264156929,3.83618075418323,,,5504,69.7486505813814,0.31120085315003,network,high,
ac1e8d2c-d05f-4455-a944-600c721a6dc5,4/16/2023 19:17,70.923376395079,94.6704736386664,785.264236946682,326.695598787205,7439,64.8633348812491,0.546070772488402,network,,waiting
b052be7b-6659-48ec-9f24-d93ab56329ce,5/14/2023 1:39,73.1930277681536,17.5219857959118,131.890712320114,150.182756652445,8678,35.0000662454616,0.875706574638873,io,low,waiting
ceb630d6-16d4-49f3-90a5-4a8df165bde5,6/25/2023 5:34,34.222633125096,69.2447554791893,501.337356394511,59.1929996784372,7502,94.198327229135,0.110419546147124,io,low,waiting
4a7b3649-4355-4e99-834c-ac195d772975,6/15/2023 1:16,37.5588562461459,92.2617767798483,934.362376564022,288.057449238833,8805,65.0401886615045,0.685025330825666,network,medium,completed
612eaca6-4c3f-43ab-a19b-87e4e4ef3824,3/26/2023 18:38,35.91065076533,85.5008901098947,182.401411952829,143.880391118242,,41.7440278958087,0.867191871080002,,medium,running
de99d33b-8a12-45fd-a823-c960b6a7ab34,1/11/2023 8:44,,24.3604885565932,,185.104426547849,5516,52.4981185496921,0.564006287511025,network,,running
afbf7f11-ac79-4856-8085-1e435fd90d7a,1/24/2023 13:10,,55.6237847168128,210.745908824378,65.2591180627808,6792,30.5077093958381,0.673736711015587,compute,low,completed
35961ac4-c0ab-4f45-b546-16a2410171f9,2/17/2023 19:52,17.3193236228587,69.2668358360504,931.840067023319,463.079105472498,,,0.553542773432273,,,waiting
,4/5/2023 9:38,87.5199609836318,86.4282167153893,526.352371724974,434.730640357406,9866,78.5954969054035,0.0987105768274996,,low,completed
6ea55dcd-b0a7-4946-9258-fcd83ee9eee9,5/2/2023 13:34,2.76531565053425,,42.9133452848187,142.24932822387,3674,49.9190691384279,0.698469563037104,compute,medium,completed
3c42d073-0662-46bd-83b8-b3871ab76b4b,,66.0338595978222,67.4700660291563,786.099991872995,,,18.7616211096617,0.238197603629756,,low,running
9567e233-2e23-4bb3-b5da-61394afa0e82,3/23/2023 5:25,41.4438873189694,1.93737602128318,877.636345693652,,3866,33.9224424494793,0.0804385361260646,compute,low,waiting
00b3ce92-0c79-44a7-8e2f-97f1781bd4ee,1/15/2023 19:53,79.1281552232493,64.8545897957404,191.67148951129,156.121945019214,,64.4006811456519,,compute,,running
34937805-78a2-4969-962b-2da6063116a0,5/7/2023 4:37,72.1198112930903,61.6983553668398,411.807021036936,194.646968346033,,64.5588065078009,,network,medium,running
5e27f7c0-15b3-457e-b9a4-5d471acd3fc4,4/20/2023 6:19,48.0107807145184,71.283485077285,988.650918368383,467.944829245551,3379,35.9478042422397,,,high,running
109286cd-47a8-4778-8cdf-037f717eb80d,1/16/2023 6:51,64.3864036722596,93.4470117857804,443.31495919611,,1998,43.4105121476057,0.0438370181962564,compute,medium,running
2f9cb7bf-f9d0-428c-845d-97b874f7b09d,,,70.5459122910917,979.024387826682,345.362980169454,6,35.4931522075498,0.578119928417053,compute,low,running
09a140c1-6359-4993-b494-77d2b2c5fd2c,3/8/2023 0:33,81.1518470621883,,,,5845,87.0342303870957,0.496915649857367,io,high,running
9962eb80-2b6c-4a38-a78e-ad9153921419,4/14/2023 10:29,47.6083985968232,88.7772886148095,699.097112959646,348.370130936884,3723,27.1847652382048,0.545591847223611,network,medium,completed
90b37b51-232f-4e49-b2ba-5221dc96ffd8,1/4/2023 18:14,52.3155989992075,18.7444452911873,563.97361811496,308.447934006022,3059,11.2895139178662,0.332389606969368,,low,running
c74aff41-a97c-42bc-8a81-1af5496e7a96,5/30/2023 15:48,25.0520586417178,59.4904521623821,613.809533203442,63.5966589451908,7498,,0.984224558287534,io,low,completed
ca8654e0-5133-4153-b1e6-bf5d5bcdfcee,2/18/2023 11:02,60.5043016810472,61.4596286892777,148.035857006379,331.131987011119,8163,,0.936403084629021,,high,waiting
7afc750c-e845-42b7-8e49-f16a4039585e,4/9/2023 8:08,30.2904808669835,40.3927315805313,147.132662617504,54.7698720109968,2468,31.603816651602,0.784406636882731,network,,
25330f61-e647-4660-a4a1-65bcfbbf02db,,,58.0871149789335,640.319005583553,425.50070868397,8693,88.2415006938927,0.0338283192192697,network,low,completed
9f33d6f6-9758-41c0-b8ae-0023cf48a3f1,3/12/2023 14:09,16.9678115574069,68.5623191143506,845.223338448576,458.871672467376,7095,99.2413710194367,0.915764647271659,compute,,waiting
b088043e-e792-4e04-bf7a-62451bef340b,2/9/2023 14:55,15.9469092341158,4.98697230869509,149.380417429834,422.68690684391,1922,42.8929283638044,0.388052962152575,io,low,running
ccd7b2b6-fd50-4770-9d0b-0912e52cfb21,7/12/2023 8:47,41.7029741191993,3.33151437838303,185.16042752262,16.6829464923712,222,42.313806404441,0.651449754862913,network,high,waiting
0da60012-6f3c-4aaf-9a1e-2e0cc39a1b1f,2/25/2023 13:00,42.681951511054,54.9863125418265,525.289539347065,348.059619338449,847,99.0654175994181,0.346345824217538,io,,running
b1fea43d-10e2-40a1-8b01-966df2876ead,,26.8109264912539,51.3656456156562,505.176409712736,112.829474894626,5674,56.8074458426285,0.901656551237218,compute,medium,waiting
,7/18/2023 15:52,,74.2999196063328,707.72269936291,443.755484762668,6129,,0.311116097822803,io,low,completed
b83d2195-a8dd-4800-bca0-06cf1f841ac1,1/27/2023 16:11,3.9210539213897,67.133689464558,388.640983296327,329.001980710877,569,93.0133852222443,0.311304262947644,compute,high,completed
5d0127a1-3cd0-4d4b-b2db-d8f9d5536684,2/4/2023 14:13,2.52318272878161,74.9118753954484,951.464800666039,211.748207016158,5849,61.1160337339951,0.678518260885366,compute,,
693a5522-8a52-4884-80aa-68cc86355ce1,1/21/2023 22:41,27.1550290006475,,141.655614644108,194.784691388455,8984,31.7445420746787,,compute,low,completed
1bb69c33-5ea1-4f51-b4d0-73da47dd749d,3/31/2023 23:28,46.1853442161937,50.752049338309,897.064859107676,174.450947052446,4299,34.2390583687927,0.591025720894752,network,low,running
d6caad82-b73c-4c12-b3e8-2293ce3fc5d2,6/13/2023 12:02,72.6243281306127,21.3815998459785,37.6211512670585,,8090,30.3743802682997,0.430711932570204,compute,high,waiting
e08059f5-2a63-4af2-a3c9-ee620c049183,,47.4871700714009,,521.441841549343,95.5948645120193,5789,20.0653189678816,0.608548311613018,compute,low,waiting
e94de843-96a9-4f35-b8a6-cb815152f606,1/20/2023 14:45,90.4050819435281,72.1355694243715,,85.0608197277272,9366,21.3599630457496,,io,medium,
51c90670-74c6-4aef-8678-ef801fde6340,5/6/2023 18:50,3.5219804575407,27.4636529037661,376.13695860401,492.590263079774,9485,49.5082002171903,0.743299248746715,network,,completed
774fa321-fd75-41bd-b84a-64f1154f5931,5/23/2023 20:03,18.0660621540634,,754.891420515563,368.657486930371,6849,31.3459011589214,0.227864970283441,compute,high,
719935c7-587c-42f0-bf39-3d6d64bace99,1/6/2023 21:29,33.8514492770142,53.5523478476751,375.51545314073,27.7515755825304,6500,65.2344173671889,0.975385315558547,network,medium,completed
451bbf51-e3eb-4688-9026-a942e2c70df1,,57.7496188065122,99.726716567142,771.213833495331,141.521201428922,9052,1.45095719739125,0.966289892860517,io,medium,waiting
,2/22/2023 0:41,85.2736157893942,23.4135694860015,540.243119555788,,992,42.8712799152878,0.758805258965003,,medium,waiting
6d285e4a-68c9-4c40-b72e-f504cdc9e8a5,5/28/2023 17:28,35.0201951956576,35.0055451776611,318.208102857216,258.468573564756,1114,63.4425627742267,0.0498453831849424,network,low,
48c941c6-e59f-486b-9a1e-f60729661537,3/25/2023 14:22,26.798868250442,6.71650458011214,419.025963079247,306.689172053485,3084,57.0722424804679,0.446619121671912,network,medium,running
f4c99192-74cb-41c7-a074-7faf08d7961c,1/16/2023 20:59,6.18891688428957,18.0862164025463,353.783961094504,284.873950624635,8336,43.7467233710821,0.372721545783121,network,,waiting
64ec9e9c-c119-4881-9721-ec67af6ab275,4/20/2023 14:29,82.1303477698104,12.5378521612095,691.446637147532,,,40.4623291541016,0.348260846385669,compute,low,waiting
93db390d-3d8f-49a0-9425-6c2fcc3ea874,6/13/2023 7:52,37.9666443206678,89.4238357065475,116.963633524029,141.176564187444,7311,54.8541155824564,0.135123224107196,io,medium,waiting
2ca16abf-986f-4b5f-a58f-87ee572524b9,7/18/2023 9:04,,36.4887624847127,535.390313769533,,9849,82.5599236109979,0.821806694190395,network,low,completed
f3a7fd51-f5d4-4191-be3a-20d9114b3c29,5/3/2023 17:52,98.355541817122,4.10688162932738,842.498341709714,33.8913110779428,503,79.8829947291121,0.295630000454293,network,low,waiting
3120313f-51aa-4ea0-a5a0-9d2f17d06f24,6/7/2023 8:02,0.159457060429457,61.8370210823179,248.230862454999,243.336242008708,5807,81.5416639989991,0.0517772083006049,compute,high,completed
53cc486f-9fa5-49ac-8e92-ab50b7243370,2/15/2023 0:41,14.5450140698865,99.4905740394961,699.103575547332,264.045037070644,5100,,0.30055978830906,compute,medium,completed
ac5caaab-e429-4cdb-896d-fa9ad349300c,3/7/2023 18:48,77.9110994019355,,665.064858171109,189.722185865691,8226,55.8772314950468,0.508211108041935,network,medium,running
67a2e39a-28dd-42fe-908b-88e6e49855ba,6/28/2023 18:02,80.5127485207837,11.5001311585789,943.04062266689,219.732061490162,1064,17.2315252931931,0.40467800080421,network,medium,waiting
03c20e24-ce0d-4eeb-84da-786f54b4ea1a,7/13/2023 15:01,76.9247119032755,55.2731436467838,980.103190238068,491.143002832498,2856,62.7574833743753,0.979818045793337,io,medium,completed
87e1231f-8979-4174-a052-e0f8fb3a14fd,5/9/2023 1:50,53.6998891042829,,211.632771544491,27.6249274154446,2890,22.0651819583105,0.587640836887692,compute,medium,waiting
9d938330-3a74-4e31-9c67-758a80171a99,7/11/2023 10:58,97.8856981023056,25.0000873412935,28.1795883577179,390.30085555417,4919,37.4368982667735,0.254473169603517,network,high,waiting
13b5e955-fcc7-49e4-8730-a925dbd0469d,4/18/2023 4:04,39.618455999532,68.4714959942104,654.117088393153,339.014274990959,3266,91.1124451844628,,,low,completed
ea8aef6f-a8f0-4ad6-99d4-83f5bf5d746c,4/14/2023 2:48,60.1943698113112,24.895743867181,810.100320487068,234.230411431753,1864,,0.965510762156183,,medium,running
c7218e3c-1b60-4595-85ad-24ae054889df,3/7/2023 23:11,6.33690045488483,61.9827725344638,38.5475677059512,,6773,44.0781106249087,0.591855687858719,compute,medium,completed
04960c5b-f266-4408-b637-d14ac61293ea,4/10/2023 13:45,40.9857449907338,31.0094713781986,50.8938795408265,476.956368036903,1642,87.3852438091461,0.683244441923713,io,medium,completed
5fd19d3c-11e8-43a2-b59b-24f95e6a68f9,3/17/2023 12:00,72.2500087509922,18.7671080929878,522.357165491543,356.760624562318,,68.1248344448907,0.883351695075599,,high,running
d43b94ec-6c5a-43e8-9a94-7d34460d703f,5/17/2023 6:17,23.8738840770699,45.5195985615838,833.907328612768,224.5871677752,9304,,0.953766219799559,network,medium,running
12d01ace-4773-4df4-9e7e-a4aef38e5b1d,1/9/2023 17:37,94.3827589073148,,186.74704418829,39.1285762811884,5814,53.6264401272554,0.812630411857324,network,medium,
b1b642f5-3dbf-4888-a1ae-18939ffd5008,1/1/2023 8:47,,,224.147426252474,224.370003598099,9187,96.3341781224604,0.308009149941479,io,medium,completed
42667d89-3414-42cf-8fe1-5232e2e7f900,4/4/2023 11:18,28.7575382857571,,,463.271778362147,2020,5.41025879562404,0.237399965031158,,medium,completed
68baedeb-bece-449b-826a-1135c815649d,3/18/2023 22:14,76.8998922705856,95.1274967197191,30.0166108696647,464.984941901253,4473,75.5865431820966,0.354621643908504,network,medium,completed
dadbe73e-9667-4680-a7f7-3d043638bf3c,4/10/2023 5:24,8.31647718081091,68.5389906415957,206.392202969784,387.267944271048,494,,0.208909097041305,io,high,running
53aedbc8-5302-4356-a3a7-8425b66a49d4,6/27/2023 22:32,97.4774422510456,,346.298151812672,211.672728893782,1700,65.4133885011551,0.824587483948395,compute,high,running
fc795ae7-5e23-4b9f-b3fb-67afd3e2834f,6/6/2023 14:28,4.92852590735585,92.3797243707449,955.760698709207,245.405665026615,9415,26.3538834530309,0.672316526600235,network,low,running
c5ef33be-f365-4014-bde3-2b8afeb57ba7,3/4/2023 17:04,93.3455891148718,38.5662371401649,618.532755007426,228.387340831764,5107,2.14664373370828,0.0958610784602516,io,medium,running
fa30acbf-186b-462f-b9d6-586d4a2ec900,3/3/2023 7:55,25.2853877748261,86.8459497319451,477.651764977211,457.427270178794,8328,35.0808793777968,0.442620598727309,compute,high,waiting
2e477b02-d8f1-4b99-ad02-c20537332cdf,3/21/2023 14:23,75.782410769089,30.4473621700055,728.943303426517,384.215997731769,717,12.0063173326708,0.388099219639037,io,high,completed
,6/11/2023 1:26,,43.4373150353764,499.592987722681,220.409524277434,2871,32.2703341247972,,io,medium,
dbdbc86f-1c05-4349-b324-00f8c6a14109,5/1/2023 4:20,25.4240089179599,34.4357119797274,390.775523598533,324.432070384218,33,64.5901165154962,0.935575616422164,network,high,running
e59935a9-fe3f-4e46-a2f0-f31cb8455861,1/26/2023 18:38,74.910060664972,32.3978707555572,96.5314522873109,353.190922040625,3157,,0.563584946001497,network,high,completed
6bebbbfc-137b-455c-b247-7e4e81906c28,7/15/2023 16:41,53.2336070897322,74.6633612926392,7.35376592560177,9.86560215948972,3658,76.5589748870022,0.942060985176547,io,high,
42b81c81-9e98-49e2-9b04-307ad82c93bf,5/8/2023 16:05,,59.6162991142529,193.92813664843,248.439003572675,8305,67.1128525423877,0.0946453098377397,compute,medium,waiting
c67c83e3-f823-431b-91c4-6929e49e0322,6/20/2023 13:17,39.3629745837275,11.0630179644757,164.958456005122,273.962934909839,1216,30.5122067468699,0.591410019084173,compute,low,completed
0d7294b5-01b7-4cd8-b9ac-3eff9cfe11b8,7/5/2023 0:23,37.5549355084542,90.2496967576024,56.8412810292705,450.393868884779,3007,51.6204516974516,0.735240720568408,io,high,completed
,1/12/2023 21:17,56.8162244180949,65.6112661057183,,,8767,89.108138960342,0.194413195405072,compute,medium,waiting
0d04dbe8-b927-4606-acb7-2f6a5152a430,7/11/2023 16:58,66.7977072460217,66.5654821776245,42.4189831750586,309.276603959727,6898,69.3631345348857,0.427946265291984,io,medium,running
b1754061-8c4d-4d51-bec3-13e19b8a0c73,6/18/2023 7:57,84.083024241225,41.6800019299192,,224.293100714692,3050,77.9448547373697,0.674042092753762,,medium,completed
1996d177-950b-4524-9272-e1e450e2cc4c,1/13/2023 7:00,49.7231396977372,15.0423769264004,976.670658664407,274.237162202836,6159,34.451141813743,0.958779499206942,io,high,completed
62c9dbeb-3866-44d9-818a-cc4e55d5ac52,1/14/2023 22:10,39.202171730517,23.6032222872351,65.1282921263892,355.46021552813,3847,48.3714513199791,0.354181357489269,network,medium,completed
7ebf82bd-44c0-40a3-abf3-996f8a20ef3d,4/11/2023 19:50,,6.03711550106893,629.119786828205,17.4124781586764,3373,30.6119444054588,0.527277077560423,network,high,completed
32690b15-387c-4c85-893b-29f84cd298c9,3/1/2023 6:44,80.4822964989722,27.5957942428219,969.3996332313,382.773998507718,6480,74.8870034423205,0.0593852313190007,network,,
4769c12c-fb91-4c1b-9303-8551c190c9f1,,71.3370405414559,43.9723395838861,782.336273749698,377.49151395426,8100,,0.758180595589451,compute,high,running
9aa53fef-f712-48b5-a57e-5f253fd60378,2/20/2023 10:49,40.8677397454685,,564.215494826272,,337,44.4216045583585,0.935482935527241,,medium,waiting
e2c4f122-e543-47b7-ad6b-00d0cd1c0a4b,5/11/2023 12:51,51.8432309942669,88.6473421283456,977.011868968119,337.0643621929,5824,82.2820605142688,0.661637621877098,compute,medium,
,5/7/2023 10:31,66.5182844411888,49.897323253058,777.754061301397,106.232164350845,9380,63.151221713855,0.900841727720182,io,high,running
f806a440-f6dd-4e1f-b8dd-63e68b4719ec,5/11/2023 13:55,16.4805589847537,39.4406932675603,382.192175519331,203.413447420854,1957,,0.962171524607345,io,high,waiting
f964614a-8d5f-4267-a06e-6f057ae65d6a,2/3/2023 14:47,2.71977944079202,7.45271769876553,767.759059871625,5.31124350281497,796,97.1097931391903,0.558637112347733,compute,high,running
790ab3ef-1e32-4da3-90a1-4f813273f76f,4/18/2023 11:47,31.7503699186685,0.362214760063195,64.647924241552,208.74387298664,,78.8198877286742,0.722711548320376,network,medium,waiting
cba9b701-1956-4b48-98d7-8027379e65dc,1/17/2023 8:53,,58.0594601337798,170.651491974831,328.073503719808,7400,89.0943462314358,0.946953345506673,io,high,waiting
396e8f61-a457-4b2c-9755-af9f0d4df045,4/19/2023 15:49,,30.0302068982428,,324.542344851887,1323,76.1820889747501,,compute,high,waiting
b6d18982-4298-4ebb-99c3-82846ab86dda,4/8/2023 9:21,69.2554626863127,28.0035170368206,139.97528102611,272.037386456435,7782,54.0963736518784,0.354368301193003,io,low,running
c2f4277c-2ab2-464c-9b61-a25b15adfede,5/23/2023 4:55,,85.2026848528022,393.446374443606,101.781271800586,8242,4.59034608998693,0.0357980234825234,network,,completed
48a0966f-76a9-4c67-bbbd-b7ecef86c210,5/24/2023 12:03,,67.8977400136629,159.840581035627,,,9.4705031005294,0.91691989483861,network,high,
