id,cpu_usage,memory_usage,network_traffic,power_consumption,execution_time,energy_efficiency,disk,received_at,createdAt,updatedAt
1,28.5,76.8,80152,50,1.1562,0.3711,73.1,2026-05-26T23:50:55.596Z,2026-05-26T23:50:55.620Z,2026-05-26T23:50:55.620Z
2,27.1,73.5,319,50,0.6094,0.3687,73.1,2026-05-26T23:56:27.350Z,2026-05-26T23:56:27.369Z,2026-05-26T23:56:27.369Z
3,18.9,72.1,0,50,0.2188,0.2621,73.1,2026-05-26T23:56:58.009Z,2026-05-26T23:56:58.026Z,2026-05-26T23:56:58.026Z
4,20.1,75.8,2714,50,0.2188,0.2652,73.1,2026-05-27T00:02:59.990Z,2026-05-27T00:02:59.999Z,2026-05-27T00:02:59.999Z
5,27.1,75.6,16832,50,0.5,0.3585,73.1,2026-05-27T00:03:08.646Z,2026-05-27T00:03:08.657Z,2026-05-27T00:03:08.657Z
6,23.2,75,644,50,0.7188,0.3093,73.1,2026-05-27T00:03:20.438Z,2026-05-27T00:03:20.452Z,2026-05-27T00:03:20.452Z
7,20,74.4,5325,162.5,0.8281,0.2688,73.1,2026-05-27T00:03:29.763Z,2026-05-27T00:03:29.782Z,2026-05-27T00:03:29.782Z
8,34.4,73.8,44240,500,1.9531,0.4661,73.1,2026-05-27T00:03:39.239Z,2026-05-27T00:03:39.260Z,2026-05-27T00:03:39.260Z
9,25.1,72.4,15723,275,1.1094,0.3467,73.1,2026-05-27T00:03:51.127Z,2026-05-27T00:03:51.138Z,2026-05-27T00:03:51.138Z
10,23.6,72.6,52544,50,0.9688,0.3251,73.1,2026-05-27T00:04:00.459Z,2026-05-27T00:04:00.472Z,2026-05-27T00:04:00.472Z
11,30.7,73.1,293,50,0.9219,0.42,73.1,2026-05-27T00:04:09.922Z,2026-05-27T00:04:09.931Z,2026-05-27T00:04:09.931Z
12,32.4,71.8,63851,50,1.125,0.4513,73.1,2026-05-27T00:04:21.787Z,2026-05-27T00:04:21.799Z,2026-05-27T00:04:21.799Z
13,38,72.3,37200,50,0.625,0.5256,73.1,2026-05-27T00:04:31.332Z,2026-05-27T00:04:31.340Z,2026-05-27T00:04:31.340Z
14,43.7,72.8,12750,50,0.7969,0.6003,73.1,2026-05-27T00:04:40.617Z,2026-05-27T00:04:40.624Z,2026-05-27T00:04:40.624Z
15,17.5,72.4,2614,350.15,0.125,0.2417,73.1,2026-05-27T00:04:50.097Z,2026-05-27T00:04:50.107Z,2026-05-27T00:04:50.107Z
16,24.9,70.9,24106,500,3.4062,0.3512,73.1,2026-05-27T00:05:02.096Z,2026-05-27T00:05:02.127Z,2026-05-27T00:05:02.127Z
17,38.9,70.9,17820,275,0.5625,0.5487,73.1,2026-05-27T00:05:11.349Z,2026-05-27T00:05:11.359Z,2026-05-27T00:05:11.359Z
18,20.1,71,32442,275,1.1406,0.2831,73.1,2026-05-27T00:05:20.798Z,2026-05-27T00:05:20.806Z,2026-05-27T00:05:20.806Z
19,24.2,71.1,23993,50,0.6562,0.3404,73.1,2026-05-27T00:05:32.770Z,2026-05-27T00:05:32.780Z,2026-05-27T00:05:32.780Z
20,24.4,70.1,52462,50,0.8906,0.3481,73.1,2026-05-27T00:05:42.212Z,2026-05-27T00:05:42.225Z,2026-05-27T00:05:42.225Z
21,17.7,70.1,43102,275,1.0781,0.2525,73.1,2026-05-27T00:05:51.359Z,2026-05-27T00:05:51.377Z,2026-05-27T00:05:51.377Z
22,26.7,70.5,34473,387.5,2.0469,0.3787,73.1,2026-05-27T00:06:00.886Z,2026-05-27T00:06:00.903Z,2026-05-27T00:06:00.903Z
23,25,70.5,42748,162.5,0.75,0.3546,73.1,2026-05-27T00:06:12.930Z,2026-05-27T00:06:12.939Z,2026-05-27T00:06:12.939Z
24,19.3,70.4,34514,50,0.5312,0.2741,73.1,2026-05-27T00:06:22.134Z,2026-05-27T00:06:22.151Z,2026-05-27T00:06:22.151Z
25,42.1,71.7,344,50,0.4062,0.5872,73.1,2026-05-27T00:06:31.468Z,2026-05-27T00:06:31.477Z,2026-05-27T00:06:31.477Z
26,19.4,71.8,2584,50,0.3125,0.2702,73.1,2026-05-27T00:06:43.527Z,2026-05-27T00:06:43.540Z,2026-05-27T00:06:43.540Z
27,17.8,70.7,248,140,0.8438,0.2518,73.1,2026-05-27T00:06:52.885Z,2026-05-27T00:06:52.895Z,2026-05-27T00:06:52.895Z
28,13.2,71,248,50,0.8281,0.1859,73.1,2026-05-27T00:07:02.087Z,2026-05-27T00:07:02.098Z,2026-05-27T00:07:02.098Z
29,20.4,71.1,0,50,0.6406,0.2869,73.1,2026-05-27T00:07:11.590Z,2026-05-27T00:07:11.601Z,2026-05-27T00:07:11.601Z
30,32.8,71.7,731,50,0.9375,0.4575,73.1,2026-05-27T00:07:23.720Z,2026-05-27T00:07:23.730Z,2026-05-27T00:07:23.730Z
31,27.3,72.2,1887,50,0.2188,0.3781,73.1,2026-05-27T00:07:32.826Z,2026-05-27T00:07:32.834Z,2026-05-27T00:07:32.834Z
32,7.1,72,154,50,0.2344,0.0986,73.1,2026-05-27T00:07:42.443Z,2026-05-27T00:07:42.465Z,2026-05-27T00:07:42.465Z
33,17.1,70.8,50917,50,1.0469,0.2415,73.1,2026-05-27T00:07:54.729Z,2026-05-27T00:07:54.738Z,2026-05-27T00:07:54.738Z
34,17.2,71.1,121,50,0.4375,0.2419,73.1,2026-05-27T00:08:04.081Z,2026-05-27T00:08:04.090Z,2026-05-27T00:08:04.090Z
35,11.7,71,14059,275,0.625,0.1648,73.1,2026-05-27T00:08:13.187Z,2026-05-27T00:08:13.195Z,2026-05-27T00:08:13.195Z
36,12.2,70.9,583,50,0.1719,0.1721,73.1,2026-05-27T00:08:25.212Z,2026-05-27T00:08:25.220Z,2026-05-27T00:08:25.220Z
37,9.6,70.9,630,275,0.5156,0.1354,73.1,2026-05-27T00:08:34.785Z,2026-05-27T00:08:34.793Z,2026-05-27T00:08:34.793Z
38,28.4,69.9,928,50,1.6719,0.4063,73.1,2026-05-27T00:08:43.889Z,2026-05-27T00:08:43.901Z,2026-05-27T00:08:43.901Z
39,41.3,70.3,86060,162.5,0.8438,0.5875,73.1,2026-05-27T00:08:53.262Z,2026-05-27T00:08:53.271Z,2026-05-27T00:08:53.271Z
40,9.1,70.1,24089,387.5,0.7344,0.1298,73.1,2026-05-27T00:09:05.421Z,2026-05-27T00:09:05.430Z,2026-05-27T00:09:05.430Z
41,44.7,69.9,8382,50,1.4688,0.6395,73.1,2026-05-27T00:09:14.611Z,2026-05-27T00:09:14.620Z,2026-05-27T00:09:14.620Z
42,51.1,69.6,47223,50,1.4531,0.7342,73.1,2026-05-27T00:09:23.778Z,2026-05-27T00:09:23.796Z,2026-05-27T00:09:23.796Z
43,57.2,69.4,6348,50,2.1562,0.8242,73.1,2026-05-27T00:09:36.073Z,2026-05-27T00:09:36.084Z,2026-05-27T00:09:36.084Z
44,20.1,70,3223,50,0.875,0.2871,73.1,2026-05-27T00:09:45.831Z,2026-05-27T00:09:45.841Z,2026-05-27T00:09:45.841Z
45,8.5,69.5,0,50,0.1562,0.1223,73.1,2026-05-27T00:09:55.292Z,2026-05-27T00:09:55.300Z,2026-05-27T00:09:55.300Z
46,7.7,70.2,0,50,0.0938,0.1097,73.1,2026-05-27T00:10:04.685Z,2026-05-27T00:10:04.693Z,2026-05-27T00:10:04.693Z
47,7.2,70.1,0,50,0.1094,0.1027,73.1,2026-05-27T00:10:16.144Z,2026-05-27T00:10:16.152Z,2026-05-27T00:10:16.152Z
48,5.4,70,14680,50,0.3906,0.0771,73.1,2026-05-27T00:10:25.281Z,2026-05-27T00:10:25.292Z,2026-05-27T00:10:25.292Z
49,5.3,70.1,0,50,0.1719,0.0756,73.1,2026-05-27T00:10:34.647Z,2026-05-27T00:10:34.658Z,2026-05-27T00:10:34.658Z
50,6.2,70,665,50,0.1562,0.0886,73.1,2026-05-27T00:10:46.861Z,2026-05-27T00:10:46.870Z,2026-05-27T00:10:46.870Z
51,9.5,70.4,404,50,0.7656,0.1349,73.1,2026-05-27T00:10:56.156Z,2026-05-27T00:10:56.164Z,2026-05-27T00:10:56.164Z
52,12.8,70.2,500,50,0.375,0.1823,73.1,2026-05-27T00:11:05.281Z,2026-05-27T00:11:05.289Z,2026-05-27T00:11:05.289Z
53,12.2,70.3,25687,50,0.3281,0.1735,73.1,2026-05-27T00:11:14.869Z,2026-05-27T00:11:14.877Z,2026-05-27T00:11:14.877Z
54,9.6,70.4,3072,50,2.1094,0.1364,73.1,2026-05-27T00:11:26.921Z,2026-05-27T00:11:26.932Z,2026-05-27T00:11:26.932Z
55,5.9,70.2,2865,50,0.0938,0.084,73.1,2026-05-27T00:11:36.041Z,2026-05-27T00:11:36.049Z,2026-05-27T00:11:36.049Z
56,5.9,70.2,786,50,0.4531,0.084,73.1,2026-05-27T00:11:45.410Z,2026-05-27T00:11:45.418Z,2026-05-27T00:11:45.418Z
57,5.9,70.1,15694,162.5,0.4062,0.0842,73.1,2026-05-27T00:11:55.144Z,2026-05-27T00:11:55.152Z,2026-05-27T00:11:55.152Z
58,6.5,70.1,6114,50,0.3906,0.0927,73.1,2026-05-27T00:12:08.010Z,2026-05-27T00:12:08.020Z,2026-05-27T00:12:08.020Z
59,16.3,70.7,2696,500,1.1563,0.2306,73.1,2026-05-27T00:12:18.451Z,2026-05-27T00:12:18.459Z,2026-05-27T00:12:18.459Z
60,7.4,70.3,2883,50,0.375,0.1053,73.1,2026-05-27T00:12:27.735Z,2026-05-27T00:12:27.743Z,2026-05-27T00:12:27.743Z
61,7.1,70.2,5205,50,0.1719,0.1011,73.1,2026-05-27T00:12:37.001Z,2026-05-27T00:12:37.011Z,2026-05-27T00:12:37.011Z
62,4.4,70.1,70060,50,0.5312,0.0628,73.1,2026-05-27T00:12:48.186Z,2026-05-27T00:12:48.195Z,2026-05-27T00:12:48.195Z
63,5.1,70.1,4637,162.5,0.2031,0.0728,73.1,2026-05-27T00:12:57.862Z,2026-05-27T00:12:57.874Z,2026-05-27T00:12:57.874Z
64,9.7,70.1,5250,275,0.4688,0.1384,73.1,2026-05-27T00:13:07.124Z,2026-05-27T00:13:07.135Z,2026-05-27T00:13:07.135Z
65,6.4,70.1,13065,50,0.3438,0.0913,73.1,2026-05-27T00:13:18.759Z,2026-05-27T00:13:18.768Z,2026-05-27T00:13:18.768Z
66,3.7,70.1,2478,275,0.0781,0.0528,73.1,2026-05-27T00:13:28.327Z,2026-05-27T00:13:28.335Z,2026-05-27T00:13:28.335Z
67,81.5,72.6,1652723,50,4.0469,1.1226,73.1,2026-05-27T00:13:37.672Z,2026-05-27T00:13:37.701Z,2026-05-27T00:13:37.701Z
68,95.6,73.2,9579,50,4.0625,1.306,73.1,2026-05-27T00:13:47.397Z,2026-05-27T00:13:47.427Z,2026-05-27T00:13:47.427Z
69,95.5,74.5,2107,50,3.4844,1.2819,73.1,2026-05-27T00:13:59.115Z,2026-05-27T00:13:59.134Z,2026-05-27T00:13:59.134Z
70,93.8,74.8,3049653,50,4.0938,1.254,73.1,2026-05-27T00:14:08.467Z,2026-05-27T00:14:08.486Z,2026-05-27T00:14:08.486Z
71,87.8,75.1,2739685,500,3.7656,1.1691,73.2,2026-05-27T00:14:17.916Z,2026-05-27T00:14:17.928Z,2026-05-27T00:14:17.928Z
72,83.5,72.7,15134,50,2.875,1.1486,73.2,2026-05-27T00:14:29.731Z,2026-05-27T00:14:29.742Z,2026-05-27T00:14:29.742Z
73,64.1,73,16954,500,1.8594,0.8781,73.2,2026-05-27T00:14:39.286Z,2026-05-27T00:14:39.300Z,2026-05-27T00:14:39.300Z
74,49.5,72.3,16686,50,1.7031,0.6846,73.3,2026-05-27T00:14:48.722Z,2026-05-27T00:14:48.735Z,2026-05-27T00:14:48.735Z
75,48.4,72.3,1184,50,1.7969,0.6694,73.3,2026-05-27T00:15:00.192Z,2026-05-27T00:15:00.206Z,2026-05-27T00:15:00.206Z
76,43.2,72.6,108,50,2.25,0.595,73.4,2026-05-27T00:15:09.806Z,2026-05-27T00:15:09.820Z,2026-05-27T00:15:09.820Z
77,47.1,72.5,222,50,1.8281,0.6497,73.4,2026-05-27T00:15:19.078Z,2026-05-27T00:15:19.090Z,2026-05-27T00:15:19.090Z
78,51.1,73.1,34068,50,1.2031,0.699,73.4,2026-05-27T00:15:28.709Z,2026-05-27T00:15:28.719Z,2026-05-27T00:15:28.719Z
79,29.5,72.8,2172,50,1.0938,0.4052,73.5,2026-05-27T00:15:40.459Z,2026-05-27T00:15:40.468Z,2026-05-27T00:15:40.468Z
80,36.3,74.3,610,50,2.7188,0.4886,73.5,2026-05-27T00:15:49.740Z,2026-05-27T00:15:49.752Z,2026-05-27T00:15:49.752Z
81,37.3,73.2,2702,50,1.5,0.5096,73.5,2026-05-27T00:15:59.030Z,2026-05-27T00:15:59.043Z,2026-05-27T00:15:59.043Z
82,30.9,73.4,0,50,1.1406,0.421,73.5,2026-05-27T00:16:10.904Z,2026-05-27T00:16:10.917Z,2026-05-27T00:16:10.917Z
83,30.3,73.2,121,50,1.2031,0.4139,73.5,2026-05-27T00:16:20.319Z,2026-05-27T00:16:20.328Z,2026-05-27T00:16:20.328Z
84,30.1,73.1,18375,50,1.1875,0.4118,73.5,2026-05-27T00:16:29.569Z,2026-05-27T00:16:29.580Z,2026-05-27T00:16:29.580Z
85,33.8,73.4,360,50,1.4844,0.4605,73.6,2026-05-27T00:16:41.274Z,2026-05-27T00:16:41.290Z,2026-05-27T00:16:41.290Z
86,11.9,73,0,50,0.4844,0.163,73.6,2026-05-27T00:16:50.916Z,2026-05-27T00:16:50.926Z,2026-05-27T00:16:50.926Z
87,6.9,73,15690,162.5,0.3594,0.0945,73.6,2026-05-27T00:17:00.195Z,2026-05-27T00:17:00.204Z,2026-05-27T00:17:00.204Z
88,13.5,72.8,66,50,0.0938,0.1854,73.7,2026-05-27T00:17:09.723Z,2026-05-27T00:17:09.733Z,2026-05-27T00:17:09.733Z
89,10.3,72.4,108,500,0.2812,0.1423,73.7,2026-05-27T00:17:21.700Z,2026-05-27T00:17:21.711Z,2026-05-27T00:17:21.711Z
90,7.6,72.3,138,162.5,0.2031,0.1051,73.7,2026-05-27T00:17:31.499Z,2026-05-27T00:17:31.509Z,2026-05-27T00:17:31.509Z
91,11.1,72.5,0,162.5,0.1875,0.1531,73.8,2026-05-27T00:17:41.263Z,2026-05-27T00:17:41.275Z,2026-05-27T00:17:41.275Z
92,12.3,72.5,6129,50,1.7656,0.1697,73.8,2026-05-27T00:17:51.913Z,2026-05-27T00:17:51.924Z,2026-05-27T00:17:51.924Z
93,49.1,71.4,60090,50,3.5938,0.6877,73.8,2026-05-27T00:18:01.289Z,2026-05-27T00:18:01.310Z,2026-05-27T00:18:01.310Z
94,46.5,71.3,3434,50,0.3594,0.6522,73.8,2026-05-27T00:18:10.640Z,2026-05-27T00:18:10.652Z,2026-05-27T00:18:10.652Z
95,23.6,71.7,4084,50,0.3281,0.3291,73.8,2026-05-27T00:18:22.514Z,2026-05-27T00:18:22.525Z,2026-05-27T00:18:22.525Z
96,13.9,71.4,19857,50,0.2656,0.1947,73.8,2026-05-27T00:18:32.495Z,2026-05-27T00:18:32.513Z,2026-05-27T00:18:32.513Z
97,7.6,71.7,3662,50,0.4375,0.106,73.8,2026-05-27T00:18:42.311Z,2026-05-27T00:18:42.320Z,2026-05-27T00:18:42.320Z
98,18.9,70.7,12258,50,0.9062,0.2673,73.8,2026-05-27T00:18:51.931Z,2026-05-27T00:18:51.956Z,2026-05-27T00:18:51.956Z
99,11.9,70.6,108,50,0.2969,0.1686,73.8,2026-05-27T00:19:02.986Z,2026-05-27T00:19:02.993Z,2026-05-27T00:19:02.993Z
100,8.3,71.2,0,50,0.1875,0.1166,73.8,2026-05-27T00:19:12.503Z,2026-05-27T00:19:12.511Z,2026-05-27T00:19:12.511Z
101,4,70.9,0,50,0.1094,0.0564,73.8,2026-05-27T00:19:22.159Z,2026-05-27T00:19:22.167Z,2026-05-27T00:19:22.167Z
102,4.6,70.9,223,50,0.0625,0.0649,73.8,2026-05-27T00:19:33.793Z,2026-05-27T00:19:33.803Z,2026-05-27T00:19:33.803Z
103,4.8,70.9,1457,50,0.1406,0.0677,73.8,2026-05-27T00:19:43.380Z,2026-05-27T00:19:43.389Z,2026-05-27T00:19:43.389Z
104,4.5,70.8,11538,275,0.1094,0.0636,73.8,2026-05-27T00:19:53.016Z,2026-05-27T00:19:53.027Z,2026-05-27T00:19:53.027Z
105,4.3,70.8,13001,162.5,0.1094,0.0607,73.8,2026-05-27T00:20:04.413Z,2026-05-27T00:20:04.424Z,2026-05-27T00:20:04.424Z
106,14,71.3,402944,50,0.8438,0.1964,73.8,2026-05-27T00:20:14.020Z,2026-05-27T00:20:14.030Z,2026-05-27T00:20:14.030Z
107,18.1,71,0,50,0.7969,0.2549,73.8,2026-05-27T00:20:23.568Z,2026-05-27T00:20:23.578Z,2026-05-27T00:20:23.578Z
108,14.4,71.2,13469,275,0.5781,0.2022,73.8,2026-05-27T00:20:33.324Z,2026-05-27T00:20:33.337Z,2026-05-27T00:20:33.337Z
109,10.3,71.2,153,50,0.2031,0.1447,73.8,2026-05-27T00:20:44.784Z,2026-05-27T00:20:44.796Z,2026-05-27T00:20:44.796Z
110,12.1,71.3,516,50,0.1875,0.1697,73.8,2026-05-27T00:20:54.226Z,2026-05-27T00:20:54.236Z,2026-05-27T00:20:54.236Z
111,17.2,71.3,4198,275,0.5469,0.2412,73.8,2026-05-27T00:21:03.960Z,2026-05-27T00:21:03.967Z,2026-05-27T00:21:03.967Z
112,35.9,71.7,1049,500,1.0312,0.5007,73.8,2026-05-27T00:21:15.556Z,2026-05-27T00:21:15.569Z,2026-05-27T00:21:15.569Z
113,44.4,72.2,1893,350.15,1.375,0.615,73.8,2026-05-27T00:21:24.850Z,2026-05-27T00:21:24.865Z,2026-05-27T00:21:24.865Z
114,32.7,72.2,1165,50,0.9844,0.4529,73.8,2026-05-27T00:21:34.555Z,2026-05-27T00:21:34.621Z,2026-05-27T00:21:34.621Z
115,41.7,72.5,2174,350.15,1,0.5752,73.8,2026-05-27T00:21:46.309Z,2026-05-27T00:21:46.317Z,2026-05-27T00:21:46.317Z
116,25.9,73,40852,275,0.2188,0.3548,73.8,2026-05-27T00:21:55.915Z,2026-05-27T00:21:55.923Z,2026-05-27T00:21:55.923Z
117,16.1,73.3,7403,50,0.4844,0.2196,73.8,2026-05-27T00:22:05.522Z,2026-05-27T00:22:05.532Z,2026-05-27T00:22:05.532Z
118,21.5,73,86,500,2,0.2945,73.8,2026-05-27T00:22:15.128Z,2026-05-27T00:22:15.136Z,2026-05-27T00:22:15.136Z
119,12.8,72.1,450,50,0.625,0.1775,73.8,2026-05-27T00:22:26.772Z,2026-05-27T00:22:26.780Z,2026-05-27T00:22:26.780Z
120,8.7,72.2,94,50,0.1719,0.1205,73.8,2026-05-27T00:22:36.365Z,2026-05-27T00:22:36.376Z,2026-05-27T00:22:36.376Z
121,26.2,72.3,723,387.5,0.7656,0.3624,73.8,2026-05-27T00:22:46.001Z,2026-05-27T00:22:46.016Z,2026-05-27T00:22:46.016Z
122,16.3,72.3,701,162.5,0.0625,0.2254,73.8,2026-05-27T00:22:57.416Z,2026-05-27T00:22:57.425Z,2026-05-27T00:22:57.425Z
123,18.8,72.7,25507,162.5,0.9531,0.2586,73.8,2026-05-27T00:23:06.810Z,2026-05-27T00:23:06.822Z,2026-05-27T00:23:06.822Z
124,13,72.1,1684,50,0.0938,0.1803,73.8,2026-05-27T00:23:16.143Z,2026-05-27T00:23:16.159Z,2026-05-27T00:23:16.159Z
125,13.8,72.2,121,162.5,0.1094,0.1911,73.8,2026-05-27T00:23:25.849Z,2026-05-27T00:23:25.866Z,2026-05-27T00:23:25.866Z
126,5,72.7,11456,162.5,0.3438,0.0688,73.8,2026-05-27T00:23:37.728Z,2026-05-27T00:23:37.738Z,2026-05-27T00:23:37.738Z
127,15.8,72.1,29133,50,0.4062,0.2191,73.8,2026-05-27T00:23:47.426Z,2026-05-27T00:23:47.437Z,2026-05-27T00:23:47.437Z
128,6.5,72,13173,50,0.9844,0.0903,73.8,2026-05-27T00:23:56.886Z,2026-05-27T00:23:56.895Z,2026-05-27T00:23:56.895Z
129,8.6,72,4916,50,0.5938,0.1194,73.8,2026-05-27T00:24:08.488Z,2026-05-27T00:24:08.497Z,2026-05-27T00:24:08.497Z
130,11.5,72,543,275,0.3438,0.1597,73.8,2026-05-27T00:24:18.062Z,2026-05-27T00:24:18.070Z,2026-05-27T00:24:18.070Z
131,6.6,72.2,860,500,0.4375,0.0914,73.8,2026-05-27T00:24:27.824Z,2026-05-27T00:24:27.837Z,2026-05-27T00:24:27.837Z
132,5.2,72.4,121,50,0.0938,0.0718,73.8,2026-05-27T00:24:39.449Z,2026-05-27T00:24:39.460Z,2026-05-27T00:24:39.460Z
133,6,71.9,4811,50,0.3438,0.0834,73.8,2026-05-27T00:24:48.958Z,2026-05-27T00:24:48.972Z,2026-05-27T00:24:48.972Z
134,5.2,71.6,3362,275,0.1406,0.0726,73.8,2026-05-27T00:24:58.596Z,2026-05-27T00:24:58.604Z,2026-05-27T00:24:58.604Z
135,5.3,71.6,2591,50,0.2188,0.074,73.8,2026-05-27T00:25:08.248Z,2026-05-27T00:25:08.258Z,2026-05-27T00:25:08.258Z
136,5,71.6,623,50,0.2031,0.0698,73.8,2026-05-27T00:25:19.655Z,2026-05-27T00:25:19.666Z,2026-05-27T00:25:19.666Z
137,5,71.5,3972,50,0.4531,0.0699,73.8,2026-05-27T00:25:29.003Z,2026-05-27T00:25:29.011Z,2026-05-27T00:25:29.011Z
138,2.9,71.6,0,50,0.1406,0.0405,73.8,2026-05-27T00:25:38.608Z,2026-05-27T00:25:38.624Z,2026-05-27T00:25:38.624Z
139,3.6,71.5,263,50,0.0625,0.0503,73.8,2026-05-27T00:25:50.434Z,2026-05-27T00:25:50.442Z,2026-05-27T00:25:50.442Z
140,4.3,71.5,1002,162.5,0.1406,0.0601,73.8,2026-05-27T00:25:59.767Z,2026-05-27T00:25:59.775Z,2026-05-27T00:25:59.775Z
141,6.8,71.7,160,50,0.5156,0.0948,73.8,2026-05-27T00:26:09.112Z,2026-05-27T00:26:09.122Z,2026-05-27T00:26:09.122Z
142,4.7,71.6,144,275,0.0625,0.0656,73.8,2026-05-27T00:26:21.140Z,2026-05-27T00:26:21.151Z,2026-05-27T00:26:21.151Z
143,5.2,71.5,1348,50,0.0781,0.0727,73.8,2026-05-27T00:26:30.552Z,2026-05-27T00:26:30.563Z,2026-05-27T00:26:30.563Z
144,4.2,71.5,180,50,0.0625,0.0587,73.8,2026-05-27T00:26:39.915Z,2026-05-27T00:26:39.924Z,2026-05-27T00:26:39.924Z
145,3.4,71.5,42,50,0.1094,0.0476,73.8,2026-05-27T00:26:49.458Z,2026-05-27T00:26:49.467Z,2026-05-27T00:26:49.467Z
146,4.6,71.4,16833,50,0.1719,0.0644,73.8,2026-05-27T00:27:01.330Z,2026-05-27T00:27:01.339Z,2026-05-27T00:27:01.339Z
147,7.8,71.5,138,50,0.2031,0.1091,73.8,2026-05-27T00:27:10.820Z,2026-05-27T00:27:10.830Z,2026-05-27T00:27:10.830Z
148,5.2,71.4,0,50,0.1406,0.0728,73.8,2026-05-27T00:27:20.522Z,2026-05-27T00:27:20.535Z,2026-05-27T00:27:20.535Z
149,4.7,71.5,138,50,0.2344,0.0657,73.8,2026-05-27T00:27:32.100Z,2026-05-27T00:27:32.108Z,2026-05-27T00:27:32.108Z
150,4.3,71.6,850,199.85,0.0938,0.0601,73.8,2026-05-27T00:27:41.533Z,2026-05-27T00:27:41.550Z,2026-05-27T00:27:41.550Z
151,3.5,71.6,180,162.5,0.0469,0.0489,73.8,2026-05-27T00:27:51.044Z,2026-05-27T00:27:51.052Z,2026-05-27T00:27:51.052Z
152,3.7,71.6,301,162.5,0.125,0.0517,73.8,2026-05-27T00:28:00.642Z,2026-05-27T00:28:00.651Z,2026-05-27T00:28:00.651Z
153,6.3,71.5,224,162.5,0.0156,0.0881,73.8,2026-05-27T00:28:12.279Z,2026-05-27T00:28:12.289Z,2026-05-27T00:28:12.289Z
154,4.3,71.5,120,50,0.1094,0.0601,73.8,2026-05-27T00:28:21.870Z,2026-05-27T00:28:21.882Z,2026-05-27T00:28:21.882Z
155,4.9,71,597,50,0.0625,0.069,73.8,2026-05-27T00:28:31.392Z,2026-05-27T00:28:31.404Z,2026-05-27T00:28:31.404Z
156,10.9,71.1,0,50,0.3125,0.1533,73.8,2026-05-27T00:28:42.965Z,2026-05-27T00:28:42.977Z,2026-05-27T00:28:42.977Z
157,4.5,71.2,19807,50,0.1406,0.0632,73.8,2026-05-27T00:28:52.397Z,2026-05-27T00:28:52.407Z,2026-05-27T00:28:52.407Z
158,3.9,71.2,2414,50,0.1719,0.0548,73.8,2026-05-27T00:29:02.054Z,2026-05-27T00:29:02.064Z,2026-05-27T00:29:02.064Z
159,5.8,71.2,373,50,0.25,0.0815,73.8,2026-05-27T00:29:13.739Z,2026-05-27T00:29:13.748Z,2026-05-27T00:29:13.748Z
160,4.1,71.1,2054,162.5,0.1875,0.0577,73.8,2026-05-27T00:29:23.173Z,2026-05-27T00:29:23.183Z,2026-05-27T00:29:23.183Z
161,8.7,71.2,1037,50,0.4531,0.1222,73.8,2026-05-27T00:29:32.719Z,2026-05-27T00:29:32.727Z,2026-05-27T00:29:32.727Z
162,7,71.3,1436,50,0.125,0.0982,73.8,2026-05-27T00:29:42.261Z,2026-05-27T00:29:42.271Z,2026-05-27T00:29:42.271Z
163,39.6,73.1,119805,50,1.6094,0.5417,73.8,2026-05-27T00:29:53.838Z,2026-05-27T00:29:53.860Z,2026-05-27T00:29:53.860Z
164,34.8,74.2,0,50,0.7188,0.469,73.8,2026-05-27T00:30:03.397Z,2026-05-27T00:30:03.408Z,2026-05-27T00:30:03.408Z
165,29.9,74.5,0,50,0.8906,0.4013,73,2026-05-27T00:30:12.864Z,2026-05-27T00:30:12.874Z,2026-05-27T00:30:12.874Z
166,15.7,75,4059,50,0.2188,0.2093,73,2026-05-27T00:30:24.419Z,2026-05-27T00:30:24.431Z,2026-05-27T00:30:24.431Z
167,14.4,73.8,0,50,0.2031,0.1951,73.1,2026-05-27T00:30:33.784Z,2026-05-27T00:30:33.795Z,2026-05-27T00:30:33.795Z
168,9.1,73.8,9132,50,0.2812,0.1233,73.2,2026-05-27T00:30:43.296Z,2026-05-27T00:30:43.308Z,2026-05-27T00:30:43.308Z
169,9.1,73.9,16932,50,0.4219,0.1231,73.2,2026-05-27T00:30:55.009Z,2026-05-27T00:30:55.021Z,2026-05-27T00:30:55.021Z
170,17,73.9,303,50,0.4844,0.23,73.3,2026-05-27T00:31:04.416Z,2026-05-27T00:31:04.427Z,2026-05-27T00:31:04.427Z
171,10.6,73.9,60,350.15,0.2656,0.1434,73.3,2026-05-27T00:31:13.899Z,2026-05-27T00:31:13.909Z,2026-05-27T00:31:13.909Z
172,30.8,74,4923955,50,0.7969,0.4162,73.4,2026-05-27T00:31:23.380Z,2026-05-27T00:31:23.393Z,2026-05-27T00:31:23.393Z
173,21.2,73.5,555,50,1.2031,0.2884,73.4,2026-05-27T00:31:34.952Z,2026-05-27T00:31:34.964Z,2026-05-27T00:31:34.964Z
174,21.3,73.5,416,125.15,1.0312,0.2898,73,2026-05-27T00:31:44.547Z,2026-05-27T00:31:44.558Z,2026-05-27T00:31:44.558Z
175,20.5,73.9,1991,50,0.4531,0.2774,73,2026-05-27T00:31:54.103Z,2026-05-27T00:31:54.114Z,2026-05-27T00:31:54.114Z
176,13.7,73.8,58855,50,1.1562,0.1856,73.1,2026-05-27T00:32:05.617Z,2026-05-27T00:32:05.632Z,2026-05-27T00:32:05.632Z
177,23.9,75.3,836,50,0.7812,0.3174,73.1,2026-05-27T00:32:14.917Z,2026-05-27T00:32:14.928Z,2026-05-27T00:32:14.928Z
178,27,75.2,2380,50,0.6406,0.359,73.1,2026-05-27T00:32:24.207Z,2026-05-27T00:32:24.216Z,2026-05-27T00:32:24.216Z
179,16.9,75.1,320,50,0.4219,0.225,73.1,2026-05-27T00:32:34.176Z,2026-05-27T00:32:34.188Z,2026-05-27T00:32:34.188Z
180,15.9,75.5,181,50,0.3438,0.2106,73.1,2026-05-27T00:32:45.781Z,2026-05-27T00:32:45.792Z,2026-05-27T00:32:45.792Z
181,10.6,75.5,319,320,0.2344,0.1404,73.2,2026-05-27T00:32:55.214Z,2026-05-27T00:32:55.225Z,2026-05-27T00:32:55.225Z
182,9.6,74.9,60,50,0.3125,0.1282,73.2,2026-05-27T00:33:04.703Z,2026-05-27T00:33:04.717Z,2026-05-27T00:33:04.717Z
183,11.1,75,403,199.85,0.1562,0.148,73.2,2026-05-27T00:33:16.087Z,2026-05-27T00:33:16.100Z,2026-05-27T00:33:16.100Z
184,8.8,74.9,1290,50,0.3906,0.1175,73.2,2026-05-27T00:33:25.576Z,2026-05-27T00:33:25.588Z,2026-05-27T00:33:25.588Z
185,9.1,75,5812,50,0.25,0.1213,73.2,2026-05-27T00:33:35.183Z,2026-05-27T00:33:35.195Z,2026-05-27T00:33:35.195Z
186,10.4,74.9,3624,50,1,0.1389,73.2,2026-05-27T00:33:46.678Z,2026-05-27T00:33:46.688Z,2026-05-27T00:33:46.688Z
187,12.5,74.6,1396,162.5,0.1875,0.1676,73.2,2026-05-27T00:33:56.394Z,2026-05-27T00:33:56.404Z,2026-05-27T00:33:56.404Z
188,10.9,74.5,2509,50,0.3125,0.1463,73.2,2026-05-27T00:34:05.657Z,2026-05-27T00:34:05.668Z,2026-05-27T00:34:05.668Z
189,9.9,74.5,5020,50,0.4688,0.1329,73.2,2026-05-27T00:34:15.144Z,2026-05-27T00:34:15.155Z,2026-05-27T00:34:15.155Z
190,8.8,74.6,0,50,0.375,0.118,73.2,2026-05-27T00:34:27.059Z,2026-05-27T00:34:27.073Z,2026-05-27T00:34:27.073Z
191,8.8,74.4,154,50,0.1875,0.1183,73.2,2026-05-27T00:34:36.347Z,2026-05-27T00:34:36.357Z,2026-05-27T00:34:36.357Z
192,48.5,71.8,0,50,0.2656,0.6755,73.2,2026-05-27T00:34:45.670Z,2026-05-27T00:34:45.678Z,2026-05-27T00:34:45.678Z
193,4.3,71.2,320,275,0.1406,0.0604,73.2,2026-05-27T00:34:57.238Z,2026-05-27T00:34:57.255Z,2026-05-27T00:34:57.255Z
194,4.9,71.1,1234,50,0.3125,0.0689,73.2,2026-05-27T00:35:06.635Z,2026-05-27T00:35:06.646Z,2026-05-27T00:35:06.646Z
195,4.4,71.1,566,50,0.1719,0.0619,73.2,2026-05-27T00:35:16.040Z,2026-05-27T00:35:16.049Z,2026-05-27T00:35:16.049Z
196,3.1,71.1,0,50,0.2969,0.0436,73.2,2026-05-27T00:35:25.681Z,2026-05-27T00:35:25.691Z,2026-05-27T00:35:25.691Z
197,4.5,71,677,50,0.2031,0.0634,73.2,2026-05-27T00:35:37.752Z,2026-05-27T00:35:37.762Z,2026-05-27T00:35:37.762Z
198,6.1,71,162,50,0.0781,0.0859,73.2,2026-05-27T00:35:46.890Z,2026-05-27T00:35:46.899Z,2026-05-27T00:35:46.899Z
199,3.8,71,645,275,0.2812,0.0535,73.2,2026-05-27T00:35:56.294Z,2026-05-27T00:35:56.303Z,2026-05-27T00:35:56.303Z
200,5.9,71,632,50,0.3125,0.0831,73.2,2026-05-27T00:36:08.614Z,2026-05-27T00:36:08.623Z,2026-05-27T00:36:08.623Z
201,4.6,71,0,50,0.2188,0.0648,73.2,2026-05-27T00:36:17.926Z,2026-05-27T00:36:17.934Z,2026-05-27T00:36:17.934Z
202,4.2,71,84,50,0.3125,0.0592,73.2,2026-05-27T00:36:27.097Z,2026-05-27T00:36:27.110Z,2026-05-27T00:36:27.110Z
203,5.8,70.5,640,50,0.1562,0.0823,73.2,2026-05-27T00:36:39.223Z,2026-05-27T00:36:39.232Z,2026-05-27T00:36:39.232Z
204,4.1,70.5,1072,50,0.0781,0.0582,73.2,2026-05-27T00:36:48.847Z,2026-05-27T00:36:48.856Z,2026-05-27T00:36:48.856Z
205,3.4,70.2,42,162.5,0.2656,0.0484,73.2,2026-05-27T00:36:58.099Z,2026-05-27T00:36:58.108Z,2026-05-27T00:36:58.108Z
206,5.2,70.7,51156,50,0.7344,0.0736,73.2,2026-05-27T00:37:07.492Z,2026-05-27T00:37:07.500Z,2026-05-27T00:37:07.500Z
207,5.3,70.9,42,50,0.0938,0.0748,73.2,2026-05-27T00:37:19.664Z,2026-05-27T00:37:19.678Z,2026-05-27T00:37:19.678Z
208,3.9,70.9,84,275,0.125,0.055,73.2,2026-05-27T00:37:28.778Z,2026-05-27T00:37:28.788Z,2026-05-27T00:37:28.788Z
209,3.5,70.7,186,50,0.2812,0.0495,73.2,2026-05-27T00:37:37.971Z,2026-05-27T00:37:37.980Z,2026-05-27T00:37:37.980Z
210,3,70.7,205,50,0.0312,0.0424,73.2,2026-05-27T00:37:50.230Z,2026-05-27T00:37:50.240Z,2026-05-27T00:37:50.240Z
211,4.1,71,793,50,0.125,0.0577,73.2,2026-05-27T00:37:59.677Z,2026-05-27T00:37:59.685Z,2026-05-27T00:37:59.685Z
212,5.4,70.9,205,50,0.1094,0.0762,73.2,2026-05-27T00:38:08.790Z,2026-05-27T00:38:08.799Z,2026-05-27T00:38:08.799Z
213,2.7,70.8,126,162.5,0.0781,0.0381,73.2,2026-05-27T00:38:18.253Z,2026-05-27T00:38:18.262Z,2026-05-27T00:38:18.262Z
214,3,70.8,102,500,0.0312,0.0424,73.2,2026-05-27T00:38:30.478Z,2026-05-27T00:38:30.487Z,2026-05-27T00:38:30.487Z
215,3.6,70.8,42,50,0.0625,0.0508,73.2,2026-05-27T00:38:39.616Z,2026-05-27T00:38:39.625Z,2026-05-27T00:38:39.625Z
216,3.5,70.8,42,162.5,0.25,0.0494,73.2,2026-05-27T00:38:48.933Z,2026-05-27T00:38:48.945Z,2026-05-27T00:38:48.945Z
217,3.7,71,4247,50,0.0938,0.0521,73.2,2026-05-27T00:39:01.252Z,2026-05-27T00:39:01.265Z,2026-05-27T00:39:01.265Z
218,6,70.7,14001,50,0.1562,0.0849,73.2,2026-05-27T00:39:10.845Z,2026-05-27T00:39:10.855Z,2026-05-27T00:39:10.855Z
219,3,70.7,102,50,0.0938,0.0424,73.2,2026-05-27T00:39:20.422Z,2026-05-27T00:39:20.435Z,2026-05-27T00:39:20.435Z
220,5.8,70.7,16718,50,0.4062,0.082,73.2,2026-05-27T00:39:31.789Z,2026-05-27T00:39:31.799Z,2026-05-27T00:39:31.799Z
221,3.9,70.6,13845,275,0.25,0.0552,73.2,2026-05-27T00:39:41.363Z,2026-05-27T00:39:41.377Z,2026-05-27T00:39:41.377Z
222,39.6,73.5,248,50,2,0.5388,73.2,2026-05-27T00:39:50.851Z,2026-05-27T00:39:50.862Z,2026-05-27T00:39:50.862Z
223,54.2,74.8,11318,50,2.2656,0.7246,73.2,2026-05-27T00:40:00.324Z,2026-05-27T00:40:00.335Z,2026-05-27T00:40:00.335Z
224,32.9,74.1,6531,275,0.9844,0.444,73.3,2026-05-27T00:40:11.918Z,2026-05-27T00:40:11.933Z,2026-05-27T00:40:11.933Z
225,18.4,75.5,627,50,0.9688,0.2437,73.3,2026-05-27T00:40:21.410Z,2026-05-27T00:40:21.421Z,2026-05-27T00:40:21.421Z
226,12.7,75,3899,50,0.3594,0.1693,73.3,2026-05-27T00:40:30.883Z,2026-05-27T00:40:30.894Z,2026-05-27T00:40:30.894Z
227,13.6,74.8,8043,50,0.5,0.1818,73.4,2026-05-27T00:40:42.509Z,2026-05-27T00:40:42.519Z,2026-05-27T00:40:42.519Z
228,6.7,74.7,139,50,0.2656,0.0897,73.4,2026-05-27T00:40:52.031Z,2026-05-27T00:40:52.041Z,2026-05-27T00:40:52.041Z
229,8.4,74.7,4141,350.15,0.3125,0.1124,73.4,2026-05-27T00:41:01.536Z,2026-05-27T00:41:01.545Z,2026-05-27T00:41:01.545Z
230,8.7,74.7,0,50,0.3125,0.1165,73.4,2026-05-27T00:41:11.018Z,2026-05-27T00:41:11.029Z,2026-05-27T00:41:11.029Z
231,9.1,74.7,358,162.5,0.1875,0.1218,73.4,2026-05-27T00:41:22.613Z,2026-05-27T00:41:22.621Z,2026-05-27T00:41:22.621Z
232,10.8,74.8,686,50,0.1875,0.1444,73.4,2026-05-27T00:41:32.108Z,2026-05-27T00:41:32.116Z,2026-05-27T00:41:32.116Z
233,13.2,74.8,1865,50,0.6406,0.1765,73.4,2026-05-27T00:41:41.577Z,2026-05-27T00:41:41.588Z,2026-05-27T00:41:41.588Z
234,17.5,75.1,850,50,0.4375,0.233,73.4,2026-05-27T00:41:53.171Z,2026-05-27T00:41:53.181Z,2026-05-27T00:41:53.181Z
235,24.7,75.1,4307461,50,1.3125,0.3289,73.4,2026-05-27T00:42:02.705Z,2026-05-27T00:42:02.719Z,2026-05-27T00:42:02.719Z
236,27,75.2,4941822,50,1.0625,0.359,73.4,2026-05-27T00:42:12.211Z,2026-05-27T00:42:12.223Z,2026-05-27T00:42:12.223Z
237,29.3,75.1,4345689,50,1.3281,0.3901,73.4,2026-05-27T00:42:23.881Z,2026-05-27T00:42:23.892Z,2026-05-27T00:42:23.892Z
238,33.3,75,4100240,275,1.25,0.444,73.4,2026-05-27T00:42:33.384Z,2026-05-27T00:42:33.394Z,2026-05-27T00:42:33.394Z
239,36.9,74.9,5696820,162.5,1.5312,0.4927,73.4,2026-05-27T00:42:42.887Z,2026-05-27T00:42:42.906Z,2026-05-27T00:42:42.906Z
240,38.7,74.8,4319722,50,1.2812,0.5174,73.4,2026-05-27T00:42:52.399Z,2026-05-27T00:42:52.415Z,2026-05-27T00:42:52.415Z
241,33.5,74.8,4711560,50,1.2969,0.4479,73.5,2026-05-27T00:43:04.132Z,2026-05-27T00:43:04.147Z,2026-05-27T00:43:04.147Z
242,37.4,74.8,5130205,50,1.25,0.5,73.5,2026-05-27T00:43:13.627Z,2026-05-27T00:43:13.641Z,2026-05-27T00:43:13.641Z
243,32.7,74.3,3944519,50,0.6406,0.4401,73.5,2026-05-27T00:43:23.119Z,2026-05-27T00:43:23.131Z,2026-05-27T00:43:23.131Z
244,31.4,74.1,4688754,275,1.5625,0.4238,73.5,2026-05-27T00:43:35.530Z,2026-05-27T00:43:35.581Z,2026-05-27T00:43:35.581Z
245,21.1,74.3,4021941,50,0.6094,0.284,73.5,2026-05-27T00:43:45.035Z,2026-05-27T00:43:45.046Z,2026-05-27T00:43:45.046Z
246,39.1,73.5,4890386,275,1.25,0.532,73.5,2026-05-27T00:43:54.522Z,2026-05-27T00:43:54.534Z,2026-05-27T00:43:54.534Z
247,27.2,73.2,4489132,50,0.8594,0.3716,73.5,2026-05-27T00:44:04.020Z,2026-05-27T00:44:04.030Z,2026-05-27T00:44:04.030Z
248,21.8,73.4,4440967,50,1,0.297,71.4,2026-05-27T00:44:15.228Z,2026-05-27T00:44:15.240Z,2026-05-27T00:44:15.240Z
249,36.7,73.4,3280359,500,1.8125,0.5,71.5,2026-05-27T00:44:24.723Z,2026-05-27T00:44:24.740Z,2026-05-27T00:44:24.740Z
250,31,73.3,3548606,50,0.7969,0.4229,71.5,2026-05-27T00:44:34.205Z,2026-05-27T00:44:34.218Z,2026-05-27T00:44:34.218Z
251,28.8,73.1,3744409,275,1.0156,0.394,71.5,2026-05-27T00:44:46.655Z,2026-05-27T00:44:46.665Z,2026-05-27T00:44:46.665Z
252,43.7,73.2,6287877,50,1.5938,0.597,71.5,2026-05-27T00:44:56.153Z,2026-05-27T00:44:56.165Z,2026-05-27T00:44:56.165Z
253,38.1,73.2,4194912,50,1.3594,0.5205,71.5,2026-05-27T00:45:05.647Z,2026-05-27T00:45:05.659Z,2026-05-27T00:45:05.659Z
254,40.6,73.2,5341832,50,1.5781,0.5546,71.5,2026-05-27T00:45:15.116Z,2026-05-27T00:45:15.129Z,2026-05-27T00:45:15.129Z
255,28.6,73.1,5283865,50,0.4062,0.3912,71.5,2026-05-27T00:45:27.545Z,2026-05-27T00:45:27.557Z,2026-05-27T00:45:27.557Z
256,25.4,72.3,4780078,50,1.4688,0.3513,71.5,2026-05-27T00:45:36.743Z,2026-05-27T00:45:36.755Z,2026-05-27T00:45:36.755Z
257,56.4,74.1,5110684,50,1.5312,0.7611,71.5,2026-05-27T00:45:45.842Z,2026-05-27T00:45:45.854Z,2026-05-27T00:45:45.854Z
258,36.2,73.6,4305287,50,1.875,0.4918,71.5,2026-05-27T00:45:55.078Z,2026-05-27T00:45:55.089Z,2026-05-27T00:45:55.089Z
259,38.2,73,4101117,50,1.1875,0.5233,71.5,2026-05-27T00:46:09.062Z,2026-05-27T00:46:09.079Z,2026-05-27T00:46:09.079Z
260,43,73.4,5485194,50,1.6094,0.5858,71.5,2026-05-27T00:46:18.342Z,2026-05-27T00:46:18.353Z,2026-05-27T00:46:18.353Z
261,39.3,73.4,5210647,50,1.7031,0.5354,71.6,2026-05-27T00:46:27.434Z,2026-05-27T00:46:27.447Z,2026-05-27T00:46:27.447Z
262,19.9,73.3,4836810,162.5,0.6562,0.2715,71.6,2026-05-27T00:46:37.875Z,2026-05-27T00:46:37.885Z,2026-05-27T00:46:37.885Z
263,31.5,73.2,3085201,50,2.4531,0.4303,71.6,2026-05-27T00:46:47.136Z,2026-05-27T00:46:47.151Z,2026-05-27T00:46:47.151Z
264,41.9,72.6,4983377,50,2.4219,0.5771,71.6,2026-05-27T00:46:56.677Z,2026-05-27T00:46:56.690Z,2026-05-27T00:46:56.690Z
265,57.3,72.6,5320662,500,1.7969,0.7893,71.6,2026-05-27T00:47:06.211Z,2026-05-27T00:47:06.223Z,2026-05-27T00:47:06.223Z
266,44.7,72.7,5995441,50,1.7969,0.6149,71.6,2026-05-27T00:47:19.135Z,2026-05-27T00:47:19.149Z,2026-05-27T00:47:19.149Z
267,41.1,72.9,4084042,50,2.4688,0.5638,71.6,2026-05-27T00:47:28.668Z,2026-05-27T00:47:28.679Z,2026-05-27T00:47:28.679Z
268,13.6,73.3,5631521,50,0.3281,0.1855,71.6,2026-05-27T00:47:37.862Z,2026-05-27T00:47:37.873Z,2026-05-27T00:47:37.873Z
269,44.6,73.3,5377784,50,1.625,0.6085,71.6,2026-05-27T00:47:46.963Z,2026-05-27T00:47:46.973Z,2026-05-27T00:47:46.973Z
270,40.8,73.3,4367779,50,1.4062,0.5566,71.6,2026-05-27T00:47:58.960Z,2026-05-27T00:47:58.974Z,2026-05-27T00:47:58.974Z
271,40.1,73.4,5080303,50,1.5938,0.5463,71.6,2026-05-27T00:48:08.761Z,2026-05-27T00:48:08.777Z,2026-05-27T00:48:08.777Z
272,40.6,72.8,5785453,50,1.9375,0.5577,71.6,2026-05-27T00:48:18.579Z,2026-05-27T00:48:18.589Z,2026-05-27T00:48:18.589Z
273,32.3,72.2,5854305,387.5,1.3438,0.4474,71.7,2026-05-27T00:48:29.672Z,2026-05-27T00:48:29.686Z,2026-05-27T00:48:29.686Z
274,37.9,72.9,5048460,50,2.4531,0.5199,71.7,2026-05-27T00:48:38.769Z,2026-05-27T00:48:38.782Z,2026-05-27T00:48:38.782Z
275,36.8,72.4,6078088,50,1.3438,0.5083,71.8,2026-05-27T00:48:47.887Z,2026-05-27T00:48:47.898Z,2026-05-27T00:48:47.898Z
276,24.4,73.5,2477803,50,0.25,0.332,71.8,2026-05-27T00:48:57.627Z,2026-05-27T00:48:57.638Z,2026-05-27T00:48:57.638Z
277,41.5,76,4582999,162.5,1.875,0.5461,71.9,2026-05-27T00:49:11.699Z,2026-05-27T00:49:11.711Z,2026-05-27T00:49:11.711Z
278,22.1,72.5,5210575,50,1.0156,0.3048,71.8,2026-05-27T00:49:21.116Z,2026-05-27T00:49:21.127Z,2026-05-27T00:49:21.127Z
279,32.2,73.1,5426407,50,1.2969,0.4405,71.8,2026-05-27T00:49:30.252Z,2026-05-27T00:49:30.263Z,2026-05-27T00:49:30.263Z
280,35.6,73,5102233,50,1.6406,0.4877,71.8,2026-05-27T00:49:39.393Z,2026-05-27T00:49:39.429Z,2026-05-27T00:49:39.429Z
281,40.7,73.5,4797029,50,0.8906,0.5537,71.8,2026-05-27T00:49:50.036Z,2026-05-27T00:49:50.048Z,2026-05-27T00:49:50.048Z
282,26,73.6,3759656,50,0.9688,0.3533,71.8,2026-05-27T00:49:59.261Z,2026-05-27T00:49:59.274Z,2026-05-27T00:49:59.274Z
283,26.5,73.5,4904946,500,0.9531,0.3605,71.8,2026-05-27T00:50:08.562Z,2026-05-27T00:50:08.573Z,2026-05-27T00:50:08.573Z
284,23.1,71.7,4027288,162.5,0.5781,0.3222,71.9,2026-05-27T00:50:22.338Z,2026-05-27T00:50:22.350Z,2026-05-27T00:50:22.350Z
285,16.6,71.5,4310078,50,0.5781,0.2322,71.9,2026-05-27T00:50:31.779Z,2026-05-27T00:50:31.790Z,2026-05-27T00:50:31.790Z
286,14.8,71.5,3127427,50,0.4219,0.207,71.9,2026-05-27T00:50:40.885Z,2026-05-27T00:50:40.896Z,2026-05-27T00:50:40.896Z
287,14.7,71.4,2339224,50,0.375,0.2059,71.9,2026-05-27T00:50:50.022Z,2026-05-27T00:50:50.034Z,2026-05-27T00:50:50.034Z
288,12.8,71.4,3568184,50,0.3906,0.1793,71.9,2026-05-27T00:51:02.554Z,2026-05-27T00:51:02.571Z,2026-05-27T00:51:02.571Z
289,9.8,71.4,3270892,50,0.5781,0.1373,71.9,2026-05-27T00:51:12.045Z,2026-05-27T00:51:12.056Z,2026-05-27T00:51:12.056Z
290,11.8,71.4,3714640,275,0.3281,0.1653,71.9,2026-05-27T00:51:21.284Z,2026-05-27T00:51:21.295Z,2026-05-27T00:51:21.295Z
291,18.2,71.5,4752006,275,1.3594,0.2545,71.9,2026-05-27T00:51:30.376Z,2026-05-27T00:51:30.387Z,2026-05-27T00:51:30.387Z
292,22.9,71.4,4321568,50,0.375,0.3207,71.9,2026-05-27T00:51:39.478Z,2026-05-27T00:51:39.489Z,2026-05-27T00:51:39.489Z
293,9.9,71.4,2733228,50,0.25,0.1387,71.9,2026-05-27T00:51:49.700Z,2026-05-27T00:51:49.712Z,2026-05-27T00:51:49.712Z
294,13.5,71.1,2869183,50,0.4688,0.1899,71.9,2026-05-27T00:52:00.631Z,2026-05-27T00:52:00.642Z,2026-05-27T00:52:00.642Z
295,13.4,71.5,3627398,50,0.3594,0.1874,71.9,2026-05-27T00:52:10.716Z,2026-05-27T00:52:10.727Z,2026-05-27T00:52:10.727Z
296,11.4,71.4,3403265,50,0.4219,0.1597,71.9,2026-05-27T00:52:20.801Z,2026-05-27T00:52:20.812Z,2026-05-27T00:52:20.812Z
297,15.1,71.7,2325442,50,0.3906,0.2106,71.9,2026-05-27T00:52:30.911Z,2026-05-27T00:52:30.921Z,2026-05-27T00:52:30.921Z
298,12.4,71.9,5701700,50,0.375,0.1725,71.9,2026-05-27T00:52:41.029Z,2026-05-27T00:52:41.042Z,2026-05-27T00:52:41.042Z
299,13.2,72,4071626,387.5,0.5781,0.1833,72,2026-05-27T00:52:51.142Z,2026-05-27T00:52:51.153Z,2026-05-27T00:52:51.153Z
300,13.3,71.9,4975165,50,0.7188,0.185,72,2026-05-27T00:53:01.237Z,2026-05-27T00:53:01.250Z,2026-05-27T00:53:01.250Z
301,12.2,71.9,5065818,275,0.5,0.1697,72,2026-05-27T00:53:11.326Z,2026-05-27T00:53:11.338Z,2026-05-27T00:53:11.338Z
302,11.7,71.7,4477464,162.5,0.2969,0.1632,72,2026-05-27T00:53:21.425Z,2026-05-27T00:53:21.437Z,2026-05-27T00:53:21.437Z
303,14.5,71.7,5439891,50,0.4688,0.2022,72,2026-05-27T00:53:31.539Z,2026-05-27T00:53:31.551Z,2026-05-27T00:53:31.551Z
304,13.8,71.6,2771823,50,0.375,0.1927,72,2026-05-27T00:53:41.632Z,2026-05-27T00:53:41.646Z,2026-05-27T00:53:41.646Z
305,11.3,71.6,5487842,50,0.5781,0.1578,72,2026-05-27T00:53:51.721Z,2026-05-27T00:53:51.735Z,2026-05-27T00:53:51.735Z
306,17.7,71.6,5467291,50,1.1562,0.2472,72,2026-05-27T00:54:03.785Z,2026-05-27T00:54:03.799Z,2026-05-27T00:54:03.799Z
307,23.4,71.5,2779478,50,0.25,0.3273,72,2026-05-27T00:54:13.863Z,2026-05-27T00:54:13.873Z,2026-05-27T00:54:13.873Z
308,12.3,71.5,3952884,50,0.4531,0.172,72,2026-05-27T00:54:23.961Z,2026-05-27T00:54:23.974Z,2026-05-27T00:54:23.974Z
309,11.3,71.5,5610423,162.5,0.2344,0.158,72,2026-05-27T00:54:33.765Z,2026-05-27T00:54:33.776Z,2026-05-27T00:54:33.776Z
310,13.4,71.5,4752618,50,0.4219,0.1874,72.1,2026-05-27T00:54:43.113Z,2026-05-27T00:54:43.124Z,2026-05-27T00:54:43.124Z
311,13.7,71.5,4549411,50,0.3594,0.1916,72.1,2026-05-27T00:54:52.358Z,2026-05-27T00:54:52.367Z,2026-05-27T00:54:52.367Z
312,12.3,71.4,2871696,162.5,0.6094,0.1723,72.1,2026-05-27T00:55:02.452Z,2026-05-27T00:55:02.462Z,2026-05-27T00:55:02.462Z
313,11.4,71.5,4748919,275,0.4375,0.1594,72.1,2026-05-27T00:55:12.541Z,2026-05-27T00:55:12.552Z,2026-05-27T00:55:12.552Z
314,28,71,5693016,50,1.0938,0.3944,72.1,2026-05-27T00:55:25.317Z,2026-05-27T00:55:25.337Z,2026-05-27T00:55:25.337Z
315,30.2,71.1,5178567,50,0.8125,0.4248,72.1,2026-05-27T00:55:35.179Z,2026-05-27T00:55:35.193Z,2026-05-27T00:55:35.193Z
316,13.2,71.2,4926373,275,0.4844,0.1854,72.1,2026-05-27T00:55:44.564Z,2026-05-27T00:55:44.574Z,2026-05-27T00:55:44.574Z
317,21.1,71.5,4703169,50,0.2969,0.2951,72.1,2026-05-27T00:55:54.936Z,2026-05-27T00:55:54.948Z,2026-05-27T00:55:54.948Z
318,12.9,71.5,6120961,275,0.5156,0.1804,72.1,2026-05-27T00:56:04.197Z,2026-05-27T00:56:04.209Z,2026-05-27T00:56:04.209Z
319,11.9,71.4,3255162,50,0.3438,0.1667,72.1,2026-05-27T00:56:13.449Z,2026-05-27T00:56:13.458Z,2026-05-27T00:56:13.458Z
320,11.3,71.3,4525228,50,0.75,0.1585,72.1,2026-05-27T00:56:23.081Z,2026-05-27T00:56:23.092Z,2026-05-27T00:56:23.092Z
321,13.3,71.3,5009862,50,0.5,0.1865,72.2,2026-05-27T00:56:36.318Z,2026-05-27T00:56:36.329Z,2026-05-27T00:56:36.329Z
322,14.2,71.3,5805218,50,0.8594,0.1992,72.2,2026-05-27T00:56:46.302Z,2026-05-27T00:56:46.318Z,2026-05-27T00:56:46.318Z
323,25.3,71.5,3207850,275,1.2812,0.3538,72.2,2026-05-27T00:56:55.566Z,2026-05-27T00:56:55.579Z,2026-05-27T00:56:55.579Z
324,18.8,71.3,3328381,50,0.4531,0.2637,72.2,2026-05-27T00:57:04.820Z,2026-05-27T00:57:04.830Z,2026-05-27T00:57:04.830Z
325,14.8,71.5,5649329,50,0.5938,0.207,72.2,2026-05-27T00:57:14.068Z,2026-05-27T00:57:14.078Z,2026-05-27T00:57:14.078Z
326,17,71.6,4411428,50,2.0625,0.2374,72.2,2026-05-27T00:57:23.853Z,2026-05-27T00:57:23.865Z,2026-05-27T00:57:23.865Z
327,15.1,71.3,3874305,50,0.5,0.2118,72.2,2026-05-27T00:57:33.958Z,2026-05-27T00:57:33.967Z,2026-05-27T00:57:33.967Z
328,77.4,72.8,6363686,50,1.7188,1.0632,72.2,2026-05-27T00:57:44.074Z,2026-05-27T00:57:44.090Z,2026-05-27T00:57:44.090Z
329,31.1,72.6,6479883,50,1.0312,0.4284,72.2,2026-05-27T00:57:55.714Z,2026-05-27T00:57:55.730Z,2026-05-27T00:57:55.730Z
330,27.2,72.6,6637675,387.5,1.3594,0.3747,72.2,2026-05-27T00:58:05.816Z,2026-05-27T00:58:05.830Z,2026-05-27T00:58:05.830Z
331,18.1,72.5,5971693,50,0.7344,0.2497,72.2,2026-05-27T00:58:15.567Z,2026-05-27T00:58:15.579Z,2026-05-27T00:58:15.579Z
332,18.8,72.4,6276350,50,0.5156,0.2597,72.3,2026-05-27T00:58:24.824Z,2026-05-27T00:58:24.835Z,2026-05-27T00:58:24.835Z
333,15.9,72.5,6040090,50,0.6094,0.2193,72.3,2026-05-27T00:58:35.814Z,2026-05-27T00:58:35.825Z,2026-05-27T00:58:35.825Z
334,14,72.2,6599751,50,0.4219,0.1939,72.3,2026-05-27T00:58:45.272Z,2026-05-27T00:58:45.285Z,2026-05-27T00:58:45.285Z
335,13,72,6169965,199.85,0.875,0.1806,72.3,2026-05-27T00:58:54.695Z,2026-05-27T00:58:54.707Z,2026-05-27T00:58:54.707Z
336,15.5,71.9,6521058,50,0.75,0.2156,72.3,2026-05-27T00:59:06.373Z,2026-05-27T00:59:06.385Z,2026-05-27T00:59:06.385Z
337,18,72.4,6323697,50,0.75,0.2486,72.3,2026-05-27T00:59:16.002Z,2026-05-27T00:59:16.014Z,2026-05-27T00:59:16.014Z
338,18.6,72.5,541,50,0.0469,0.2566,72.3,2026-05-27T00:59:25.558Z,2026-05-27T00:59:25.566Z,2026-05-27T00:59:25.566Z
339,5.7,70.8,6685,275,0.3594,0.0805,72.3,2026-05-27T00:59:35.302Z,2026-05-27T00:59:35.311Z,2026-05-27T00:59:35.311Z
340,5.3,70.6,1438,50,0.2188,0.0751,72.3,2026-05-27T00:59:46.544Z,2026-05-27T00:59:46.554Z,2026-05-27T00:59:46.554Z
341,3.2,69.9,236,50,0.2031,0.0458,72.3,2026-05-27T00:59:56.157Z,2026-05-27T00:59:56.166Z,2026-05-27T00:59:56.166Z
342,3.5,69.9,10007,162.5,0.1719,0.0501,72.3,2026-05-27T01:00:05.853Z,2026-05-27T01:00:05.875Z,2026-05-27T01:00:05.875Z
343,9,70,84,275,0.1562,0.1286,72.3,2026-05-27T01:00:17.207Z,2026-05-27T01:00:17.216Z,2026-05-27T01:00:17.216Z
344,2.8,70,0,50,0.0625,0.04,72.3,2026-05-27T01:00:26.813Z,2026-05-27T01:00:26.822Z,2026-05-27T01:00:26.822Z
345,5.6,70.3,3751,50,1.0781,0.0797,72.3,2026-05-27T01:00:36.462Z,2026-05-27T01:00:36.473Z,2026-05-27T01:00:36.473Z
346,7.6,69.2,692,50,0.0781,0.1098,72.3,2026-05-27T01:00:47.786Z,2026-05-27T01:00:47.795Z,2026-05-27T01:00:47.795Z
347,3.1,69.1,15180,162.5,0.2656,0.0449,72.3,2026-05-27T01:00:57.443Z,2026-05-27T01:00:57.453Z,2026-05-27T01:00:57.453Z
348,3.4,69.1,197,50,0.2812,0.0492,72.3,2026-05-27T01:01:06.972Z,2026-05-27T01:01:06.980Z,2026-05-27T01:01:06.980Z
349,5.7,69.2,404,50,0.5312,0.0824,72.3,2026-05-27T01:01:16.757Z,2026-05-27T01:01:16.780Z,2026-05-27T01:01:16.780Z
350,3.6,69.2,495,50,0.1094,0.052,72.3,2026-05-27T01:01:28.025Z,2026-05-27T01:01:28.034Z,2026-05-27T01:01:28.034Z
351,3,69.1,204,275,0.1406,0.0434,72.3,2026-05-27T01:01:37.511Z,2026-05-27T01:01:37.519Z,2026-05-27T01:01:37.519Z
352,5.2,69.1,191,50,0.1719,0.0753,72.3,2026-05-27T01:01:47.138Z,2026-05-27T01:01:47.146Z,2026-05-27T01:01:47.146Z
353,2.7,69.2,948,125.15,0.1875,0.039,72.3,2026-05-27T01:01:58.578Z,2026-05-27T01:01:58.594Z,2026-05-27T01:01:58.594Z
354,8.1,69.1,520,50,0.5625,0.1172,72.3,2026-05-27T01:02:08.129Z,2026-05-27T01:02:08.139Z,2026-05-27T01:02:08.139Z
355,9.7,69.3,364,162.5,0.1094,0.14,72.3,2026-05-27T01:02:17.836Z,2026-05-27T01:02:17.846Z,2026-05-27T01:02:17.846Z
356,5.5,69.3,445,50,0.3594,0.0794,72.3,2026-05-27T01:02:29.244Z,2026-05-27T01:02:29.253Z,2026-05-27T01:02:29.253Z
357,4.3,69.2,67,50,0.1875,0.0621,72.3,2026-05-27T01:02:38.763Z,2026-05-27T01:02:38.774Z,2026-05-27T01:02:38.774Z
358,5.2,69.2,977,500,0.1406,0.0751,72.3,2026-05-27T01:02:48.308Z,2026-05-27T01:02:48.316Z,2026-05-27T01:02:48.316Z
359,4.6,69.2,126,275,0.0469,0.0665,72.3,2026-05-27T01:02:58.127Z,2026-05-27T01:02:58.142Z,2026-05-27T01:02:58.142Z
360,3.8,69.2,0,50,0.1562,0.0549,72.3,2026-05-27T01:03:07.979Z,2026-05-27T01:03:07.988Z,2026-05-27T01:03:07.988Z
361,5.3,69.2,0,50,0.1875,0.0766,72.3,2026-05-27T01:03:17.793Z,2026-05-27T01:03:17.802Z,2026-05-27T01:03:17.802Z
362,3.9,69.1,427,50,0.25,0.0564,72.3,2026-05-27T01:03:28.085Z,2026-05-27T01:03:28.096Z,2026-05-27T01:03:28.096Z
363,4.4,69.1,316,50,0.1562,0.0637,72.3,2026-05-27T01:03:40.897Z,2026-05-27T01:03:40.912Z,2026-05-27T01:03:40.912Z
364,4.9,69.2,729,275,0.125,0.0708,72.3,2026-05-27T01:03:50.384Z,2026-05-27T01:03:50.393Z,2026-05-27T01:03:50.393Z
365,3.7,69.2,274,50,0.1719,0.0535,72.3,2026-05-27T01:03:59.710Z,2026-05-27T01:03:59.719Z,2026-05-27T01:03:59.719Z
366,4.7,69.2,399,50,0.125,0.0679,72.3,2026-05-27T01:04:11.188Z,2026-05-27T01:04:11.199Z,2026-05-27T01:04:11.199Z
367,4.4,69.2,1976,50,0.3125,0.0636,72.3,2026-05-27T01:04:20.943Z,2026-05-27T01:04:20.951Z,2026-05-27T01:04:20.951Z
368,2.8,69.2,913,50,0.0938,0.0405,72.3,2026-05-27T01:04:30.266Z,2026-05-27T01:04:30.277Z,2026-05-27T01:04:30.277Z
369,5.8,69.6,138,50,0.7812,0.0833,72.3,2026-05-27T01:04:39.675Z,2026-05-27T01:04:39.683Z,2026-05-27T01:04:39.683Z
370,4.5,69.7,30925,50,0.4219,0.0646,72.3,2026-05-27T01:04:51.430Z,2026-05-27T01:04:51.438Z,2026-05-27T01:04:51.438Z
371,5,69.7,1397,50,0.2812,0.0717,72.3,2026-05-27T01:05:00.743Z,2026-05-27T01:05:00.753Z,2026-05-27T01:05:00.753Z
372,10.2,69.8,1439,50,0.5,0.1461,72.3,2026-05-27T01:05:10.210Z,2026-05-27T01:05:10.223Z,2026-05-27T01:05:10.223Z
373,5.1,69.7,35996,50,0.375,0.0732,72.3,2026-05-27T01:05:22.266Z,2026-05-27T01:05:22.277Z,2026-05-27T01:05:22.277Z
374,11.2,69.7,757,50,0.5625,0.1607,72.3,2026-05-27T01:05:31.767Z,2026-05-27T01:05:31.774Z,2026-05-27T01:05:31.774Z
375,3.2,69.6,248,275,0.1094,0.046,72.3,2026-05-27T01:05:41.090Z,2026-05-27T01:05:41.098Z,2026-05-27T01:05:41.098Z
376,3.9,69.6,15419,50,0.3438,0.056,72.3,2026-05-27T01:05:52.861Z,2026-05-27T01:05:52.870Z,2026-05-27T01:05:52.870Z
377,20.8,70.8,199,50,4.1094,0.2938,72.3,2026-05-27T02:43:25.593Z,2026-05-27T02:43:25.626Z,2026-05-27T02:43:25.626Z
378,95.1,73.5,279782,500,4.3125,1.2939,72.3,2026-05-27T02:43:35.935Z,2026-05-27T02:43:35.958Z,2026-05-27T02:43:35.958Z
379,100,75.7,234264,500,4.0625,1.321,72.3,2026-05-27T02:43:46.068Z,2026-05-27T02:43:46.095Z,2026-05-27T02:43:46.095Z
380,50.2,74.7,0,50,0.1094,0.672,72.3,2026-05-27T02:43:57.851Z,2026-05-27T02:43:57.861Z,2026-05-27T02:43:57.861Z
381,8.3,73.2,282,162.5,0.2188,0.1134,72.3,2026-05-27T02:44:07.922Z,2026-05-27T02:44:07.932Z,2026-05-27T02:44:07.932Z
382,23.5,73.1,0,50,0.5156,0.3215,72.3,2026-05-27T02:44:17.954Z,2026-05-27T02:44:17.964Z,2026-05-27T02:44:17.964Z
383,19.7,73.2,0,50,0.4219,0.2691,72.3,2026-05-27T02:44:27.927Z,2026-05-27T02:44:27.935Z,2026-05-27T02:44:27.935Z
384,15.5,73,5797,162.5,0.7812,0.2123,72.3,2026-05-27T02:44:37.621Z,2026-05-27T02:44:37.633Z,2026-05-27T02:44:37.633Z
385,31.1,74,0,387.5,1.8125,0.4203,72.3,2026-05-27T02:44:47.031Z,2026-05-27T02:44:47.044Z,2026-05-27T02:44:47.044Z
386,28.2,74.6,7085,50,0.6562,0.378,72.3,2026-05-27T02:44:58.101Z,2026-05-27T02:44:58.110Z,2026-05-27T02:44:58.110Z
387,11.5,74.3,2049,162.5,0.1562,0.1548,72.3,2026-05-27T02:45:07.780Z,2026-05-27T02:45:07.790Z,2026-05-27T02:45:07.790Z
388,10.5,74.8,1893,50,0.3281,0.1404,72.3,2026-05-27T02:45:17.553Z,2026-05-27T02:45:17.568Z,2026-05-27T02:45:17.568Z
389,18.8,74.1,1247,275,0.3594,0.2537,72.3,2026-05-27T02:45:27.347Z,2026-05-27T02:45:28.825Z,2026-05-27T02:45:28.825Z
390,10.4,73.6,186,50,0.4688,0.1413,72.3,2026-05-27T02:45:38.189Z,2026-05-27T02:45:38.198Z,2026-05-27T02:45:38.198Z
391,16.2,73.3,1585,50,0.5938,0.221,72.3,2026-05-27T02:45:47.517Z,2026-05-27T02:45:47.531Z,2026-05-27T02:45:47.531Z
392,12.9,73.7,374,50,0.4688,0.175,72.3,2026-05-27T02:45:57.124Z,2026-05-27T02:45:57.136Z,2026-05-27T02:45:57.136Z
393,11.7,74.1,6290,50,0.7969,0.1579,72.3,2026-05-27T02:46:09.121Z,2026-05-27T02:46:09.131Z,2026-05-27T02:46:09.131Z
394,8.8,73.7,0,275,0.2812,0.1194,72.3,2026-05-27T02:46:18.633Z,2026-05-27T02:46:18.652Z,2026-05-27T02:46:18.652Z
395,29.4,74.2,984,50,1.3906,0.3962,72.3,2026-05-27T02:46:28.093Z,2026-05-27T02:46:28.105Z,2026-05-27T02:46:28.105Z
396,31.3,74.6,4010,350.15,0.5781,0.4196,72.3,2026-05-27T02:46:39.748Z,2026-05-27T02:46:39.758Z,2026-05-27T02:46:39.758Z
397,16.1,74.2,0,50,0.9219,0.217,72.3,2026-05-27T02:46:49.203Z,2026-05-27T02:46:49.213Z,2026-05-27T02:46:49.213Z
398,11,74.2,2130,50,0.2031,0.1482,72.3,2026-05-27T02:46:58.560Z,2026-05-27T02:46:58.569Z,2026-05-27T02:46:58.569Z
399,6.8,74.4,2623,50,0.4219,0.0914,72.3,2026-05-27T02:47:08.005Z,2026-05-27T02:47:08.019Z,2026-05-27T02:47:08.019Z
400,9.1,74.4,0,50,0.3438,0.1223,72.3,2026-05-27T02:47:19.933Z,2026-05-27T02:47:19.945Z,2026-05-27T02:47:19.945Z
401,12.9,74.2,348,50,0.5781,0.1739,72.3,2026-05-27T02:47:29.350Z,2026-05-27T02:47:29.362Z,2026-05-27T02:47:29.362Z
402,12,74.2,0,50,0.7031,0.1617,72.3,2026-05-27T02:47:39.007Z,2026-05-27T02:47:39.030Z,2026-05-27T02:47:39.030Z
403,18.1,73.3,67,162.5,0.3438,0.2469,72.3,2026-05-27T02:47:50.776Z,2026-05-27T02:47:50.788Z,2026-05-27T02:47:50.788Z
404,14.4,73.1,207,50,0.625,0.197,72.3,2026-05-27T02:48:00.135Z,2026-05-27T02:48:00.148Z,2026-05-27T02:48:00.148Z
405,25.8,73.8,532,50,0.4375,0.3496,72.3,2026-05-27T02:48:09.443Z,2026-05-27T02:48:09.454Z,2026-05-27T02:48:09.454Z
406,13.8,73.5,498,275,0.1719,0.1878,72.3,2026-05-27T02:48:21.401Z,2026-05-27T02:48:21.410Z,2026-05-27T02:48:21.410Z
407,8.5,73.4,6880,199.85,0.3906,0.1158,72.3,2026-05-27T02:48:31.012Z,2026-05-27T02:48:31.025Z,2026-05-27T02:48:31.025Z
408,15.5,73.3,15778,50,0.1875,0.2115,72.3,2026-05-27T02:48:40.614Z,2026-05-27T02:48:40.622Z,2026-05-27T02:48:40.622Z
409,8.2,73.4,438,50,0.1875,0.1117,72.3,2026-05-27T02:48:50.120Z,2026-05-27T02:48:50.128Z,2026-05-27T02:48:50.128Z
410,10,73.3,2184,162.5,1.0469,0.1364,72.3,2026-05-27T02:49:01.752Z,2026-05-27T02:49:01.765Z,2026-05-27T02:49:01.765Z
411,23.1,73.4,21080,50,1.5312,0.3147,72.3,2026-05-27T02:49:11.064Z,2026-05-27T02:49:11.074Z,2026-05-27T02:49:11.074Z
412,11.6,73.2,532,50,0.25,0.1585,72.3,2026-05-27T02:49:20.389Z,2026-05-27T02:49:20.400Z,2026-05-27T02:49:20.400Z
413,23.1,73,592,50,0.375,0.3164,72.3,2026-05-27T02:49:32.515Z,2026-05-27T02:49:32.524Z,2026-05-27T02:49:32.524Z
414,23.5,73.5,138,500,0.7656,0.3197,72.3,2026-05-27T02:49:41.850Z,2026-05-27T02:49:41.858Z,2026-05-27T02:49:41.858Z
415,15.9,73.3,438,50,1.1875,0.2169,72.3,2026-05-27T02:49:51.141Z,2026-05-27T02:49:51.150Z,2026-05-27T02:49:51.150Z
416,17.5,73.5,1202,50,0.2031,0.2381,72.3,2026-05-27T02:50:00.661Z,2026-05-27T02:50:00.710Z,2026-05-27T02:50:00.710Z
417,10.7,73.4,12517,50,0.9062,0.1458,72.3,2026-05-27T02:50:12.696Z,2026-05-27T02:50:12.705Z,2026-05-27T02:50:12.705Z
418,5.2,73.3,1086,50,0.4375,0.0709,72.3,2026-05-27T02:50:22.034Z,2026-05-27T02:50:22.044Z,2026-05-27T02:50:22.044Z
419,3.6,73.1,438,275,0.0625,0.0492,72.3,2026-05-27T02:50:31.438Z,2026-05-27T02:50:31.448Z,2026-05-27T02:50:31.448Z
420,3.4,73.7,0,162.5,0.0625,0.0461,72.3,2026-05-27T02:50:43.475Z,2026-05-27T02:50:43.483Z,2026-05-27T02:50:43.483Z
421,3,73.8,4354,50,0.2812,0.0407,72.3,2026-05-27T02:50:52.786Z,2026-05-27T02:50:52.795Z,2026-05-27T02:50:52.795Z
422,4.4,73.7,12064,50,0.5469,0.0597,72.3,2026-05-27T02:51:02.222Z,2026-05-27T02:51:02.233Z,2026-05-27T02:51:02.233Z
423,18.4,73.5,2302,50,0.1875,0.2503,72.3,2026-05-27T02:51:14.204Z,2026-05-27T02:51:14.224Z,2026-05-27T02:51:14.224Z
424,10.7,73.3,10273,500,1.0312,0.146,72.3,2026-05-27T02:51:23.754Z,2026-05-27T02:51:23.764Z,2026-05-27T02:51:23.764Z
425,12.5,73.3,438,50,0.5938,0.1705,72.3,2026-05-27T02:51:33.281Z,2026-05-27T02:51:33.290Z,2026-05-27T02:51:33.290Z
426,17.9,73.2,1341,50,0.8438,0.2445,72.3,2026-05-27T02:51:42.796Z,2026-05-27T02:51:42.806Z,2026-05-27T02:51:42.806Z
427,12.7,72.9,2929,50,0.5156,0.1742,72.3,2026-05-27T02:51:54.660Z,2026-05-27T02:51:54.670Z,2026-05-27T02:51:54.670Z
428,11.4,72.8,60,50,0.625,0.1566,72.3,2026-05-27T02:52:04.057Z,2026-05-27T02:52:04.065Z,2026-05-27T02:52:04.065Z
429,15.1,72.9,437,50,0.4062,0.2071,72.3,2026-05-27T02:52:13.537Z,2026-05-27T02:52:13.546Z,2026-05-27T02:52:13.546Z
430,37.6,73.4,8251,50,1.7031,0.5123,72.3,2026-05-27T02:52:25.342Z,2026-05-27T02:52:25.361Z,2026-05-27T02:52:25.361Z
431,42.8,74.1,43388,50,0.9219,0.5776,72.3,2026-05-27T02:52:34.812Z,2026-05-27T02:52:34.821Z,2026-05-27T02:52:34.821Z
432,67.6,76.6,69317,50,2.3438,0.8825,72.3,2026-05-27T02:52:44.167Z,2026-05-27T02:52:44.185Z,2026-05-27T02:52:44.185Z
433,81.5,76.4,4390,50,3.9844,1.0668,72.3,2026-05-27T02:52:53.712Z,2026-05-27T02:52:53.744Z,2026-05-27T02:52:53.744Z
434,52.5,75.9,14732,50,2.7344,0.6917,72.3,2026-05-27T02:53:05.879Z,2026-05-27T02:53:05.889Z,2026-05-27T02:53:05.889Z
435,37.2,75.9,3545,500,1,0.4901,72.3,2026-05-27T02:53:15.186Z,2026-05-27T02:53:15.197Z,2026-05-27T02:53:15.197Z
436,44.5,75.6,95170,50,3.0156,0.5886,72.3,2026-05-27T02:53:24.547Z,2026-05-27T02:53:24.564Z,2026-05-27T02:53:24.564Z
437,26.7,75.5,18134,50,0.25,0.3536,72.3,2026-05-27T02:53:36.590Z,2026-05-27T02:53:36.598Z,2026-05-27T02:53:36.598Z
438,6,75.5,1428,162.5,0.25,0.0795,72.3,2026-05-27T02:53:45.893Z,2026-05-27T02:53:45.904Z,2026-05-27T02:53:45.904Z
439,5.5,75.5,11303,50,0.4219,0.0728,72.3,2026-05-27T02:53:55.208Z,2026-05-27T02:53:55.221Z,2026-05-27T02:53:55.221Z
440,10,76.2,5300,50,0.375,0.1312,72.3,2026-05-27T02:54:07.308Z,2026-05-27T02:54:07.324Z,2026-05-27T02:54:07.324Z
441,43.1,76.3,17176,50,0.8438,0.5649,72.3,2026-05-27T02:54:16.757Z,2026-05-27T02:54:16.771Z,2026-05-27T02:54:16.771Z
442,59.4,78.1,20152,50,3.8906,0.7606,72.3,2026-05-27T02:54:26.120Z,2026-05-27T02:54:26.147Z,2026-05-27T02:54:26.147Z
443,22.9,77.4,12408,50,1.0938,0.2959,72.3,2026-05-27T02:54:35.546Z,2026-05-27T02:54:35.557Z,2026-05-27T02:54:35.557Z
444,16.9,77.2,1351,500,0.1719,0.2189,72.3,2026-05-27T02:54:47.582Z,2026-05-27T02:54:47.592Z,2026-05-27T02:54:47.592Z
445,14.2,76.2,16848,50,1.3281,0.1864,72.3,2026-05-27T02:54:56.888Z,2026-05-27T02:54:56.899Z,2026-05-27T02:54:56.899Z
446,9.3,75.8,0,275,0.0781,0.1227,72.3,2026-05-27T02:55:06.392Z,2026-05-27T02:55:06.405Z,2026-05-27T02:55:06.405Z
447,20.2,74.9,280,500,0.2344,0.2697,72.3,2026-05-27T02:55:18.447Z,2026-05-27T02:55:18.456Z,2026-05-27T02:55:18.456Z
448,9.9,74.9,0,199.85,0.2188,0.1322,72.3,2026-05-27T02:55:27.762Z,2026-05-27T02:55:27.771Z,2026-05-27T02:55:27.771Z
449,13.6,74.9,0,50,0.1406,0.1816,72.3,2026-05-27T02:55:37.110Z,2026-05-27T02:55:37.123Z,2026-05-27T02:55:37.123Z
450,12.9,74.7,364,50,1.0156,0.1727,72.3,2026-05-27T02:55:46.547Z,2026-05-27T02:55:46.563Z,2026-05-27T02:55:46.563Z
451,8.4,74.7,280,162.5,0.5,0.1124,72.3,2026-05-27T02:55:58.549Z,2026-05-27T02:55:58.559Z,2026-05-27T02:55:58.559Z
452,21.4,74.7,21133,50,0.9688,0.2865,72.3,2026-05-27T02:56:07.915Z,2026-05-27T02:56:07.926Z,2026-05-27T02:56:07.926Z
453,22,74.1,120,50,0.7812,0.2969,72.3,2026-05-27T02:56:17.381Z,2026-05-27T02:56:17.391Z,2026-05-27T02:56:17.391Z
454,24,74.1,9422,50,0.9219,0.3239,72.3,2026-05-27T02:56:29.308Z,2026-05-27T02:56:29.320Z,2026-05-27T02:56:29.320Z
455,24.2,74.1,1351,500,1.2188,0.3266,72.3,2026-05-27T02:56:38.629Z,2026-05-27T02:56:38.639Z,2026-05-27T02:56:38.639Z
456,35.6,74.1,5066,50,1.1875,0.4804,72.3,2026-05-27T02:56:47.962Z,2026-05-27T02:56:47.978Z,2026-05-27T02:56:47.978Z
457,29.8,74.3,3930,275,1.8125,0.4011,72.3,2026-05-27T02:56:57.438Z,2026-05-27T02:56:57.455Z,2026-05-27T02:56:57.455Z
458,32.5,74.5,9233,500,1.6406,0.4362,72.3,2026-05-27T02:57:09.408Z,2026-05-27T02:57:09.434Z,2026-05-27T02:57:09.434Z
459,39.2,74.5,4832,50,1.4531,0.5262,72.3,2026-05-27T02:57:18.726Z,2026-05-27T02:57:18.742Z,2026-05-27T02:57:18.742Z
460,35.4,74.5,4086,50,1.3906,0.4752,72.3,2026-05-27T02:57:28.124Z,2026-05-27T02:57:28.139Z,2026-05-27T02:57:28.139Z
461,36.5,74.5,17348,50,1.3281,0.4899,72.3,2026-05-27T02:57:40.100Z,2026-05-27T02:57:40.115Z,2026-05-27T02:57:40.115Z
462,33.4,74.5,6309,500,1.5,0.4483,72.3,2026-05-27T02:57:49.438Z,2026-05-27T02:57:49.450Z,2026-05-27T02:57:49.450Z
463,36.1,74.5,4478,50,1.2188,0.4846,72.3,2026-05-27T02:57:58.807Z,2026-05-27T02:57:58.823Z,2026-05-27T02:57:58.823Z
464,35,74.4,1050,410,1.4219,0.4704,72.3,2026-05-27T02:58:10.890Z,2026-05-27T02:58:10.901Z,2026-05-27T02:58:10.901Z
465,35.9,74.4,0,50,1.4219,0.4825,72.3,2026-05-27T02:58:20.187Z,2026-05-27T02:58:20.202Z,2026-05-27T02:58:20.202Z
466,36.3,74.4,290,500,1.4219,0.4879,72.3,2026-05-27T02:58:29.525Z,2026-05-27T02:58:29.548Z,2026-05-27T02:58:29.548Z
467,59.9,75.6,4421,162.5,1.3906,0.7923,72.3,2026-05-27T02:58:38.941Z,2026-05-27T02:58:38.955Z,2026-05-27T02:58:38.955Z
468,36.1,74.7,548,50,1.25,0.4833,72.3,2026-05-27T02:58:50.915Z,2026-05-27T02:58:50.930Z,2026-05-27T02:58:50.930Z
469,36.4,74.7,15107,50,1.4219,0.4873,72.3,2026-05-27T02:59:00.249Z,2026-05-27T02:59:00.262Z,2026-05-27T02:59:00.262Z
470,37.1,74.7,501,50,1.4844,0.4967,72.3,2026-05-27T02:59:09.719Z,2026-05-27T02:59:09.732Z,2026-05-27T02:59:09.732Z
471,35,74.6,1447,50,1.7969,0.4692,72.3,2026-05-27T02:59:21.721Z,2026-05-27T02:59:21.740Z,2026-05-27T02:59:21.740Z
472,37.6,74.6,18493,500,1.5,0.504,72.3,2026-05-27T02:59:31.435Z,2026-05-27T02:59:31.447Z,2026-05-27T02:59:31.447Z
473,34.5,74.6,17885,50,1.4219,0.4625,72.3,2026-05-27T02:59:40.744Z,2026-05-27T02:59:40.760Z,2026-05-27T02:59:40.760Z
474,35.7,74.3,15632,50,1.5469,0.4805,72.3,2026-05-27T02:59:50.092Z,2026-05-27T02:59:50.108Z,2026-05-27T02:59:50.108Z
475,35.2,74.2,2362,50,1.3438,0.4744,72.3,2026-05-27T03:00:02.277Z,2026-05-27T03:00:02.290Z,2026-05-27T03:00:02.290Z
476,38.8,74.3,440,50,1.5625,0.5222,72.3,2026-05-27T03:00:11.583Z,2026-05-27T03:00:11.598Z,2026-05-27T03:00:11.598Z
477,35.4,74.3,60,50,1.3594,0.4764,72.3,2026-05-27T03:00:20.904Z,2026-05-27T03:00:20.919Z,2026-05-27T03:00:20.919Z
478,35,74.3,474,50,1.3438,0.4711,72.3,2026-05-27T03:00:32.834Z,2026-05-27T03:00:32.848Z,2026-05-27T03:00:32.848Z
479,38,74.2,1379,50,1.2656,0.5121,72.3,2026-05-27T03:00:42.447Z,2026-05-27T03:00:42.469Z,2026-05-27T03:00:42.469Z
480,34.3,74.1,320,50,1.3281,0.4629,72.3,2026-05-27T03:00:51.768Z,2026-05-27T03:00:51.778Z,2026-05-27T03:00:51.778Z
481,37.3,74,3095,50,1.3125,0.5041,72.3,2026-05-27T03:01:01.171Z,2026-05-27T03:01:01.186Z,2026-05-27T03:01:01.186Z
482,38.6,73.1,4271,500,1.2812,0.528,72.3,2026-05-27T03:01:13.296Z,2026-05-27T03:01:13.311Z,2026-05-27T03:01:13.311Z
483,35.9,73.2,9500,50,1.5469,0.4904,72.3,2026-05-27T03:01:22.626Z,2026-05-27T03:01:22.642Z,2026-05-27T03:01:22.642Z
484,40.6,73.3,197,50,1.3906,0.5539,72.3,2026-05-27T03:01:31.965Z,2026-05-27T03:01:31.978Z,2026-05-27T03:01:31.978Z
485,35.7,73.3,4705,50,1.4844,0.487,72.3,2026-05-27T03:01:44.099Z,2026-05-27T03:01:44.110Z,2026-05-27T03:01:44.110Z
486,35.8,73.4,610,162.5,1.3906,0.4877,72.3,2026-05-27T03:01:53.487Z,2026-05-27T03:01:53.499Z,2026-05-27T03:01:53.499Z
487,43,73.6,670,50,2.6094,0.5842,72.3,2026-05-27T03:02:02.821Z,2026-05-27T03:02:02.837Z,2026-05-27T03:02:02.837Z
488,41.5,71,3703,50,1.5,0.5845,72.3,2026-05-27T03:02:14.630Z,2026-05-27T03:02:14.645Z,2026-05-27T03:02:14.645Z
489,33.4,71.2,919,50,1.3594,0.4691,72.3,2026-05-27T03:02:24.311Z,2026-05-27T03:02:24.326Z,2026-05-27T03:02:24.326Z
490,37.3,71.3,1170,50,1.2969,0.5231,72.3,2026-05-27T03:02:33.583Z,2026-05-27T03:02:33.598Z,2026-05-27T03:02:33.598Z
491,36.9,71.2,675,50,1.3125,0.5183,72.3,2026-05-27T03:02:42.932Z,2026-05-27T03:02:42.949Z,2026-05-27T03:02:42.949Z
492,36,71.4,10290,500,1.5156,0.5042,72.3,2026-05-27T03:02:55.131Z,2026-05-27T03:02:55.147Z,2026-05-27T03:02:55.147Z
493,36.4,71.3,1119,50,1.3438,0.5105,72.3,2026-05-27T03:03:04.449Z,2026-05-27T03:03:04.464Z,2026-05-27T03:03:04.464Z
494,34.8,71.2,752,50,1.4688,0.4888,72.3,2026-05-27T03:03:14.033Z,2026-05-27T03:03:14.052Z,2026-05-27T03:03:14.052Z
495,36.2,71.4,16879,50,1.9688,0.507,72.3,2026-05-27T03:03:26.005Z,2026-05-27T03:03:26.028Z,2026-05-27T03:03:26.028Z
496,35.1,71.2,13898,50,1.4844,0.493,72.3,2026-05-27T03:03:35.524Z,2026-05-27T03:03:35.536Z,2026-05-27T03:03:35.536Z
497,39.1,71.5,2577,500,1.625,0.5469,72.3,2026-05-27T03:03:44.828Z,2026-05-27T03:03:44.841Z,2026-05-27T03:03:44.841Z
498,38.5,71.5,5379,50,2.2656,0.5385,72.3,2026-05-27T03:03:54.204Z,2026-05-27T03:03:54.220Z,2026-05-27T03:03:54.220Z
499,35.8,71.5,4115,162.5,1.5938,0.5007,72.3,2026-05-27T03:04:06.274Z,2026-05-27T03:04:06.290Z,2026-05-27T03:04:06.290Z
500,35.3,71.6,2074,50,1.1562,0.493,72.3,2026-05-27T03:04:15.559Z,2026-05-27T03:04:15.575Z,2026-05-27T03:04:15.575Z
501,33.4,71.6,14253,50,1.4375,0.4665,72.3,2026-05-27T03:04:24.839Z,2026-05-27T03:04:24.850Z,2026-05-27T03:04:24.850Z
502,30.9,71.4,1475,50,1.0469,0.4328,72.3,2026-05-27T03:04:36.997Z,2026-05-27T03:04:37.010Z,2026-05-27T03:04:37.010Z
503,34.5,71.5,1064,50,1.4219,0.4825,72.3,2026-05-27T03:04:46.332Z,2026-05-27T03:04:46.346Z,2026-05-27T03:04:46.346Z
504,34.9,71.5,5241,50,1.4375,0.4881,72.3,2026-05-27T03:04:55.666Z,2026-05-27T03:04:55.681Z,2026-05-27T03:04:55.681Z
505,35.5,71.5,815,50,1.9219,0.4965,72.3,2026-05-27T03:05:07.684Z,2026-05-27T03:05:07.704Z,2026-05-27T03:05:07.704Z
506,36.5,71.6,1395,387.5,1.6406,0.5098,72.3,2026-05-27T03:05:17.697Z,2026-05-27T03:05:17.710Z,2026-05-27T03:05:17.710Z
507,35.5,71.4,1206,50,1.3594,0.4972,72.3,2026-05-27T03:05:27.257Z,2026-05-27T03:05:27.271Z,2026-05-27T03:05:27.271Z
508,34.7,71.4,1832,50,1.5156,0.486,72.3,2026-05-27T03:05:36.966Z,2026-05-27T03:05:36.981Z,2026-05-27T03:05:36.981Z
509,35.7,71.3,679,50,1.5469,0.5007,72.3,2026-05-27T03:05:47.776Z,2026-05-27T03:05:47.792Z,2026-05-27T03:05:47.792Z
510,36.2,71.4,801,50,1.25,0.507,72.3,2026-05-27T03:05:57.067Z,2026-05-27T03:05:57.082Z,2026-05-27T03:05:57.082Z
511,53,71.6,678,50,1.6562,0.7402,72.3,2026-05-27T03:06:06.342Z,2026-05-27T03:06:06.358Z,2026-05-27T03:06:06.358Z
512,39.6,70.7,678,50,1.3281,0.5601,72.3,2026-05-27T03:06:18.652Z,2026-05-27T03:06:18.697Z,2026-05-27T03:06:18.697Z
513,40.2,70.6,11025,50,1.5625,0.5694,72.3,2026-05-27T03:06:28.019Z,2026-05-27T03:06:28.034Z,2026-05-27T03:06:28.034Z
514,34.6,70.5,678,410,1.5,0.4908,72.3,2026-05-27T03:06:37.366Z,2026-05-27T03:06:37.380Z,2026-05-27T03:06:37.380Z
515,36,70.5,42947,50,1.6406,0.5106,72.3,2026-05-27T03:06:49.076Z,2026-05-27T03:06:49.092Z,2026-05-27T03:06:49.092Z
516,35.3,70.5,1653,387.5,1.2031,0.5007,72.3,2026-05-27T03:06:58.666Z,2026-05-27T03:06:58.678Z,2026-05-27T03:06:58.678Z
517,38.4,70.6,18668,275,1.75,0.5439,72.3,2026-05-27T03:07:07.982Z,2026-05-27T03:07:07.997Z,2026-05-27T03:07:07.997Z
518,34.9,70.6,4752,50,1.375,0.4943,72.3,2026-05-27T03:07:17.491Z,2026-05-27T03:07:17.506Z,2026-05-27T03:07:17.506Z
519,35.4,70.6,773,50,1.9062,0.5014,72.3,2026-05-27T03:07:29.586Z,2026-05-27T03:07:29.607Z,2026-05-27T03:07:29.607Z
520,35.9,70.4,958,500,1.5156,0.5099,72.3,2026-05-27T03:07:38.940Z,2026-05-27T03:07:38.954Z,2026-05-27T03:07:38.954Z
521,34.3,70.5,3661,500,1.5156,0.4865,72.3,2026-05-27T03:07:48.268Z,2026-05-27T03:07:48.286Z,2026-05-27T03:07:48.286Z
522,38.1,70.6,11057,50,1.9375,0.5397,72.3,2026-05-27T03:08:00.287Z,2026-05-27T03:08:00.303Z,2026-05-27T03:08:00.303Z
523,36,70.6,1104,50,1.4062,0.5099,72.3,2026-05-27T03:08:09.832Z,2026-05-27T03:08:09.846Z,2026-05-27T03:08:09.846Z
524,35,70.6,263,50,1.5625,0.4958,72.3,2026-05-27T03:08:19.177Z,2026-05-27T03:08:19.193Z,2026-05-27T03:08:19.193Z
525,36.4,70.6,606,50,1.5312,0.5156,72.3,2026-05-27T03:08:28.584Z,2026-05-27T03:08:28.599Z,2026-05-27T03:08:28.599Z
526,37.1,70.6,142,50,1.3438,0.5255,72.3,2026-05-27T03:08:40.747Z,2026-05-27T03:08:40.765Z,2026-05-27T03:08:40.765Z
527,35.7,70.7,891,50,1.375,0.505,72.3,2026-05-27T03:08:50.098Z,2026-05-27T03:08:50.114Z,2026-05-27T03:08:50.114Z
528,34.7,70.6,0,50,1.3906,0.4915,72.3,2026-05-27T03:08:59.442Z,2026-05-27T03:08:59.459Z,2026-05-27T03:08:59.459Z
529,38.9,70.8,121,50,1.3906,0.5494,72.3,2026-05-27T03:09:11.679Z,2026-05-27T03:09:11.697Z,2026-05-27T03:09:11.697Z
530,32.7,70.8,11656,50,1.2656,0.4619,72.3,2026-05-27T03:09:21.042Z,2026-05-27T03:09:21.056Z,2026-05-27T03:09:21.056Z
531,33,70.8,10644,50,1.4375,0.4661,72.3,2026-05-27T03:09:30.376Z,2026-05-27T03:09:30.389Z,2026-05-27T03:09:30.389Z
532,32.6,70.4,2511,50,1.1406,0.4631,72.3,2026-05-27T03:09:39.733Z,2026-05-27T03:09:39.748Z,2026-05-27T03:09:39.748Z
533,31.4,70.5,11749,50,1.7812,0.4454,72.3,2026-05-27T03:09:49.493Z,2026-05-27T03:09:49.509Z,2026-05-27T03:09:49.509Z
534,33.4,70.6,5416,50,1.4531,0.4731,72.3,2026-05-27T03:10:02.378Z,2026-05-27T03:10:02.391Z,2026-05-27T03:10:02.391Z
535,31.9,70.6,42,50,1.2969,0.4518,72.3,2026-05-27T03:10:11.740Z,2026-05-27T03:10:11.753Z,2026-05-27T03:10:11.753Z
536,36.9,70.8,0,50,2.0781,0.5212,72.3,2026-05-27T03:10:21.055Z,2026-05-27T03:10:21.078Z,2026-05-27T03:10:21.078Z
537,31.4,70.8,4345,50,1.2656,0.4435,72.3,2026-05-27T03:10:32.902Z,2026-05-27T03:10:32.915Z,2026-05-27T03:10:32.915Z
538,31.7,70.7,1163,50,1.3281,0.4484,72.3,2026-05-27T03:10:42.659Z,2026-05-27T03:10:42.674Z,2026-05-27T03:10:42.674Z
539,30.6,70.7,902,50,1.3594,0.4328,72.3,2026-05-27T03:10:52.001Z,2026-05-27T03:10:52.014Z,2026-05-27T03:10:52.014Z
540,33,70.6,12830,50,1.3281,0.4674,72.3,2026-05-27T03:11:01.318Z,2026-05-27T03:11:01.332Z,2026-05-27T03:11:01.332Z
541,31.1,70.7,84,162.5,1.5156,0.4399,72.3,2026-05-27T03:11:13.494Z,2026-05-27T03:11:13.507Z,2026-05-27T03:11:13.507Z
542,30.9,70.7,0,50,1.3125,0.4371,72.3,2026-05-27T03:11:22.820Z,2026-05-27T03:11:22.833Z,2026-05-27T03:11:22.833Z
543,43,70.7,4541,199.85,1.2812,0.6082,72.3,2026-05-27T03:11:32.135Z,2026-05-27T03:11:32.149Z,2026-05-27T03:11:32.149Z
544,30.1,70.6,260,50,1.2656,0.4263,72.3,2026-05-27T03:11:43.874Z,2026-05-27T03:11:43.886Z,2026-05-27T03:11:43.886Z
545,31.2,70.3,1111,387.5,1.2656,0.4438,72.3,2026-05-27T03:11:53.251Z,2026-05-27T03:11:53.265Z,2026-05-27T03:11:53.265Z
546,31.6,70.4,3846,50,1.3125,0.4489,72.3,2026-05-27T03:12:02.423Z,2026-05-27T03:12:02.438Z,2026-05-27T03:12:02.438Z
547,32.9,70.8,0,50,1.3594,0.4647,72.3,2026-05-27T03:12:11.932Z,2026-05-27T03:12:11.949Z,2026-05-27T03:12:11.949Z
548,40.9,70.9,84,50,1.1719,0.5769,72.3,2026-05-27T03:12:24.098Z,2026-05-27T03:12:24.111Z,2026-05-27T03:12:24.111Z
549,32.2,70.9,0,50,1.2031,0.4542,72.3,2026-05-27T03:12:33.426Z,2026-05-27T03:12:33.439Z,2026-05-27T03:12:33.439Z
550,30.8,70.7,674,50,1.0938,0.4356,72.3,2026-05-27T03:12:42.888Z,2026-05-27T03:12:42.904Z,2026-05-27T03:12:42.904Z
551,30.3,70.7,0,275,1.0781,0.4286,72.3,2026-05-27T03:12:54.927Z,2026-05-27T03:12:54.942Z,2026-05-27T03:12:54.942Z
552,31.7,70.7,5432,50,1.3438,0.4484,72.3,2026-05-27T03:13:04.434Z,2026-05-27T03:13:04.450Z,2026-05-27T03:13:04.450Z
553,30.7,70.8,235,50,1.1875,0.4336,72.3,2026-05-27T03:13:13.928Z,2026-05-27T03:13:13.942Z,2026-05-27T03:13:13.942Z
554,32,70.9,56347,50,1.5781,0.4513,72.3,2026-05-27T03:13:23.373Z,2026-05-27T03:13:23.389Z,2026-05-27T03:13:23.389Z
555,32.8,70.8,4324,50,1.1719,0.4633,72.3,2026-05-27T03:13:35.107Z,2026-05-27T03:13:35.125Z,2026-05-27T03:13:35.125Z
556,33,70.7,507,50,1.2656,0.4668,72.3,2026-05-27T03:13:44.558Z,2026-05-27T03:13:44.572Z,2026-05-27T03:13:44.572Z
557,32.1,70.9,5340,387.5,1.2812,0.4528,72.3,2026-05-27T03:13:54.022Z,2026-05-27T03:13:54.047Z,2026-05-27T03:13:54.047Z
558,33,70.9,817,500,1.3438,0.4654,72.3,2026-05-27T03:14:05.761Z,2026-05-27T03:14:05.774Z,2026-05-27T03:14:05.774Z
559,30.5,70.9,3074,50,1.2656,0.4302,72.3,2026-05-27T03:14:15.168Z,2026-05-27T03:14:15.180Z,2026-05-27T03:14:15.180Z
560,30,70.9,1607,50,1.1719,0.4231,72.3,2026-05-27T03:14:24.375Z,2026-05-27T03:14:24.389Z,2026-05-27T03:14:24.389Z
561,32.8,70.9,4306,50,1.3281,0.4626,72.3,2026-05-27T03:14:36.550Z,2026-05-27T03:14:36.565Z,2026-05-27T03:14:36.565Z
562,29.9,70.9,3408,50,1.3594,0.4217,72.3,2026-05-27T03:14:45.974Z,2026-05-27T03:14:45.988Z,2026-05-27T03:14:45.988Z
563,31.2,70.9,54,387.5,1.2188,0.4401,72.4,2026-05-27T03:14:55.382Z,2026-05-27T03:14:55.397Z,2026-05-27T03:14:55.397Z
564,31.8,70.9,3452,50,1.1562,0.4485,72.4,2026-05-27T03:15:04.830Z,2026-05-27T03:15:04.843Z,2026-05-27T03:15:04.843Z
565,40.5,71.5,30992,50,1.5625,0.5664,72.4,2026-05-27T03:15:16.711Z,2026-05-27T03:15:16.726Z,2026-05-27T03:15:16.726Z
566,31.5,71.4,242,162.5,1.25,0.4412,72.4,2026-05-27T03:15:26.119Z,2026-05-27T03:15:26.135Z,2026-05-27T03:15:26.135Z
567,32.3,71.4,0,50,1.0781,0.4524,72.4,2026-05-27T03:15:35.574Z,2026-05-27T03:15:35.587Z,2026-05-27T03:15:35.587Z
568,32.6,71.3,3665,50,1.2031,0.4572,72.4,2026-05-27T03:15:47.431Z,2026-05-27T03:15:47.446Z,2026-05-27T03:15:47.446Z
569,30.2,71.3,1548,50,1.2188,0.4236,72.4,2026-05-27T03:15:56.895Z,2026-05-27T03:15:56.910Z,2026-05-27T03:15:56.910Z
570,34.2,71.4,1705,50,1.1875,0.479,72.4,2026-05-27T03:16:06.357Z,2026-05-27T03:16:06.371Z,2026-05-27T03:16:06.371Z
571,30.7,71.3,8725,50,1.0938,0.4306,72.4,2026-05-27T03:16:16.033Z,2026-05-27T03:16:16.045Z,2026-05-27T03:16:16.045Z
572,30.5,71.2,42,500,1.1094,0.4284,72.4,2026-05-27T03:16:27.875Z,2026-05-27T03:16:27.892Z,2026-05-27T03:16:27.892Z
573,33.4,71.3,248,387.5,1.2188,0.4684,72.4,2026-05-27T03:16:37.299Z,2026-05-27T03:16:37.323Z,2026-05-27T03:16:37.323Z
574,30.7,71.1,385,500,1.125,0.4318,72.4,2026-05-27T03:16:46.693Z,2026-05-27T03:16:46.706Z,2026-05-27T03:16:46.706Z
575,52.5,71.5,0,50,1.0781,0.7343,72.4,2026-05-27T03:16:58.545Z,2026-05-27T03:16:58.560Z,2026-05-27T03:16:58.560Z
576,36.9,71.9,4329,50,2.3906,0.5132,72.4,2026-05-27T03:17:07.995Z,2026-05-27T03:17:08.009Z,2026-05-27T03:17:08.009Z
577,34.1,70.7,678,50,1.2188,0.4823,72.4,2026-05-27T03:17:17.417Z,2026-05-27T03:17:17.431Z,2026-05-27T03:17:17.431Z
578,33.2,70.9,258,50,1.375,0.4683,72.4,2026-05-27T03:17:26.819Z,2026-05-27T03:17:26.832Z,2026-05-27T03:17:26.832Z
579,31.1,70.9,3938,50,1.2188,0.4386,72.4,2026-05-27T03:17:38.671Z,2026-05-27T03:17:38.686Z,2026-05-27T03:17:38.686Z
580,31.2,70.7,391,50,1.1875,0.4413,72.4,2026-05-27T03:17:48.131Z,2026-05-27T03:17:48.143Z,2026-05-27T03:17:48.143Z
581,31.7,70.8,216,350.15,1.1719,0.4477,72.4,2026-05-27T03:17:57.592Z,2026-05-27T03:17:57.606Z,2026-05-27T03:17:57.606Z
582,36.1,70.8,1777,275,1.2656,0.5099,72.4,2026-05-27T03:18:09.467Z,2026-05-27T03:18:09.488Z,2026-05-27T03:18:09.488Z
583,30.9,70.8,880,50,1.1562,0.4364,72.4,2026-05-27T03:18:18.901Z,2026-05-27T03:18:18.915Z,2026-05-27T03:18:18.915Z
584,31.7,70.8,137,162.5,1.3281,0.4477,72.4,2026-05-27T03:18:28.336Z,2026-05-27T03:18:28.351Z,2026-05-27T03:18:28.351Z
585,30.4,70.8,248,500,1.2031,0.4294,72.4,2026-05-27T03:18:40.248Z,2026-05-27T03:18:40.260Z,2026-05-27T03:18:40.260Z
586,33.2,70.8,15221,50,1.2812,0.4689,72.4,2026-05-27T03:18:49.646Z,2026-05-27T03:18:49.663Z,2026-05-27T03:18:49.663Z
587,30,70.9,1376,500,1.25,0.4231,72.4,2026-05-27T03:18:59.080Z,2026-05-27T03:18:59.092Z,2026-05-27T03:18:59.092Z
588,31.4,70.4,60,387.5,1.1875,0.446,72.4,2026-05-27T03:19:08.463Z,2026-05-27T03:19:08.477Z,2026-05-27T03:19:08.477Z
589,29.1,70.4,102,50,1.1094,0.4134,72.4,2026-05-27T03:19:20.351Z,2026-05-27T03:19:20.380Z,2026-05-27T03:19:20.380Z
590,31,70.4,390,275,1.375,0.4403,72.4,2026-05-27T03:19:29.813Z,2026-05-27T03:19:29.829Z,2026-05-27T03:19:29.829Z
591,31.5,70.4,862,50,1.2812,0.4474,72.4,2026-05-27T03:19:39.259Z,2026-05-27T03:19:39.272Z,2026-05-27T03:19:39.272Z
592,29,70.4,1750,387.5,1.1719,0.4119,72.4,2026-05-27T03:19:51.143Z,2026-05-27T03:19:51.155Z,2026-05-27T03:19:51.155Z
593,31.9,70.4,471,50,1.1875,0.4531,72.4,2026-05-27T03:20:00.628Z,2026-05-27T03:20:00.641Z,2026-05-27T03:20:00.641Z
594,32.1,70.6,42,50,1.1562,0.4547,72.4,2026-05-27T03:20:10.110Z,2026-05-27T03:20:10.123Z,2026-05-27T03:20:10.123Z
595,30.3,70.4,1956,50,1.2188,0.4304,72.4,2026-05-27T03:20:19.530Z,2026-05-27T03:20:19.542Z,2026-05-27T03:20:19.542Z
596,31.1,70.4,0,50,1.0781,0.4418,72.4,2026-05-27T03:20:31.108Z,2026-05-27T03:20:31.122Z,2026-05-27T03:20:31.122Z
597,30.3,70.3,1005,50,1.3125,0.431,72.4,2026-05-27T03:20:40.283Z,2026-05-27T03:20:40.297Z,2026-05-27T03:20:40.297Z
598,32,70.4,0,275,1.1719,0.4545,72.4,2026-05-27T03:20:49.720Z,2026-05-27T03:20:49.731Z,2026-05-27T03:20:49.731Z
599,30.8,70.4,347,50,1.2656,0.4375,72.4,2026-05-27T03:21:02.207Z,2026-05-27T03:21:02.221Z,2026-05-27T03:21:02.221Z
600,31.6,70.4,0,500,1.1562,0.4489,72.4,2026-05-27T03:21:11.628Z,2026-05-27T03:21:11.639Z,2026-05-27T03:21:11.639Z
601,28.7,70.4,3930,50,1.2969,0.4077,72.4,2026-05-27T03:21:20.782Z,2026-05-27T03:21:20.796Z,2026-05-27T03:21:20.796Z
602,33.9,70.4,1262,50,1.1406,0.4815,72.4,2026-05-27T03:21:30.170Z,2026-05-27T03:21:30.182Z,2026-05-27T03:21:30.182Z
603,29.4,70.4,2947,50,1.3438,0.4176,72.4,2026-05-27T03:21:42.425Z,2026-05-27T03:21:42.437Z,2026-05-27T03:21:42.437Z
604,30.2,70.4,3162,50,1.1875,0.429,72.4,2026-05-27T03:21:51.576Z,2026-05-27T03:21:51.590Z,2026-05-27T03:21:51.590Z
605,31.7,70.4,964,199.85,1.1406,0.4503,72.4,2026-05-27T03:22:00.837Z,2026-05-27T03:22:00.852Z,2026-05-27T03:22:00.852Z
606,30.7,70.4,138,500,1.2031,0.4361,72.4,2026-05-27T03:22:13.280Z,2026-05-27T03:22:13.296Z,2026-05-27T03:22:13.296Z
607,30.1,70.4,0,50,1.0625,0.4276,72.4,2026-05-27T03:22:22.645Z,2026-05-27T03:22:22.657Z,2026-05-27T03:22:22.657Z
608,30.4,70.4,0,50,1.0938,0.4318,72.4,2026-05-27T03:22:31.814Z,2026-05-27T03:22:31.837Z,2026-05-27T03:22:31.837Z
609,31.6,70.1,444,50,1.2031,0.4508,72.4,2026-05-27T03:22:43.898Z,2026-05-27T03:22:43.914Z,2026-05-27T03:22:43.914Z
610,30.3,70.2,84,50,1.1406,0.4316,72.4,2026-05-27T03:22:53.845Z,2026-05-27T03:22:53.860Z,2026-05-27T03:22:53.860Z
611,32.5,70.1,84,50,1.1875,0.4636,72.4,2026-05-27T03:23:02.936Z,2026-05-27T03:23:02.950Z,2026-05-27T03:23:02.950Z
612,32.4,70.5,84,50,1.0156,0.4596,72.4,2026-05-27T03:23:12.091Z,2026-05-27T03:23:12.104Z,2026-05-27T03:23:12.104Z
613,31,70.4,42,500,1.3438,0.4403,72.4,2026-05-27T03:23:24.682Z,2026-05-27T03:23:24.749Z,2026-05-27T03:23:24.749Z
614,35.1,70.6,126,50,1.2188,0.4972,72.4,2026-05-27T03:23:34.385Z,2026-05-27T03:23:34.401Z,2026-05-27T03:23:34.401Z
615,32.3,70.3,13786,275,1.4375,0.4595,72.4,2026-05-27T03:23:43.550Z,2026-05-27T03:23:43.564Z,2026-05-27T03:23:43.564Z
616,31.8,70.5,42,162.5,1.1875,0.4511,72.4,2026-05-27T03:23:55.185Z,2026-05-27T03:23:55.197Z,2026-05-27T03:23:55.197Z
617,33.3,70.4,42,50,1.2812,0.473,72.4,2026-05-27T03:24:04.589Z,2026-05-27T03:24:04.610Z,2026-05-27T03:24:04.610Z
618,33.3,70.5,42,50,1.5781,0.4723,72.4,2026-05-27T03:24:13.696Z,2026-05-27T03:24:13.714Z,2026-05-27T03:24:13.714Z
619,29.6,70.5,0,50,1.1719,0.4199,72.4,2026-05-27T03:24:23.015Z,2026-05-27T03:24:23.028Z,2026-05-27T03:24:23.028Z
620,33.4,70.4,929,50,1.2344,0.4744,72.4,2026-05-27T03:24:35.871Z,2026-05-27T03:24:35.884Z,2026-05-27T03:24:35.884Z
621,31.1,70.3,248,50,1.125,0.4424,72.4,2026-05-27T03:24:45.199Z,2026-05-27T03:24:45.212Z,2026-05-27T03:24:45.212Z
622,30.4,70.5,1729,50,1.125,0.4312,72.4,2026-05-27T03:24:54.355Z,2026-05-27T03:24:54.372Z,2026-05-27T03:24:54.372Z
623,33.2,70.6,15674,50,1.375,0.4703,72.4,2026-05-27T03:25:06.253Z,2026-05-27T03:25:06.268Z,2026-05-27T03:25:06.268Z
624,30.3,70.7,2832,500,1.1875,0.4286,72.4,2026-05-27T03:25:15.634Z,2026-05-27T03:25:15.653Z,2026-05-27T03:25:15.653Z
625,32.2,70.7,1388,275,1.3125,0.4554,72.4,2026-05-27T03:25:24.741Z,2026-05-27T03:25:24.752Z,2026-05-27T03:25:24.752Z
626,44.4,70.9,64232,50,1.5781,0.6262,72.4,2026-05-27T03:25:34.053Z,2026-05-27T03:25:34.069Z,2026-05-27T03:25:34.069Z
627,50.6,71,3568,50,1.4531,0.7127,72.4,2026-05-27T03:25:46.620Z,2026-05-27T03:25:46.633Z,2026-05-27T03:25:46.633Z
628,28.8,71.1,839,275,0.2188,0.4051,72.4,2026-05-27T03:25:55.905Z,2026-05-27T03:25:55.917Z,2026-05-27T03:25:55.917Z
629,7.1,72,480,50,0.2031,0.0986,72.4,2026-05-27T03:26:05.127Z,2026-05-27T03:26:05.138Z,2026-05-27T03:26:05.138Z
630,4.9,72,42,162.5,0.3594,0.0681,72.4,2026-05-27T03:26:17.378Z,2026-05-27T03:26:17.402Z,2026-05-27T03:26:17.402Z
631,6.6,72,727,50,0.3281,0.0917,72.4,2026-05-27T03:26:26.631Z,2026-05-27T03:26:26.640Z,2026-05-27T03:26:26.640Z
632,8.6,72.1,444,50,0.7812,0.1193,72.4,2026-05-27T03:26:35.756Z,2026-05-27T03:26:35.764Z,2026-05-27T03:26:35.764Z
633,5.5,72,9389,50,0.2344,0.0764,72.4,2026-05-27T03:26:45.098Z,2026-05-27T03:26:45.107Z,2026-05-27T03:26:45.107Z
634,4.4,72.1,1506,199.85,0.125,0.061,72.4,2026-05-27T03:26:57.872Z,2026-05-27T03:26:57.891Z,2026-05-27T03:26:57.891Z
635,7.2,72,2092,162.5,0.5625,0.1,72.4,2026-05-27T03:27:07.384Z,2026-05-27T03:27:07.397Z,2026-05-27T03:27:07.397Z
636,6.4,72,481,50,0.1875,0.0889,72.4,2026-05-27T03:27:16.834Z,2026-05-27T03:27:16.845Z,2026-05-27T03:27:16.845Z
637,6.9,72,3997,50,0.3125,0.0958,72.4,2026-05-27T03:27:28.404Z,2026-05-27T03:27:28.418Z,2026-05-27T03:27:28.418Z
638,7.7,72,5233,50,0.0938,0.1069,72.4,2026-05-27T03:27:37.816Z,2026-05-27T03:27:37.826Z,2026-05-27T03:27:37.826Z
639,9.5,72,9277,50,0.6562,0.1319,72.4,2026-05-27T03:27:47.328Z,2026-05-27T03:27:47.342Z,2026-05-27T03:27:47.342Z
640,7,71.9,3912,50,0.3594,0.0974,72.4,2026-05-27T03:27:59.231Z,2026-05-27T03:27:59.242Z,2026-05-27T03:27:59.242Z
641,9.6,72.1,4342,50,0.4844,0.1331,72.4,2026-05-27T03:28:08.701Z,2026-05-27T03:28:08.709Z,2026-05-27T03:28:08.709Z
642,5.6,72.2,42,50,0.2188,0.0776,72.4,2026-05-27T03:28:18.124Z,2026-05-27T03:28:18.137Z,2026-05-27T03:28:18.137Z
643,8.2,72.2,428856,50,0.5781,0.1136,72.4,2026-05-27T03:28:27.534Z,2026-05-27T03:28:27.549Z,2026-05-27T03:28:27.549Z
644,33.1,73.4,788,50,2.5469,0.451,72.4,2026-05-27T03:28:39.437Z,2026-05-27T03:28:39.445Z,2026-05-27T03:28:39.445Z
645,7.4,72.7,9540,50,0.2031,0.1018,72.4,2026-05-27T03:28:48.805Z,2026-05-27T03:28:48.815Z,2026-05-27T03:28:48.815Z
646,5.7,72.7,16646,50,0.2812,0.0784,72.4,2026-05-27T03:28:58.182Z,2026-05-27T03:28:58.190Z,2026-05-27T03:28:58.190Z
647,7.7,72.7,84,50,0.2188,0.1059,72.4,2026-05-27T03:29:10.284Z,2026-05-27T03:29:10.296Z,2026-05-27T03:29:10.296Z
648,9.2,72.6,42,50,0.3281,0.1267,72.4,2026-05-27T03:29:19.758Z,2026-05-27T03:29:19.767Z,2026-05-27T03:29:19.767Z
649,7.8,72.3,33507,50,0.4219,0.1079,72.4,2026-05-27T03:29:29.332Z,2026-05-27T03:29:29.341Z,2026-05-27T03:29:29.341Z
650,8.5,72.3,29100,50,0.9844,0.1176,72.4,2026-05-27T03:29:38.786Z,2026-05-27T03:29:38.798Z,2026-05-27T03:29:38.798Z
651,7.6,72.6,9077,50,0.375,0.1047,72.4,2026-05-27T03:29:50.617Z,2026-05-27T03:29:50.626Z,2026-05-27T03:29:50.626Z
652,7.4,72.6,139,50,0.3438,0.1019,72.4,2026-05-27T03:30:00.067Z,2026-05-27T03:30:00.076Z,2026-05-27T03:30:00.076Z
653,9.4,72.6,3910,50,0.3281,0.1295,72.4,2026-05-27T03:30:09.518Z,2026-05-27T03:30:09.527Z,2026-05-27T03:30:09.527Z
654,8.3,72.5,540,162.5,0.2969,0.1145,72.4,2026-05-27T03:30:21.419Z,2026-05-27T03:30:21.429Z,2026-05-27T03:30:21.429Z
655,7.8,72.5,126,50,0.25,0.1076,72.4,2026-05-27T03:30:30.919Z,2026-05-27T03:30:30.934Z,2026-05-27T03:30:30.934Z
656,8.1,72.3,5088,50,0.375,0.112,72.4,2026-05-27T03:30:40.440Z,2026-05-27T03:30:40.451Z,2026-05-27T03:30:40.451Z
657,12.6,72.2,9098,50,0.3125,0.1745,72.4,2026-05-27T03:30:52.332Z,2026-05-27T03:30:52.342Z,2026-05-27T03:30:52.342Z
658,11.3,72.3,497,162.5,0.7031,0.1563,72.4,2026-05-27T03:31:01.874Z,2026-05-27T03:31:01.888Z,2026-05-27T03:31:01.888Z
659,9.4,72.7,42,50,0.2969,0.1293,72.4,2026-05-27T03:31:11.346Z,2026-05-27T03:31:11.356Z,2026-05-27T03:31:11.356Z
660,14.9,71.8,402,199.85,0.2188,0.2075,72.4,2026-05-27T03:31:20.755Z,2026-05-27T03:31:20.765Z,2026-05-27T03:31:20.765Z
661,9.4,71.8,3957,50,0.4531,0.1309,72.4,2026-05-27T03:31:32.668Z,2026-05-27T03:31:32.677Z,2026-05-27T03:31:32.677Z
662,10.2,71.8,497,50,0.375,0.1421,72.4,2026-05-27T03:31:42.102Z,2026-05-27T03:31:42.111Z,2026-05-27T03:31:42.111Z
663,14.5,72.3,8986,50,0.6406,0.2006,72.4,2026-05-27T03:31:51.488Z,2026-05-27T03:31:51.497Z,2026-05-27T03:31:51.497Z
664,11.2,72.1,6361,50,0.7188,0.1553,72.4,2026-05-27T03:32:03.354Z,2026-05-27T03:32:03.362Z,2026-05-27T03:32:03.362Z
665,17.8,71.3,0,275,1.1406,0.2496,72.4,2026-05-27T03:32:12.767Z,2026-05-27T03:32:12.777Z,2026-05-27T03:32:12.777Z
666,12.2,71.4,497,50,0.4531,0.1709,72.4,2026-05-27T03:32:22.152Z,2026-05-27T03:32:22.161Z,2026-05-27T03:32:22.161Z
667,9.6,71.3,5862,500,0.5,0.1346,72.4,2026-05-27T03:32:31.591Z,2026-05-27T03:32:31.601Z,2026-05-27T03:32:31.601Z
668,11,71.3,686,275,0.2969,0.1543,72.4,2026-05-27T03:32:43.487Z,2026-05-27T03:32:43.496Z,2026-05-27T03:32:43.496Z
669,12.6,71.5,9075,320,0.4062,0.1762,72.4,2026-05-27T03:32:52.909Z,2026-05-27T03:32:52.917Z,2026-05-27T03:32:52.917Z
670,12.5,71.4,20746,500,0.5469,0.1751,72.4,2026-05-27T03:33:02.318Z,2026-05-27T03:33:02.326Z,2026-05-27T03:33:02.326Z
671,12.2,71.4,0,50,0.8594,0.1709,72.4,2026-05-27T03:33:14.182Z,2026-05-27T03:33:14.192Z,2026-05-27T03:33:14.192Z
672,10.3,71.4,456,50,0.4844,0.1443,72.4,2026-05-27T03:33:23.593Z,2026-05-27T03:33:23.603Z,2026-05-27T03:33:23.603Z
673,15.2,71.4,92263,162.5,0.6875,0.2129,72.4,2026-05-27T03:33:33.012Z,2026-05-27T03:33:33.023Z,2026-05-27T03:33:33.023Z
674,12.8,71.5,15980,275,0.5156,0.179,72.4,2026-05-27T03:33:44.895Z,2026-05-27T03:33:44.905Z,2026-05-27T03:33:44.905Z
675,13.1,71.5,8937,50,0.5312,0.1832,72.4,2026-05-27T03:33:54.306Z,2026-05-27T03:33:54.318Z,2026-05-27T03:33:54.318Z
676,14.6,71.3,6849,50,1,0.2048,72.3,2026-05-27T03:34:03.750Z,2026-05-27T03:34:03.764Z,2026-05-27T03:34:03.764Z
677,12.3,71.3,0,275,0.5,0.1725,72.3,2026-05-27T03:34:13.155Z,2026-05-27T03:34:13.168Z,2026-05-27T03:34:13.168Z
678,16.1,71.3,2383,50,0.8594,0.2258,72.3,2026-05-27T03:34:25.070Z,2026-05-27T03:34:25.084Z,2026-05-27T03:34:25.084Z
679,15.2,71.3,1561,50,0.5,0.2132,72.3,2026-05-27T03:34:34.308Z,2026-05-27T03:34:34.319Z,2026-05-27T03:34:34.319Z
680,13.3,71.3,2292,50,0.6094,0.1865,72.3,2026-05-27T03:34:43.624Z,2026-05-27T03:34:43.636Z,2026-05-27T03:34:43.636Z
681,13.8,71.3,12019,140,0.5781,0.1935,72.3,2026-05-27T03:34:55.924Z,2026-05-27T03:34:55.938Z,2026-05-27T03:34:55.938Z
682,15.3,71.5,0,50,0.6406,0.214,72.3,2026-05-27T03:35:05.467Z,2026-05-27T03:35:05.477Z,2026-05-27T03:35:05.477Z
683,15.7,71.5,121,50,0.5312,0.2196,72.3,2026-05-27T03:35:15.015Z,2026-05-27T03:35:15.031Z,2026-05-27T03:35:15.031Z
684,15.1,71.5,12264,50,0.5625,0.2112,72.3,2026-05-27T03:35:24.555Z,2026-05-27T03:35:24.567Z,2026-05-27T03:35:24.567Z
685,13.7,71.5,2023,50,0.5938,0.1916,72.3,2026-05-27T03:35:36.167Z,2026-05-27T03:35:36.177Z,2026-05-27T03:35:36.177Z
686,14.7,71.7,0,50,0.9062,0.205,72.3,2026-05-27T03:35:45.492Z,2026-05-27T03:35:45.504Z,2026-05-27T03:35:45.504Z
687,15.1,71.6,25004,50,0.7344,0.2109,72.3,2026-05-27T03:35:54.616Z,2026-05-27T03:35:54.626Z,2026-05-27T03:35:54.626Z
688,15.6,71.8,1428,50,0.4844,0.2173,72.3,2026-05-27T03:36:06.884Z,2026-05-27T03:36:06.892Z,2026-05-27T03:36:06.892Z
689,20,70.6,574,50,1.7969,0.2833,72.3,2026-05-27T03:36:16.311Z,2026-05-27T03:36:16.324Z,2026-05-27T03:36:16.324Z
690,15.8,70.6,248,50,0.9375,0.2238,72.3,2026-05-27T03:36:25.602Z,2026-05-27T03:36:25.612Z,2026-05-27T03:36:25.612Z
691,16.2,70.6,0,275,0.6406,0.2295,72.3,2026-05-27T03:36:35.038Z,2026-05-27T03:36:35.052Z,2026-05-27T03:36:35.052Z
692,14.9,70.6,549,50,0.4688,0.211,72.3,2026-05-27T03:36:46.961Z,2026-05-27T03:36:46.970Z,2026-05-27T03:36:46.970Z
693,15.7,70.5,0,50,0.9844,0.2227,72.3,2026-05-27T03:36:56.277Z,2026-05-27T03:36:56.296Z,2026-05-27T03:36:56.296Z
694,16.1,70.5,1252,50,0.5625,0.2284,72.3,2026-05-27T03:37:05.634Z,2026-05-27T03:37:05.646Z,2026-05-27T03:37:05.646Z
695,17.9,70.8,3141,50,0.6719,0.2528,72.3,2026-05-27T03:37:17.658Z,2026-05-27T03:37:17.666Z,2026-05-27T03:37:17.666Z
696,17.8,70.3,0,50,0.5469,0.2532,72.3,2026-05-27T03:37:27.033Z,2026-05-27T03:37:27.044Z,2026-05-27T03:37:27.044Z
697,16.1,70.3,197,50,0.5312,0.229,72.3,2026-05-27T03:37:36.345Z,2026-05-27T03:37:36.354Z,2026-05-27T03:37:36.354Z
698,16.2,70.4,4463,50,0.5,0.2301,72.3,2026-05-27T03:37:45.727Z,2026-05-27T03:37:45.737Z,2026-05-27T03:37:45.737Z
699,15.6,70.4,84,50,0.4844,0.2216,72.3,2026-05-27T03:37:57.687Z,2026-05-27T03:37:57.697Z,2026-05-27T03:37:57.697Z
700,17.8,70.5,1326,50,0.5625,0.2525,72.3,2026-05-27T03:38:06.926Z,2026-05-27T03:38:06.938Z,2026-05-27T03:38:06.938Z
701,16.3,70.4,84,50,0.5,0.2315,72.3,2026-05-27T03:38:16.361Z,2026-05-27T03:38:16.369Z,2026-05-27T03:38:16.369Z
702,17.8,70.4,168,275,0.7031,0.2528,72.3,2026-05-27T03:38:28.393Z,2026-05-27T03:38:28.401Z,2026-05-27T03:38:28.401Z
703,18.7,70.4,290,275,0.5625,0.2656,72.3,2026-05-27T03:38:37.752Z,2026-05-27T03:38:37.762Z,2026-05-27T03:38:37.762Z
704,17.3,70.4,290,50,0.5312,0.2457,72.3,2026-05-27T03:38:47.119Z,2026-05-27T03:38:47.127Z,2026-05-27T03:38:47.127Z
705,16.4,70.4,264,50,0.5469,0.233,72.3,2026-05-27T03:38:59.250Z,2026-05-27T03:38:59.261Z,2026-05-27T03:38:59.261Z
706,18.4,70.5,6162,275,0.7031,0.261,72.3,2026-05-27T03:39:08.651Z,2026-05-27T03:39:08.659Z,2026-05-27T03:39:08.659Z
707,16.3,70.5,97,50,0.5625,0.2312,72.3,2026-05-27T03:39:17.950Z,2026-05-27T03:39:17.961Z,2026-05-27T03:39:17.961Z
708,16.9,70.4,258,275,0.6562,0.2401,72.3,2026-05-27T03:39:27.540Z,2026-05-27T03:39:27.550Z,2026-05-27T03:39:27.550Z
709,17,70.4,0,50,0.5312,0.2415,72.3,2026-05-27T03:39:39.580Z,2026-05-27T03:39:39.590Z,2026-05-27T03:39:39.590Z
710,17.7,70.5,0,50,0.9688,0.2511,72.3,2026-05-27T03:39:48.840Z,2026-05-27T03:39:48.850Z,2026-05-27T03:39:48.850Z
711,15.3,70.5,136,50,0.5469,0.217,72.3,2026-05-27T03:39:58.226Z,2026-05-27T03:39:58.234Z,2026-05-27T03:39:58.234Z
712,18.6,70.6,348,50,0.5469,0.2635,72.3,2026-05-27T03:40:10.326Z,2026-05-27T03:40:10.335Z,2026-05-27T03:40:10.335Z
713,17.4,70.6,0,500,1.0156,0.2465,72.3,2026-05-27T03:40:19.690Z,2026-05-27T03:40:19.701Z,2026-05-27T03:40:19.701Z
714,17.2,70.5,248,50,0.5625,0.244,72.3,2026-05-27T03:40:29.011Z,2026-05-27T03:40:29.019Z,2026-05-27T03:40:29.019Z
715,18,70.5,0,50,0.7188,0.2553,72.3,2026-05-27T03:40:38.433Z,2026-05-27T03:40:38.440Z,2026-05-27T03:40:38.440Z
716,15.6,70.5,348,50,0.5312,0.2213,72.3,2026-05-27T03:40:50.471Z,2026-05-27T03:40:50.483Z,2026-05-27T03:40:50.483Z
717,19,70.5,0,50,1,0.2695,72.3,2026-05-27T03:40:59.735Z,2026-05-27T03:40:59.745Z,2026-05-27T03:40:59.745Z
718,18.4,70.6,4069,50,0.6719,0.2606,72.3,2026-05-27T03:41:09.128Z,2026-05-27T03:41:09.139Z,2026-05-27T03:41:09.139Z
719,17.4,70.6,2161,50,0.7188,0.2465,72.3,2026-05-27T03:41:21.253Z,2026-05-27T03:41:21.267Z,2026-05-27T03:41:21.267Z
720,17.6,70.6,1262,50,0.5781,0.2493,72.3,2026-05-27T03:41:30.555Z,2026-05-27T03:41:30.567Z,2026-05-27T03:41:30.567Z
721,18.6,70.4,121,50,1.125,0.2642,72.3,2026-05-27T03:41:39.888Z,2026-05-27T03:41:39.902Z,2026-05-27T03:41:39.902Z
722,17.3,70.5,42,50,0.6406,0.2454,72.3,2026-05-27T03:41:49.284Z,2026-05-27T03:41:49.296Z,2026-05-27T03:41:49.296Z
723,18.3,70.4,216,275,0.6406,0.2599,72.3,2026-05-27T03:42:01.438Z,2026-05-27T03:42:01.454Z,2026-05-27T03:42:01.454Z
724,20.8,70.8,0,50,0.6562,0.2938,72.3,2026-05-27T03:42:10.691Z,2026-05-27T03:42:10.701Z,2026-05-27T03:42:10.701Z
725,17.7,70.8,438,50,0.5938,0.25,72.3,2026-05-27T03:42:20.091Z,2026-05-27T03:42:20.101Z,2026-05-27T03:42:20.101Z
726,18.2,70.7,742,275,0.6406,0.2574,72.3,2026-05-27T03:42:32.190Z,2026-05-27T03:42:32.202Z,2026-05-27T03:42:32.202Z
727,19,70.7,11122,350.15,1.375,0.2687,72.3,2026-05-27T03:42:41.544Z,2026-05-27T03:42:41.556Z,2026-05-27T03:42:41.556Z
728,16.6,70.7,0,50,0.5781,0.2348,72.3,2026-05-27T03:42:50.833Z,2026-05-27T03:42:50.844Z,2026-05-27T03:42:50.844Z
729,20.4,70.2,19594,162.5,0.5625,0.2906,72.3,2026-05-27T03:43:02.950Z,2026-05-27T03:43:02.962Z,2026-05-27T03:43:02.962Z
730,19.9,70.2,2864,50,0.7969,0.2835,72.3,2026-05-27T03:43:12.419Z,2026-05-27T03:43:12.429Z,2026-05-27T03:43:12.429Z
731,18,70.2,660,50,0.6562,0.2564,72.3,2026-05-27T03:43:21.546Z,2026-05-27T03:43:21.555Z,2026-05-27T03:43:21.555Z
732,22.7,71.4,0,500,1.1719,0.3179,72.3,2026-05-27T03:43:30.803Z,2026-05-27T03:43:30.814Z,2026-05-27T03:43:30.814Z
733,23.4,70.6,5219,50,0.9531,0.3314,72.3,2026-05-27T03:43:43.166Z,2026-05-27T03:43:43.176Z,2026-05-27T03:43:43.176Z
734,17.5,71.2,0,50,0.1094,0.2458,72.3,2026-05-27T03:43:52.452Z,2026-05-27T03:43:52.462Z,2026-05-27T03:43:52.462Z
735,6.7,70.9,139,50,0.1094,0.0945,72.3,2026-05-27T03:44:01.709Z,2026-05-27T03:44:01.719Z,2026-05-27T03:44:01.719Z
736,7.9,70.9,842,50,0.3438,0.1114,72.3,2026-05-27T03:44:13.880Z,2026-05-27T03:44:13.897Z,2026-05-27T03:44:13.897Z
737,3.9,70.8,276,50,0.1875,0.0551,72.3,2026-05-27T03:44:23.367Z,2026-05-27T03:44:23.376Z,2026-05-27T03:44:23.376Z
738,5,70.8,0,50,0.1406,0.0706,72.3,2026-05-27T03:44:32.542Z,2026-05-27T03:44:32.552Z,2026-05-27T03:44:32.552Z
739,5.2,70.8,12683,50,0.3594,0.0734,72.3,2026-05-27T03:44:41.810Z,2026-05-27T03:44:41.818Z,2026-05-27T03:44:41.818Z
740,7.2,71,0,50,0.4062,0.1014,72.3,2026-05-27T03:44:54.284Z,2026-05-27T03:44:54.296Z,2026-05-27T03:44:54.296Z
741,6.4,70.9,139,50,0.3281,0.0903,72.3,2026-05-27T03:45:03.541Z,2026-05-27T03:45:03.550Z,2026-05-27T03:45:03.550Z
742,8,70.7,9627,50,0.4531,0.1132,72.3,2026-05-27T03:45:12.654Z,2026-05-27T03:45:12.664Z,2026-05-27T03:45:12.664Z
743,4.6,70.7,121,50,0.125,0.0651,72.3,2026-05-27T03:45:24.840Z,2026-05-27T03:45:24.849Z,2026-05-27T03:45:24.849Z
744,7.2,70.7,17181,275,0.4375,0.1018,72.3,2026-05-27T03:45:34.337Z,2026-05-27T03:45:34.345Z,2026-05-27T03:45:34.345Z
745,8.6,70.8,0,50,0.1406,0.1215,72.3,2026-05-27T03:45:43.429Z,2026-05-27T03:45:43.438Z,2026-05-27T03:45:43.438Z
746,5.1,70.8,0,50,0.3594,0.072,72.3,2026-05-27T03:45:52.691Z,2026-05-27T03:45:52.702Z,2026-05-27T03:45:52.702Z
747,9.3,70.8,121,50,0.3125,0.1314,72.3,2026-05-27T03:46:05.087Z,2026-05-27T03:46:05.098Z,2026-05-27T03:46:05.098Z
748,9.2,71,2832,50,0.5625,0.1296,72.3,2026-05-27T03:46:14.356Z,2026-05-27T03:46:14.367Z,2026-05-27T03:46:14.367Z
749,9.8,70.8,2832,199.85,0.3125,0.1384,72.3,2026-05-27T03:46:23.473Z,2026-05-27T03:46:23.483Z,2026-05-27T03:46:23.483Z
750,7.5,70.8,3103,50,0.5,0.1059,72.3,2026-05-27T03:46:35.898Z,2026-05-27T03:46:35.908Z,2026-05-27T03:46:35.908Z
751,7.3,70.8,1676,500,0.2812,0.1031,72.3,2026-05-27T03:46:45.773Z,2026-05-27T03:46:45.788Z,2026-05-27T03:46:45.788Z
752,3.6,70.7,0,275,0.1875,0.0509,72.3,2026-05-27T03:46:55.065Z,2026-05-27T03:46:55.076Z,2026-05-27T03:46:55.076Z
753,6.4,70.7,4140,50,0.2812,0.0905,72.3,2026-05-27T03:47:04.183Z,2026-05-27T03:47:04.193Z,2026-05-27T03:47:04.193Z
754,12.6,71.3,0,50,1.0938,0.1767,72.3,2026-05-27T03:47:16.023Z,2026-05-27T03:47:16.032Z,2026-05-27T03:47:16.032Z
755,35.5,71,0,162.5,0.4375,0.5,72.3,2026-05-27T03:47:25.121Z,2026-05-27T03:47:25.129Z,2026-05-27T03:47:25.129Z
756,12.9,70.5,8227,50,0.5469,0.183,72.3,2026-05-27T03:47:34.367Z,2026-05-27T03:47:34.376Z,2026-05-27T03:47:34.376Z
757,19.5,70.8,11688,50,1.9688,0.2754,72.3,2026-05-27T03:47:47.027Z,2026-05-27T03:47:47.040Z,2026-05-27T03:47:47.040Z
758,45,70.7,1018,50,1.5781,0.6365,72.3,2026-05-27T03:47:56.458Z,2026-05-27T03:47:56.472Z,2026-05-27T03:47:56.472Z
759,43.2,70.9,0,275,1.5156,0.6093,72.3,2026-05-27T03:48:05.578Z,2026-05-27T03:48:05.592Z,2026-05-27T03:48:05.592Z
760,35.7,70.8,0,50,1.2969,0.5042,72.3,2026-05-27T03:48:14.693Z,2026-05-27T03:48:14.706Z,2026-05-27T03:48:14.706Z
761,34.2,70.8,248,50,1.4844,0.4831,72.3,2026-05-27T03:48:27.144Z,2026-05-27T03:48:27.159Z,2026-05-27T03:48:27.159Z
762,36.4,70.8,89241,50,1.5156,0.5141,72.3,2026-05-27T03:48:36.240Z,2026-05-27T03:48:36.255Z,2026-05-27T03:48:36.255Z
763,35.2,70.7,16396,50,1.4062,0.4979,72.3,2026-05-27T03:48:45.388Z,2026-05-27T03:48:45.400Z,2026-05-27T03:48:45.400Z
764,40.2,70.9,0,50,1.4844,0.567,72.3,2026-05-27T03:48:57.869Z,2026-05-27T03:48:57.883Z,2026-05-27T03:48:57.883Z
765,34,71,0,387.5,1.8125,0.4789,72.3,2026-05-27T03:49:07.192Z,2026-05-27T03:49:07.208Z,2026-05-27T03:49:07.208Z
766,35.3,70.8,0,50,1.2344,0.4986,72.3,2026-05-27T03:49:16.396Z,2026-05-27T03:49:16.409Z,2026-05-27T03:49:16.409Z
767,33,70.7,4107,50,1.4062,0.4668,72.3,2026-05-27T03:49:28.412Z,2026-05-27T03:49:28.426Z,2026-05-27T03:49:28.426Z
768,33.7,70.6,0,50,1.7656,0.4773,72.3,2026-05-27T03:49:37.935Z,2026-05-27T03:49:37.947Z,2026-05-27T03:49:37.947Z
769,33.1,70.6,0,500,1.3438,0.4688,72.3,2026-05-27T03:49:47.096Z,2026-05-27T03:49:47.117Z,2026-05-27T03:49:47.117Z
770,43.5,70.6,0,50,1.3594,0.6161,72.3,2026-05-27T03:49:56.326Z,2026-05-27T03:49:56.340Z,2026-05-27T03:49:56.340Z
771,34.9,70.8,3795,275,1.5938,0.4929,72.3,2026-05-27T03:50:08.710Z,2026-05-27T03:50:08.723Z,2026-05-27T03:50:08.723Z
772,33.5,70.7,358,50,1.2656,0.4738,72.3,2026-05-27T03:50:18.383Z,2026-05-27T03:50:18.395Z,2026-05-27T03:50:18.395Z
773,35,70.6,248,50,1.25,0.4958,72.3,2026-05-27T03:50:27.529Z,2026-05-27T03:50:27.545Z,2026-05-27T03:50:27.545Z
774,31.6,70.6,248,50,1.1875,0.4476,72.3,2026-05-27T03:50:39.824Z,2026-05-27T03:50:39.837Z,2026-05-27T03:50:39.837Z
775,33.6,70.7,0,275,1.3438,0.4752,72.3,2026-05-27T03:50:49.179Z,2026-05-27T03:50:49.191Z,2026-05-27T03:50:49.191Z
776,35.9,70.1,203,50,1.25,0.5121,72.3,2026-05-27T03:50:58.637Z,2026-05-27T03:50:58.651Z,2026-05-27T03:50:58.651Z
777,34.5,70.5,0,50,1.2656,0.4894,72.3,2026-05-27T03:51:07.944Z,2026-05-27T03:51:07.957Z,2026-05-27T03:51:07.957Z
778,34.9,70.5,0,275,1.25,0.495,72.3,2026-05-27T03:51:20.535Z,2026-05-27T03:51:20.547Z,2026-05-27T03:51:20.547Z
779,34.3,70.5,1262,50,1.3125,0.4865,72.3,2026-05-27T03:51:29.638Z,2026-05-27T03:51:29.651Z,2026-05-27T03:51:29.651Z
780,36.9,70.2,0,50,1.3281,0.5256,72.3,2026-05-27T03:51:38.838Z,2026-05-27T03:51:38.855Z,2026-05-27T03:51:38.855Z
781,34.3,70.2,0,387.5,1.4062,0.4886,72.3,2026-05-27T03:51:51.300Z,2026-05-27T03:51:51.315Z,2026-05-27T03:51:51.315Z
782,35.9,70.1,0,50,1.8281,0.5121,72.3,2026-05-27T03:52:00.574Z,2026-05-27T03:52:00.592Z,2026-05-27T03:52:00.592Z
783,33.7,70.2,0,387.5,1.2344,0.4801,72.3,2026-05-27T03:52:09.707Z,2026-05-27T03:52:09.723Z,2026-05-27T03:52:09.723Z
784,34.2,70.2,0,275,1.3125,0.4872,72.3,2026-05-27T03:52:19.015Z,2026-05-27T03:52:19.029Z,2026-05-27T03:52:19.029Z
785,33.7,70.1,0,50,1.25,0.4807,72.3,2026-05-27T03:52:31.419Z,2026-05-27T03:52:31.435Z,2026-05-27T03:52:31.435Z
786,32.4,70.1,0,50,1.3281,0.4622,72.3,2026-05-27T03:52:40.518Z,2026-05-27T03:52:40.531Z,2026-05-27T03:52:40.531Z
787,33.7,70.2,889,50,1.25,0.4801,72.3,2026-05-27T03:52:49.765Z,2026-05-27T03:52:49.781Z,2026-05-27T03:52:49.781Z
788,34.9,70,0,410,1.3906,0.4986,72.3,2026-05-27T03:53:02.139Z,2026-05-27T03:53:02.155Z,2026-05-27T03:53:02.155Z
789,33.4,70.2,0,387.5,1.25,0.4758,72.3,2026-05-27T03:53:11.328Z,2026-05-27T03:53:11.342Z,2026-05-27T03:53:11.342Z
790,34.7,70.2,3901,50,1.2656,0.4943,72.3,2026-05-27T03:53:20.421Z,2026-05-27T03:53:20.437Z,2026-05-27T03:53:20.437Z
791,35.9,70.2,0,50,1.4219,0.5114,72.3,2026-05-27T03:53:29.838Z,2026-05-27T03:53:29.851Z,2026-05-27T03:53:29.851Z
792,35.1,70.2,0,500,1.2969,0.5,72.3,2026-05-27T03:53:42.105Z,2026-05-27T03:53:42.121Z,2026-05-27T03:53:42.121Z
793,34,70.2,121,500,1.875,0.4843,72.3,2026-05-27T03:53:51.311Z,2026-05-27T03:53:51.325Z,2026-05-27T03:53:51.325Z
794,33.7,70.1,368,50,1.4375,0.4807,72.3,2026-05-27T03:54:00.500Z,2026-05-27T03:54:00.516Z,2026-05-27T03:54:00.516Z
795,35.5,70.2,0,50,1.5469,0.5057,72.4,2026-05-27T03:54:13.050Z,2026-05-27T03:54:13.065Z,2026-05-27T03:54:13.065Z
796,38.2,70.2,318,50,1.2812,0.5442,72.4,2026-05-27T03:54:22.191Z,2026-05-27T03:54:22.210Z,2026-05-27T03:54:22.210Z
797,47.4,70.9,17116,275,1.4531,0.6685,72.4,2026-05-27T03:54:31.303Z,2026-05-27T03:54:31.317Z,2026-05-27T03:54:31.317Z
798,39.5,70.7,1139,50,2.2656,0.5587,72.4,2026-05-27T03:54:43.764Z,2026-05-27T03:54:43.779Z,2026-05-27T03:54:43.779Z
799,38.9,70.7,0,275,1.2344,0.5502,72.4,2026-05-27T03:54:53.519Z,2026-05-27T03:54:53.533Z,2026-05-27T03:54:53.533Z
800,37.1,70.3,17468,50,1.5156,0.5277,72.4,2026-05-27T03:55:02.963Z,2026-05-27T03:55:02.978Z,2026-05-27T03:55:02.978Z
801,35.8,70.3,1247,50,1.2969,0.5092,72.4,2026-05-27T03:55:12.419Z,2026-05-27T03:55:12.432Z,2026-05-27T03:55:12.432Z
802,36.7,70.3,402,50,1.5156,0.522,72.4,2026-05-27T03:55:23.777Z,2026-05-27T03:55:23.797Z,2026-05-27T03:55:23.797Z
803,36.2,70.3,0,50,1.2656,0.5149,72.4,2026-05-27T03:55:32.891Z,2026-05-27T03:55:32.917Z,2026-05-27T03:55:32.917Z
804,33.7,70.3,7971,50,1.5,0.4794,72.4,2026-05-27T03:55:42.098Z,2026-05-27T03:55:42.116Z,2026-05-27T03:55:42.116Z
805,38.1,70.3,121,50,1.3438,0.542,72.4,2026-05-27T03:55:54.581Z,2026-05-27T03:55:54.599Z,2026-05-27T03:55:54.599Z
806,34.6,70.3,4386,50,1.3594,0.4922,72.4,2026-05-27T03:56:03.718Z,2026-05-27T03:56:03.739Z,2026-05-27T03:56:03.739Z
807,25.8,71,1416,350.15,0.4688,0.3634,72.4,2026-05-27T03:56:12.853Z,2026-05-27T03:56:12.860Z,2026-05-27T03:56:12.860Z
808,11.8,69.9,844,50,0.2188,0.1688,72.4,2026-05-27T03:56:22.061Z,2026-05-27T03:56:22.069Z,2026-05-27T03:56:22.069Z
809,9.9,71.1,4473,50,0.2188,0.1392,72.4,2026-05-27T03:56:34.688Z,2026-05-27T03:56:34.699Z,2026-05-27T03:56:34.699Z
810,6.4,71,84,500,0.125,0.0901,72.4,2026-05-27T03:56:43.986Z,2026-05-27T03:56:43.994Z,2026-05-27T03:56:43.994Z
811,5.2,71.2,6583,50,0.2656,0.073,72.4,2026-05-27T03:56:53.189Z,2026-05-27T03:56:53.198Z,2026-05-27T03:56:53.198Z
812,5.7,71.1,3607,50,0.4375,0.0802,72.4,2026-05-27T03:57:05.545Z,2026-05-27T03:57:05.554Z,2026-05-27T03:57:05.554Z
813,7.6,71.1,0,50,0.1563,0.1069,72.4,2026-05-27T03:57:14.822Z,2026-05-27T03:57:14.831Z,2026-05-27T03:57:14.831Z
814,6.5,71,3538,50,0.1094,0.0915,72.4,2026-05-27T03:57:24.047Z,2026-05-27T03:57:24.058Z,2026-05-27T03:57:24.058Z
815,5,71,139,50,0.2969,0.0704,72.4,2026-05-27T03:57:33.260Z,2026-05-27T03:57:33.268Z,2026-05-27T03:57:33.268Z
816,6.5,71,84,275,0.2656,0.0915,72.4,2026-05-27T03:57:45.617Z,2026-05-27T03:57:45.626Z,2026-05-27T03:57:45.626Z
817,6,70.9,0,50,0.625,0.0846,72.4,2026-05-27T03:57:54.873Z,2026-05-27T03:57:54.885Z,2026-05-27T03:57:54.885Z
818,5.6,71.1,42,199.85,0.1406,0.0788,72.4,2026-05-27T03:58:04.074Z,2026-05-27T03:58:04.083Z,2026-05-27T03:58:04.083Z
819,5.2,71.2,0,50,0.0781,0.073,72.4,2026-05-27T03:58:16.487Z,2026-05-27T03:58:16.508Z,2026-05-27T03:58:16.508Z
820,6,71.1,13382,50,0.0938,0.0844,72.4,2026-05-27T03:58:25.753Z,2026-05-27T03:58:25.762Z,2026-05-27T03:58:25.762Z
821,9.3,71.1,248,275,0.375,0.1308,72.4,2026-05-27T03:58:34.945Z,2026-05-27T03:58:34.954Z,2026-05-27T03:58:34.954Z
822,6.8,71,0,275,0.2656,0.0958,72.4,2026-05-27T03:58:44.191Z,2026-05-27T03:58:44.203Z,2026-05-27T03:58:44.203Z
823,4.1,71,84,50,0.2656,0.0577,72.4,2026-05-27T03:58:56.554Z,2026-05-27T03:58:56.564Z,2026-05-27T03:58:56.564Z
824,6.1,71,337,162.5,0.2812,0.0859,72.4,2026-05-27T03:59:05.804Z,2026-05-27T03:59:05.813Z,2026-05-27T03:59:05.813Z
825,7.5,71,358,50,0.1094,0.1056,72.4,2026-05-27T03:59:15.029Z,2026-05-27T03:59:15.038Z,2026-05-27T03:59:15.038Z
826,8.1,71,368,162.5,0.3281,0.1141,72.4,2026-05-27T03:59:27.391Z,2026-05-27T03:59:27.400Z,2026-05-27T03:59:27.400Z
827,6.3,71,0,50,0.3281,0.0887,72.4,2026-05-27T03:59:36.674Z,2026-05-27T03:59:36.682Z,2026-05-27T03:59:36.682Z
828,5.6,71,14352,50,0.1406,0.0789,72.4,2026-05-27T03:59:45.883Z,2026-05-27T03:59:45.893Z,2026-05-27T03:59:45.893Z
829,5.3,70.6,0,162.5,0.1875,0.0751,72.4,2026-05-27T03:59:55.117Z,2026-05-27T03:59:55.128Z,2026-05-27T03:59:55.128Z
830,4.1,70.6,0,50,0.0625,0.0581,72.4,2026-05-27T04:00:07.494Z,2026-05-27T04:00:07.503Z,2026-05-27T04:00:07.503Z
831,6.5,70.8,15030,199.85,0.1562,0.0918,72.4,2026-05-27T04:00:16.743Z,2026-05-27T04:00:16.752Z,2026-05-27T04:00:16.752Z
832,3.7,70.7,248,199.85,0.0312,0.0523,72.4,2026-05-27T04:00:25.938Z,2026-05-27T04:00:25.948Z,2026-05-27T04:00:25.948Z
833,4.4,70.8,248,50,0.0625,0.0621,72.4,2026-05-27T04:00:38.257Z,2026-05-27T04:00:38.266Z,2026-05-27T04:00:38.266Z
834,4.4,70.8,386,50,0.2656,0.0621,72.4,2026-05-27T04:00:47.531Z,2026-05-27T04:00:47.540Z,2026-05-27T04:00:47.540Z
835,4,70.8,0,50,0.1094,0.0565,72.4,2026-05-27T04:00:56.726Z,2026-05-27T04:00:56.735Z,2026-05-27T04:00:56.735Z
836,4.4,70.8,138,50,0.1562,0.0621,72.4,2026-05-27T04:01:05.978Z,2026-05-27T04:01:05.987Z,2026-05-27T04:01:05.987Z
837,4.8,70.9,0,162.5,0.1094,0.0677,72.4,2026-05-27T04:01:18.348Z,2026-05-27T04:01:18.357Z,2026-05-27T04:01:18.357Z
838,5.2,70.9,0,50,0.1406,0.0733,72.4,2026-05-27T04:01:27.574Z,2026-05-27T04:01:27.583Z,2026-05-27T04:01:27.583Z
839,4.4,70.9,899,50,0.0312,0.0621,72.4,2026-05-27T04:01:36.790Z,2026-05-27T04:01:36.799Z,2026-05-27T04:01:36.799Z
840,3.3,70.9,138,50,0.0781,0.0465,72.4,2026-05-27T04:01:49.111Z,2026-05-27T04:01:49.119Z,2026-05-27T04:01:49.119Z
841,3.5,70.8,20014,50,0.2969,0.0494,72.4,2026-05-27T04:01:58.427Z,2026-05-27T04:01:58.435Z,2026-05-27T04:01:58.435Z
842,9,70.8,26588,275,1.1406,0.1271,72.4,2026-05-27T04:02:07.613Z,2026-05-27T04:02:07.622Z,2026-05-27T04:02:07.622Z
843,5.7,70.9,15090,50,0.2812,0.0804,72.4,2026-05-27T04:02:16.846Z,2026-05-27T04:02:16.854Z,2026-05-27T04:02:16.854Z
844,14.2,69.8,708,199.85,0.375,0.2034,72.4,2026-05-27T04:02:29.262Z,2026-05-27T04:02:29.271Z,2026-05-27T04:02:29.271Z
845,4.5,69.8,921,50,0.125,0.0645,72.4,2026-05-27T04:02:38.500Z,2026-05-27T04:02:38.509Z,2026-05-27T04:02:38.509Z
846,4.8,69.9,358,162.5,0.1094,0.0687,72.4,2026-05-27T04:02:47.728Z,2026-05-27T04:02:47.737Z,2026-05-27T04:02:47.737Z
847,2.7,69.9,0,50,0.3125,0.0386,72.4,2026-05-27T04:03:00.073Z,2026-05-27T04:03:00.082Z,2026-05-27T04:03:00.082Z
848,6.2,69.9,568,50,0.2031,0.0887,72.4,2026-05-27T04:03:09.402Z,2026-05-27T04:03:09.412Z,2026-05-27T04:03:09.412Z
849,4.1,69.9,15865,50,0.1719,0.0587,72.4,2026-05-27T04:03:18.592Z,2026-05-27T04:03:18.601Z,2026-05-27T04:03:18.601Z
850,6,70,0,50,0.2812,0.0857,72.4,2026-05-27T04:03:27.815Z,2026-05-27T04:03:27.824Z,2026-05-27T04:03:27.824Z
851,5.7,69.9,88371,500,0.3125,0.0815,72.4,2026-05-27T04:03:40.192Z,2026-05-27T04:03:40.201Z,2026-05-27T04:03:40.201Z
852,5.3,69.9,15514,50,0.2344,0.0758,72.4,2026-05-27T04:03:49.427Z,2026-05-27T04:03:49.435Z,2026-05-27T04:03:49.435Z
853,4.4,70.1,274,50,0.1094,0.0628,72.4,2026-05-27T04:03:58.646Z,2026-05-27T04:03:58.654Z,2026-05-27T04:03:58.654Z
854,5.8,70,835,50,0.125,0.0829,72.4,2026-05-27T04:04:11.023Z,2026-05-27T04:04:11.033Z,2026-05-27T04:04:11.033Z
855,6.8,70.1,506,50,0.4219,0.097,72.4,2026-05-27T04:04:20.274Z,2026-05-27T04:04:20.285Z,2026-05-27T04:04:20.285Z
856,4.9,70,2541,50,0.3594,0.07,72.4,2026-05-27T04:04:29.416Z,2026-05-27T04:04:29.427Z,2026-05-27T04:04:29.427Z
857,6.6,69.9,138,50,0.25,0.0944,72.4,2026-05-27T04:04:38.717Z,2026-05-27T04:04:38.727Z,2026-05-27T04:04:38.727Z
858,5.4,69.9,222,50,0.3125,0.0773,72.4,2026-05-27T04:04:51.031Z,2026-05-27T04:04:51.041Z,2026-05-27T04:04:51.041Z
859,6,70,138,50,0.1875,0.0857,72.4,2026-05-27T04:05:00.137Z,2026-05-27T04:05:00.148Z,2026-05-27T04:05:00.148Z
860,5.2,70,3759,275,0.4688,0.0743,72.4,2026-05-27T04:05:09.465Z,2026-05-27T04:05:09.480Z,2026-05-27T04:05:09.480Z
861,4.9,70.1,138,50,0.0781,0.0699,72.4,2026-05-27T04:05:21.901Z,2026-05-27T04:05:21.913Z,2026-05-27T04:05:21.913Z
862,5.5,70.1,222,50,0.125,0.0785,72.4,2026-05-27T04:05:31.117Z,2026-05-27T04:05:31.125Z,2026-05-27T04:05:31.125Z
863,4.6,70,3823,50,0.1875,0.0657,72.4,2026-05-27T04:05:40.363Z,2026-05-27T04:05:40.375Z,2026-05-27T04:05:40.375Z
864,5.4,69.8,464,50,0.0312,0.0774,72.4,2026-05-27T04:05:49.673Z,2026-05-27T04:05:49.682Z,2026-05-27T04:05:49.682Z
865,5.3,69.6,0,50,0.1875,0.0761,72.4,2026-05-27T04:06:02.059Z,2026-05-27T04:06:02.068Z,2026-05-27T04:06:02.068Z
866,17.6,70.3,993,50,0.0469,0.2504,72.4,2026-05-27T04:06:11.211Z,2026-05-27T04:06:11.243Z,2026-05-27T04:06:11.243Z
867,6.5,70.2,0,50,0.0781,0.0926,72.4,2026-05-27T04:06:20.490Z,2026-05-27T04:06:20.498Z,2026-05-27T04:06:20.498Z
868,4.2,70.2,908,162.5,0.0469,0.0598,72.4,2026-05-27T04:06:32.915Z,2026-05-27T04:06:32.924Z,2026-05-27T04:06:32.924Z
869,4.2,70.1,0,50,0.2188,0.0599,72.4,2026-05-27T04:06:42.238Z,2026-05-27T04:06:42.248Z,2026-05-27T04:06:42.248Z
870,5.4,69.9,138,275,0.1406,0.0773,72.4,2026-05-27T04:06:51.468Z,2026-05-27T04:06:51.477Z,2026-05-27T04:06:51.477Z
871,3.6,69.8,138,50,0.125,0.0516,72.4,2026-05-27T04:07:00.788Z,2026-05-27T04:07:00.798Z,2026-05-27T04:07:00.798Z
872,8.2,70.2,0,162.5,0.3906,0.1168,72.4,2026-05-27T04:07:13.273Z,2026-05-27T04:07:13.280Z,2026-05-27T04:07:13.280Z
873,5.8,70.2,138,50,0.4062,0.0826,72.4,2026-05-27T04:07:22.438Z,2026-05-27T04:07:22.447Z,2026-05-27T04:07:22.447Z
874,3.1,70.2,10053,199.85,0.1094,0.0442,72.4,2026-05-27T04:07:31.698Z,2026-05-27T04:07:31.710Z,2026-05-27T04:07:31.710Z
875,4.9,70.1,5819,50,0.0625,0.0699,72.4,2026-05-27T04:07:44.137Z,2026-05-27T04:07:44.144Z,2026-05-27T04:07:44.144Z
876,6,70.1,5067,50,0.1094,0.0856,72.4,2026-05-27T04:07:53.433Z,2026-05-27T04:07:53.441Z,2026-05-27T04:07:53.441Z
877,4.5,69.9,5632,50,0.1875,0.0644,72.4,2026-05-27T04:08:02.599Z,2026-05-27T04:08:02.607Z,2026-05-27T04:08:02.607Z
878,5.5,70,1371,275,0.2031,0.0786,72.4,2026-05-27T04:08:11.897Z,2026-05-27T04:08:11.906Z,2026-05-27T04:08:11.906Z
879,6.1,70.1,0,50,0.1094,0.087,72.4,2026-05-27T04:08:24.417Z,2026-05-27T04:08:24.433Z,2026-05-27T04:08:24.433Z
880,6.1,70.1,0,275,0.1562,0.087,72.4,2026-05-27T04:08:33.527Z,2026-05-27T04:08:33.535Z,2026-05-27T04:08:33.535Z
881,8.3,69.6,0,162.5,0.3438,0.1193,72.4,2026-05-27T04:08:42.811Z,2026-05-27T04:08:42.823Z,2026-05-27T04:08:42.823Z
882,4.3,69.6,0,50,0.1094,0.0618,72.4,2026-05-27T04:08:55.400Z,2026-05-27T04:08:55.415Z,2026-05-27T04:08:55.415Z
883,5.1,69.5,0,50,0.1094,0.0734,72.4,2026-05-27T04:09:05.005Z,2026-05-27T04:09:05.019Z,2026-05-27T04:09:05.019Z
884,7,69.6,138,162.5,0.0781,0.1006,72.4,2026-05-27T04:09:14.122Z,2026-05-27T04:09:14.131Z,2026-05-27T04:09:14.131Z
885,5.9,69.7,180,275,0.1094,0.0846,72.4,2026-05-27T04:09:26.310Z,2026-05-27T04:09:26.326Z,2026-05-27T04:09:26.326Z
886,4.8,69.7,138,50,0.0625,0.0689,72.4,2026-05-27T04:09:36.039Z,2026-05-27T04:09:36.050Z,2026-05-27T04:09:36.050Z
887,3.3,69.6,0,50,0.0312,0.0474,72.4,2026-05-27T04:09:45.176Z,2026-05-27T04:09:45.185Z,2026-05-27T04:09:45.185Z
888,5.2,69.6,883,50,0.2188,0.0747,72.4,2026-05-27T04:09:54.355Z,2026-05-27T04:09:54.365Z,2026-05-27T04:09:54.365Z
889,5.7,69.6,278,50,0.1875,0.0819,72.4,2026-05-27T04:10:06.788Z,2026-05-27T04:10:06.798Z,2026-05-27T04:10:06.798Z
890,7.8,69.7,138,50,0.1094,0.1119,72.4,2026-05-27T04:10:16.093Z,2026-05-27T04:10:16.102Z,2026-05-27T04:10:16.102Z
891,4.2,69.7,0,50,0.0625,0.0603,72.4,2026-05-27T04:10:25.761Z,2026-05-27T04:10:25.774Z,2026-05-27T04:10:25.774Z
892,3.5,69.7,138,162.5,0.0781,0.0502,72.4,2026-05-27T04:10:37.894Z,2026-05-27T04:10:37.903Z,2026-05-27T04:10:37.903Z
893,4.6,69.7,84,50,0.125,0.066,72.4,2026-05-27T04:10:47.490Z,2026-05-27T04:10:47.501Z,2026-05-27T04:10:47.501Z
894,4,69.7,138,50,0.1719,0.0574,72.4,2026-05-27T04:10:56.636Z,2026-05-27T04:10:56.648Z,2026-05-27T04:10:56.648Z
895,4.5,69.7,121,50,0.0781,0.0646,72.4,2026-05-27T04:11:05.744Z,2026-05-27T04:11:05.753Z,2026-05-27T04:11:05.753Z
896,5.3,69.7,0,50,0.1406,0.076,72.4,2026-05-27T04:11:18.473Z,2026-05-27T04:11:18.482Z,2026-05-27T04:11:18.482Z
897,10.3,70.1,0,50,0.9375,0.1469,72.4,2026-05-27T04:11:27.725Z,2026-05-27T04:11:27.734Z,2026-05-27T04:11:27.734Z
898,5.4,69.8,139,162.5,0.1406,0.0774,72.4,2026-05-27T04:11:37.271Z,2026-05-27T04:11:37.281Z,2026-05-27T04:11:37.281Z
899,3.8,69.8,0,50,0.2031,0.0544,72.4,2026-05-27T04:11:49.254Z,2026-05-27T04:11:49.262Z,2026-05-27T04:11:49.262Z
900,4.7,69.9,277,50,0.1562,0.0672,72.4,2026-05-27T04:11:58.638Z,2026-05-27T04:11:58.648Z,2026-05-27T04:11:58.648Z
901,11.3,69.9,16587,50,1.2656,0.1617,72.4,2026-05-27T04:12:07.716Z,2026-05-27T04:12:07.728Z,2026-05-27T04:12:07.728Z
902,12.3,70.2,0,50,0.5938,0.1752,72.4,2026-05-27T04:12:16.825Z,2026-05-27T04:12:16.839Z,2026-05-27T04:12:16.839Z
903,7.2,69.9,32019,50,0.375,0.103,72.4,2026-05-27T04:12:29.353Z,2026-05-27T04:12:29.363Z,2026-05-27T04:12:29.363Z
904,2.7,69.9,248,162.5,0.0938,0.0386,72.4,2026-05-27T04:12:38.529Z,2026-05-27T04:12:38.538Z,2026-05-27T04:12:38.538Z
905,4.3,70,0,50,0.1094,0.0614,72.4,2026-05-27T04:12:47.705Z,2026-05-27T04:12:47.714Z,2026-05-27T04:12:47.714Z
906,2.8,69.9,3077,50,0.1562,0.0401,72.4,2026-05-27T04:13:00.065Z,2026-05-27T04:13:00.074Z,2026-05-27T04:13:00.074Z
907,4.7,69.8,3518,275,0.1406,0.0673,72.4,2026-05-27T04:13:09.404Z,2026-05-27T04:13:09.414Z,2026-05-27T04:13:09.414Z
908,5.9,69.9,0,275,0.2656,0.0844,72.4,2026-05-27T04:13:18.515Z,2026-05-27T04:13:18.523Z,2026-05-27T04:13:18.523Z
909,8.7,70.1,1311,50,0.1094,0.1241,72.4,2026-05-27T04:13:27.797Z,2026-05-27T04:13:27.806Z,2026-05-27T04:13:27.806Z
910,6.2,70.1,9931,275,0.1094,0.0884,72.4,2026-05-27T04:13:40.191Z,2026-05-27T04:13:40.200Z,2026-05-27T04:13:40.200Z
911,6.6,70.3,13270,50,0.2812,0.0939,72.4,2026-05-27T04:13:49.283Z,2026-05-27T04:13:49.291Z,2026-05-27T04:13:49.291Z
912,5.8,70.3,5372,199.85,0.1562,0.0825,72.4,2026-05-27T04:13:58.387Z,2026-05-27T04:13:58.399Z,2026-05-27T04:13:58.399Z
913,8.8,70.2,16593,50,0.0938,0.1254,72.4,2026-05-27T04:14:10.721Z,2026-05-27T04:14:10.731Z,2026-05-27T04:14:10.731Z
914,5.9,70.2,42,50,0.4062,0.084,72.4,2026-05-27T04:14:20.053Z,2026-05-27T04:14:20.082Z,2026-05-27T04:14:20.082Z
915,5.1,70.2,290,500,0.1875,0.0726,72.4,2026-05-27T04:14:29.290Z,2026-05-27T04:14:29.299Z,2026-05-27T04:14:29.299Z
916,3.6,70.1,42,50,0.1094,0.0514,72.4,2026-05-27T04:14:38.617Z,2026-05-27T04:14:38.627Z,2026-05-27T04:14:38.627Z
917,5.8,70.1,400,50,0.0469,0.0827,72.4,2026-05-27T04:14:50.764Z,2026-05-27T04:14:50.773Z,2026-05-27T04:14:50.773Z
918,5.1,70.1,0,50,0.1875,0.0728,72.4,2026-05-27T04:14:59.922Z,2026-05-27T04:14:59.932Z,2026-05-27T04:14:59.932Z
919,5.2,70,4205,50,0.25,0.0743,72.4,2026-05-27T04:15:09.216Z,2026-05-27T04:15:09.225Z,2026-05-27T04:15:09.225Z
920,7.1,70.2,410,140,0.1406,0.1011,72.4,2026-05-27T04:15:21.572Z,2026-05-27T04:15:21.581Z,2026-05-27T04:15:21.581Z
921,3.8,70.2,3113,275,0.1875,0.0541,72.4,2026-05-27T04:15:30.990Z,2026-05-27T04:15:30.998Z,2026-05-27T04:15:30.998Z
922,4.4,70.1,42,275,0.0469,0.0628,72.4,2026-05-27T04:15:40.322Z,2026-05-27T04:15:40.331Z,2026-05-27T04:15:40.331Z
923,4.5,70.1,42,50,0.125,0.0642,72.4,2026-05-27T04:15:49.654Z,2026-05-27T04:15:49.664Z,2026-05-27T04:15:49.664Z
924,3.5,70.1,3846,50,0.5,0.0499,72.4,2026-05-27T04:16:01.584Z,2026-05-27T04:16:01.592Z,2026-05-27T04:16:01.592Z
925,6,70.1,651,50,0.1562,0.0856,72.4,2026-05-27T04:16:10.927Z,2026-05-27T04:16:10.935Z,2026-05-27T04:16:10.935Z
926,4.5,70,42,50,0.2656,0.0643,72.4,2026-05-27T04:16:20.221Z,2026-05-27T04:16:20.230Z,2026-05-27T04:16:20.230Z
927,5,70.1,1388,50,0.2031,0.0713,72.4,2026-05-27T04:16:32.320Z,2026-05-27T04:16:32.330Z,2026-05-27T04:16:32.330Z
928,5.3,70.1,0,275,0.3438,0.0756,72.4,2026-05-27T04:16:41.678Z,2026-05-27T04:16:41.686Z,2026-05-27T04:16:41.686Z
929,13.6,70.7,0,50,0.4844,0.1924,72.4,2026-05-27T04:16:50.969Z,2026-05-27T04:16:50.978Z,2026-05-27T04:16:50.978Z
930,6.4,70.3,8797,162.5,0.3438,0.091,72.4,2026-05-27T04:17:03.043Z,2026-05-27T04:17:03.053Z,2026-05-27T04:17:03.053Z
931,5.9,70.2,0,162.5,0.1094,0.084,72.4,2026-05-27T04:17:12.381Z,2026-05-27T04:17:12.390Z,2026-05-27T04:17:12.390Z
932,4.6,70.1,0,50,0.2812,0.0656,72.4,2026-05-27T04:17:21.709Z,2026-05-27T04:17:21.717Z,2026-05-27T04:17:21.717Z
933,13.9,69.8,126,199.85,0.0781,0.1991,72.4,2026-05-27T04:17:31.029Z,2026-05-27T04:17:31.040Z,2026-05-27T04:17:31.040Z
934,7.9,69.8,205,162.5,0.125,0.1132,72.4,2026-05-27T04:17:43.128Z,2026-05-27T04:17:43.137Z,2026-05-27T04:17:43.137Z
935,6.2,69.8,121,275,0.1875,0.0888,72.4,2026-05-27T04:17:52.488Z,2026-05-27T04:17:52.498Z,2026-05-27T04:17:52.498Z
936,4.9,69.8,42,50,0.0469,0.0702,72.4,2026-05-27T04:18:01.781Z,2026-05-27T04:18:01.789Z,2026-05-27T04:18:01.789Z
937,8.7,69.9,8996,500,0.0625,0.1245,72.4,2026-05-27T04:18:13.911Z,2026-05-27T04:18:13.921Z,2026-05-27T04:18:13.921Z
938,8.2,69.8,8622,500,0.2344,0.1175,72.4,2026-05-27T04:18:23.260Z,2026-05-27T04:18:23.270Z,2026-05-27T04:18:23.270Z
939,4.9,69.8,7280,500,0.2969,0.0702,72.4,2026-05-27T04:18:32.589Z,2026-05-27T04:18:32.600Z,2026-05-27T04:18:32.600Z
940,9.2,69.9,29049,50,0.25,0.1316,72.4,2026-05-27T04:18:41.897Z,2026-05-27T04:18:41.907Z,2026-05-27T04:18:41.907Z
941,6.5,69.6,356,162.5,0.2188,0.0934,72.4,2026-05-27T04:18:54.016Z,2026-05-27T04:18:54.026Z,2026-05-27T04:18:54.026Z
942,8.5,69.6,42,50,0.2656,0.1221,72.4,2026-05-27T04:19:03.368Z,2026-05-27T04:19:03.376Z,2026-05-27T04:19:03.376Z
943,8.7,70,1423,50,0.375,0.1243,72.4,2026-05-27T04:19:12.681Z,2026-05-27T04:19:12.691Z,2026-05-27T04:19:12.691Z
944,8.1,70,42,275,0.2344,0.1157,72.4,2026-05-27T04:19:24.770Z,2026-05-27T04:19:24.778Z,2026-05-27T04:19:24.778Z
945,7.4,70,180,50,0.1094,0.1057,72.4,2026-05-27T04:19:34.098Z,2026-05-27T04:19:34.107Z,2026-05-27T04:19:34.107Z
946,7.4,69.9,42,275,0.2344,0.1059,72.4,2026-05-27T04:19:43.380Z,2026-05-27T04:19:43.389Z,2026-05-27T04:19:43.389Z
947,8.6,69.9,422,275,0.1406,0.123,72.4,2026-05-27T04:19:52.698Z,2026-05-27T04:19:52.706Z,2026-05-27T04:19:52.706Z
948,7.9,69.9,42,199.85,0.2188,0.113,72.4,2026-05-27T04:20:04.824Z,2026-05-27T04:20:04.832Z,2026-05-27T04:20:04.832Z
949,4.2,70,240,50,0.2031,0.06,72.4,2026-05-27T04:20:14.111Z,2026-05-27T04:20:14.119Z,2026-05-27T04:20:14.119Z
950,3.6,70,42,162.5,0.2188,0.0514,72.4,2026-05-27T04:20:23.391Z,2026-05-27T04:20:23.399Z,2026-05-27T04:20:23.399Z
951,4.5,70,277,50,0.0781,0.0643,72.4,2026-05-27T04:20:35.540Z,2026-05-27T04:20:35.551Z,2026-05-27T04:20:35.551Z
952,3.4,70,3339,50,0.2031,0.0486,72.4,2026-05-27T04:20:44.896Z,2026-05-27T04:20:44.907Z,2026-05-27T04:20:44.907Z
953,5.6,69.8,138,50,0.2344,0.0802,72.4,2026-05-27T04:20:54.176Z,2026-05-27T04:20:54.184Z,2026-05-27T04:20:54.184Z
954,5.9,69.7,42,50,0.1406,0.0846,72.4,2026-05-27T04:21:03.513Z,2026-05-27T04:21:03.521Z,2026-05-27T04:21:03.521Z
955,8,70.2,4089,50,0.2969,0.114,72.4,2026-05-27T04:21:15.624Z,2026-05-27T04:21:15.632Z,2026-05-27T04:21:15.632Z
956,7.4,70.1,0,50,0.2656,0.1056,72.4,2026-05-27T04:21:24.810Z,2026-05-27T04:21:24.819Z,2026-05-27T04:21:24.819Z
957,6.7,70.1,42,50,0.2188,0.0956,72.4,2026-05-27T04:21:34.096Z,2026-05-27T04:21:34.104Z,2026-05-27T04:21:34.104Z
958,9.3,70,42,50,0.125,0.1329,72.4,2026-05-27T04:21:46.362Z,2026-05-27T04:21:46.371Z,2026-05-27T04:21:46.371Z
959,4.1,70,15016,50,0.0938,0.0586,72.4,2026-05-27T04:21:55.701Z,2026-05-27T04:21:55.711Z,2026-05-27T04:21:55.711Z
960,3.7,69.9,126,50,0.1094,0.0529,72.4,2026-05-27T04:22:04.903Z,2026-05-27T04:22:04.912Z,2026-05-27T04:22:04.912Z
961,5.7,70,0,50,0.2812,0.0814,72.4,2026-05-27T04:22:14.310Z,2026-05-27T04:22:14.319Z,2026-05-27T04:22:14.319Z
962,5.5,70,17708,50,0.1875,0.0786,72.4,2026-05-27T04:22:26.537Z,2026-05-27T04:22:26.547Z,2026-05-27T04:22:26.547Z
963,4.5,70,685,50,0.0625,0.0643,72.4,2026-05-27T04:22:35.913Z,2026-05-27T04:22:35.922Z,2026-05-27T04:22:35.922Z
964,8.1,70.4,290,162.5,0.5625,0.1151,72.4,2026-05-27T04:22:45.332Z,2026-05-27T04:22:45.340Z,2026-05-27T04:22:45.340Z
965,3.2,70.4,479,275,0.0781,0.0455,72.4,2026-05-27T04:22:56.998Z,2026-05-27T04:22:57.007Z,2026-05-27T04:22:57.007Z
966,4.6,70.5,42,275,0.1875,0.0652,72.4,2026-05-27T04:23:06.279Z,2026-05-27T04:23:06.288Z,2026-05-27T04:23:06.288Z
967,4.2,70.5,479,275,0.0469,0.0596,72.4,2026-05-27T04:23:15.533Z,2026-05-27T04:23:15.541Z,2026-05-27T04:23:15.541Z
968,5.8,70.7,689,275,0.1875,0.082,72.4,2026-05-27T04:23:24.909Z,2026-05-27T04:23:24.917Z,2026-05-27T04:23:24.917Z
969,4.4,70.6,0,50,0.125,0.0623,72.4,2026-05-27T04:23:37.192Z,2026-05-27T04:23:37.201Z,2026-05-27T04:23:37.201Z
970,4.4,70.6,4387,50,0.5,0.0623,72.4,2026-05-27T04:23:46.407Z,2026-05-27T04:23:46.416Z,2026-05-27T04:23:46.416Z
971,3.8,70.6,0,50,0.0781,0.0538,72.4,2026-05-27T04:23:55.745Z,2026-05-27T04:23:55.753Z,2026-05-27T04:23:55.753Z
972,5,70.5,252,50,0.0625,0.0709,72.4,2026-05-27T04:24:07.890Z,2026-05-27T04:24:07.899Z,2026-05-27T04:24:07.899Z
973,7.2,70.6,5582,50,0.25,0.102,72.4,2026-05-27T04:24:17.167Z,2026-05-27T04:24:17.177Z,2026-05-27T04:24:17.177Z
974,6.6,70.6,3474,275,0.3125,0.0935,72.4,2026-05-27T04:24:26.413Z,2026-05-27T04:24:26.421Z,2026-05-27T04:24:26.421Z
975,5.5,70.6,675,162.5,0.1875,0.0779,72.4,2026-05-27T04:24:38.585Z,2026-05-27T04:24:38.595Z,2026-05-27T04:24:38.595Z
976,7,70.6,2887,50,0.2656,0.0992,72.4,2026-05-27T04:24:47.937Z,2026-05-27T04:24:47.946Z,2026-05-27T04:24:47.946Z
977,5.1,70.7,435,50,0.1094,0.0721,72.4,2026-05-27T04:24:57.132Z,2026-05-27T04:24:57.140Z,2026-05-27T04:24:57.140Z
978,5.6,70.6,5370,50,0.4219,0.0793,72.4,2026-05-27T04:25:06.507Z,2026-05-27T04:25:06.516Z,2026-05-27T04:25:06.516Z
979,5.5,70.7,4656,162.5,0.375,0.0778,72.4,2026-05-27T04:25:18.686Z,2026-05-27T04:25:18.695Z,2026-05-27T04:25:18.695Z
980,5.8,70.7,327,50,0.3125,0.082,72.4,2026-05-27T04:25:27.929Z,2026-05-27T04:25:27.939Z,2026-05-27T04:25:27.939Z
981,5.9,70.6,67,50,0.5469,0.0836,72.4,2026-05-27T04:25:37.288Z,2026-05-27T04:25:37.298Z,2026-05-27T04:25:37.298Z
982,4.9,70.6,3853,50,0.2969,0.0694,72.4,2026-05-27T04:25:49.462Z,2026-05-27T04:25:49.471Z,2026-05-27T04:25:49.471Z
983,5.2,70.5,4311,50,0.2188,0.0738,72.4,2026-05-27T04:25:58.699Z,2026-05-27T04:25:58.708Z,2026-05-27T04:25:58.708Z
984,4.5,70.6,22898,50,0.2344,0.0637,72.4,2026-05-27T04:26:07.857Z,2026-05-27T04:26:07.867Z,2026-05-27T04:26:07.867Z
985,3.3,70.6,3965,230,0.2812,0.0467,72.4,2026-05-27T04:26:17.269Z,2026-05-27T04:26:17.281Z,2026-05-27T04:26:17.281Z
986,3.5,70.6,315,50,0.1406,0.0496,72.4,2026-05-27T04:26:29.547Z,2026-05-27T04:26:29.556Z,2026-05-27T04:26:29.556Z
987,7.3,70.5,1001,50,0.2812,0.1035,72.4,2026-05-27T04:26:38.792Z,2026-05-27T04:26:38.799Z,2026-05-27T04:26:38.799Z
988,2.9,70.5,4387,50,0.2031,0.0411,72.4,2026-05-27T04:26:48.133Z,2026-05-27T04:26:48.142Z,2026-05-27T04:26:48.142Z
989,4.2,69.7,67,50,0.0938,0.0603,72.4,2026-05-27T04:27:00.220Z,2026-05-27T04:27:00.228Z,2026-05-27T04:27:00.228Z
990,3.8,69.7,12712,162.5,0.0781,0.0545,72.4,2026-05-27T04:27:09.488Z,2026-05-27T04:27:09.498Z,2026-05-27T04:27:09.498Z
991,9.5,69.9,3944,275,0.2969,0.1359,72.4,2026-05-27T04:27:18.705Z,2026-05-27T04:27:18.714Z,2026-05-27T04:27:18.714Z
992,4.3,69.8,67,50,0.1094,0.0616,72.4,2026-05-27T04:27:28.112Z,2026-05-27T04:27:28.122Z,2026-05-27T04:27:28.122Z
993,5.7,69.8,2168,50,0.2031,0.0817,72.4,2026-05-27T04:27:40.346Z,2026-05-27T04:27:40.356Z,2026-05-27T04:27:40.356Z
994,5,69.9,3836,162.5,0.25,0.0715,72.4,2026-05-27T04:27:49.580Z,2026-05-27T04:27:49.589Z,2026-05-27T04:27:49.589Z
995,4.6,70,287,500,0.0938,0.0657,72.4,2026-05-27T04:27:58.937Z,2026-05-27T04:27:58.946Z,2026-05-27T04:27:58.946Z
996,7.5,70,67,162.5,0.1562,0.1071,72.4,2026-05-27T04:28:11.054Z,2026-05-27T04:28:11.065Z,2026-05-27T04:28:11.065Z
997,3.6,70,3097,50,0.3594,0.0514,72.4,2026-05-27T04:28:20.398Z,2026-05-27T04:28:20.407Z,2026-05-27T04:28:20.407Z
998,5.9,70.1,1490,50,0.0938,0.0842,72.4,2026-05-27T04:28:29.631Z,2026-05-27T04:28:29.639Z,2026-05-27T04:28:29.639Z
999,7.1,70.2,152,50,0.0625,0.1011,72.4,2026-05-27T04:28:39.026Z,2026-05-27T04:28:39.036Z,2026-05-27T04:28:39.036Z
1000,4.7,70.1,37794,275,0.2031,0.067,72.4,2026-05-27T04:28:51.133Z,2026-05-27T04:28:51.141Z,2026-05-27T04:28:51.141Z
1001,3.9,70.1,3318,50,0.3125,0.0556,72.4,2026-05-27T04:29:00.308Z,2026-05-27T04:29:00.317Z,2026-05-27T04:29:00.317Z
1002,5.8,70.1,506,199.85,0.2188,0.0827,72.4,2026-05-27T04:29:09.698Z,2026-05-27T04:29:09.709Z,2026-05-27T04:29:09.709Z
1003,4.6,70.1,110,275,0.125,0.0656,72.4,2026-05-27T04:29:21.894Z,2026-05-27T04:29:21.902Z,2026-05-27T04:29:21.902Z
1004,7.5,70.2,4199,50,0.3281,0.1068,72.4,2026-05-27T04:29:31.155Z,2026-05-27T04:29:31.162Z,2026-05-27T04:29:31.162Z
1005,4.2,70.1,499,162.5,0.0781,0.0599,72.4,2026-05-27T04:29:40.424Z,2026-05-27T04:29:40.434Z,2026-05-27T04:29:40.434Z
1006,5.1,70,386,50,0.2031,0.0729,72.4,2026-05-27T04:29:49.806Z,2026-05-27T04:29:49.814Z,2026-05-27T04:29:49.814Z
1007,5.3,70,150,50,0.1719,0.0757,72.4,2026-05-27T04:30:02.027Z,2026-05-27T04:30:02.037Z,2026-05-27T04:30:02.037Z
1008,4,70,19006,50,0.0938,0.0571,72.4,2026-05-27T04:30:11.175Z,2026-05-27T04:30:11.184Z,2026-05-27T04:30:11.184Z
1009,4.3,69.9,68,50,0.0625,0.0615,72.4,2026-05-27T04:30:20.476Z,2026-05-27T04:30:20.486Z,2026-05-27T04:30:20.486Z
1010,4.2,69.9,15742,162.5,0.2188,0.0601,72.4,2026-05-27T04:30:32.720Z,2026-05-27T04:30:32.728Z,2026-05-27T04:30:32.728Z
1011,4.3,69.9,12736,162.5,0.2656,0.0615,72.4,2026-05-27T04:30:41.969Z,2026-05-27T04:30:41.978Z,2026-05-27T04:30:41.978Z
1012,4.9,70,68,50,0.4688,0.07,72.4,2026-05-27T04:30:51.269Z,2026-05-27T04:30:51.278Z,2026-05-27T04:30:51.278Z
1013,5.5,70.1,510,50,0.3125,0.0785,72.4,2026-05-27T04:31:03.437Z,2026-05-27T04:31:03.446Z,2026-05-27T04:31:03.446Z
1014,6.3,70,493,275,0.4219,0.09,72.4,2026-05-27T04:31:12.843Z,2026-05-27T04:31:12.851Z,2026-05-27T04:31:12.851Z
1015,4.8,70,68,50,0.2344,0.0686,72.4,2026-05-27T04:31:22.004Z,2026-05-27T04:31:22.015Z,2026-05-27T04:31:22.015Z
1016,5.4,70,189,50,0.1719,0.0771,72.4,2026-05-27T04:31:31.357Z,2026-05-27T04:31:31.365Z,2026-05-27T04:31:31.365Z
1017,4.7,70,16294,50,0.2812,0.0671,72.4,2026-05-27T04:31:43.523Z,2026-05-27T04:31:43.533Z,2026-05-27T04:31:43.533Z
1018,7.1,70,654,50,0.2188,0.1014,72.4,2026-05-27T04:31:52.841Z,2026-05-27T04:31:52.876Z,2026-05-27T04:31:52.876Z
1019,7.9,70,2366,199.85,0.2812,0.1129,72.4,2026-05-27T04:32:02.189Z,2026-05-27T04:32:02.199Z,2026-05-27T04:32:02.199Z
1020,6.7,70,2812,50,0.3281,0.0957,72.4,2026-05-27T04:32:14.351Z,2026-05-27T04:32:14.360Z,2026-05-27T04:32:14.360Z
1021,6.3,70,504,50,0.3125,0.09,72.4,2026-05-27T04:32:23.686Z,2026-05-27T04:32:23.695Z,2026-05-27T04:32:23.695Z
1022,13.5,70.2,17433,50,1.2031,0.1923,72.4,2026-05-27T04:32:32.861Z,2026-05-27T04:32:32.872Z,2026-05-27T04:32:32.872Z
1023,11.1,69.6,1454,50,0.3594,0.1595,72.4,2026-05-27T04:32:42.231Z,2026-05-27T04:32:42.241Z,2026-05-27T04:32:42.241Z
1024,6.1,69.6,1011,50,0.25,0.0876,72.4,2026-05-27T04:32:54.439Z,2026-05-27T04:32:54.449Z,2026-05-27T04:32:54.449Z
1025,4.2,69.6,2828,50,0.6094,0.0603,72.4,2026-05-27T04:33:03.654Z,2026-05-27T04:33:03.664Z,2026-05-27T04:33:03.664Z
1026,5.8,69.7,910,50,0.2188,0.0832,72.4,2026-05-27T04:33:12.810Z,2026-05-27T04:33:12.818Z,2026-05-27T04:33:12.818Z
1027,5.3,69.7,831,50,0.4062,0.076,72.4,2026-05-27T04:33:25.230Z,2026-05-27T04:33:25.239Z,2026-05-27T04:33:25.239Z
1028,5.1,69.7,3355,275,0.375,0.0732,72.4,2026-05-27T04:33:34.600Z,2026-05-27T04:33:34.609Z,2026-05-27T04:33:34.609Z
1029,11.3,69.8,17901,275,0.5312,0.1619,72.4,2026-05-27T04:33:43.731Z,2026-05-27T04:33:43.740Z,2026-05-27T04:33:43.740Z
1030,7.9,69.8,3409,275,0.4375,0.1132,72.4,2026-05-27T04:33:53.049Z,2026-05-27T04:33:53.059Z,2026-05-27T04:33:53.059Z
1031,5,69.9,769,162.5,0.2188,0.0715,72.4,2026-05-27T04:34:05.422Z,2026-05-27T04:34:05.430Z,2026-05-27T04:34:05.430Z
1032,5.9,69.9,694,50,0.2031,0.0844,72.4,2026-05-27T04:34:14.609Z,2026-05-27T04:34:14.617Z,2026-05-27T04:34:14.617Z
1033,4.8,69.9,769,199.85,0.2344,0.0687,72.4,2026-05-27T04:34:23.731Z,2026-05-27T04:34:23.741Z,2026-05-27T04:34:23.741Z
1034,9.2,69.9,3271,162.5,0.5156,0.1316,72.4,2026-05-27T04:34:36.203Z,2026-05-27T04:34:36.213Z,2026-05-27T04:34:36.213Z
1035,4.8,69.9,1018,50,0.2031,0.0687,72.4,2026-05-27T04:34:45.583Z,2026-05-27T04:34:45.591Z,2026-05-27T04:34:45.591Z
1036,4.9,69.9,968,50,0.375,0.0701,72.4,2026-05-27T04:34:54.692Z,2026-05-27T04:34:54.702Z,2026-05-27T04:34:54.702Z
1037,5.1,69.8,263,50,0.3594,0.0731,72.4,2026-05-27T04:35:04.009Z,2026-05-27T04:35:04.018Z,2026-05-27T04:35:04.018Z
1038,5.6,69.9,441,50,0.1094,0.0801,72.4,2026-05-27T04:35:16.535Z,2026-05-27T04:35:16.546Z,2026-05-27T04:35:16.546Z
1039,4.4,69.9,0,50,0.2969,0.0629,72.4,2026-05-27T04:35:25.665Z,2026-05-27T04:35:25.673Z,2026-05-27T04:35:25.673Z
1040,2.9,69.9,0,50,0.2344,0.0415,72.4,2026-05-27T04:35:34.785Z,2026-05-27T04:35:34.794Z,2026-05-27T04:35:34.794Z
1041,3.2,69.9,0,162.5,0.0469,0.0458,72.4,2026-05-27T04:35:47.154Z,2026-05-27T04:35:47.164Z,2026-05-27T04:35:47.164Z
1042,5.3,69.9,2137,50,0.2344,0.0758,72.4,2026-05-27T04:35:56.788Z,2026-05-27T04:35:56.796Z,2026-05-27T04:35:56.796Z
1043,4.8,69.9,121,162.5,0.2031,0.0687,72.4,2026-05-27T04:36:06.009Z,2026-05-27T04:36:06.017Z,2026-05-27T04:36:06.017Z
1044,4.2,69.9,0,275,0.1719,0.0601,72.4,2026-05-27T04:36:15.104Z,2026-05-27T04:36:15.113Z,2026-05-27T04:36:15.113Z
1045,10.7,70.1,248,350.15,0.2656,0.1526,72.4,2026-05-27T04:36:27.128Z,2026-05-27T04:36:27.138Z,2026-05-27T04:36:27.138Z
1046,3.9,70.1,84,50,0.0469,0.0556,72.4,2026-05-27T04:36:36.237Z,2026-05-27T04:36:36.246Z,2026-05-27T04:36:36.246Z
1047,6.3,70.1,248,50,0.1406,0.0899,72.4,2026-05-27T04:36:45.493Z,2026-05-27T04:36:45.501Z,2026-05-27T04:36:45.501Z
1048,5,70.1,60,50,0.1094,0.0713,72.4,2026-05-27T04:36:57.987Z,2026-05-27T04:36:57.996Z,2026-05-27T04:36:57.996Z
1049,4,70.1,0,50,0.1875,0.0571,72.4,2026-05-27T04:37:07.350Z,2026-05-27T04:37:07.360Z,2026-05-27T04:37:07.360Z
1050,5,70,84,50,0.2656,0.0714,72.4,2026-05-27T04:37:16.558Z,2026-05-27T04:37:16.570Z,2026-05-27T04:37:16.570Z
1051,3.6,70,0,50,0.0469,0.0514,72.4,2026-05-27T04:37:25.897Z,2026-05-27T04:37:25.906Z,2026-05-27T04:37:25.906Z
1052,3.4,70,0,162.5,0.2188,0.0486,72.4,2026-05-27T04:37:38.142Z,2026-05-27T04:37:38.152Z,2026-05-27T04:37:38.152Z
1053,4.8,70,3815,50,0.2031,0.0686,72.4,2026-05-27T04:37:47.308Z,2026-05-27T04:37:47.324Z,2026-05-27T04:37:47.324Z
1054,4.6,70,139,387.5,0.1875,0.0657,72.4,2026-05-27T04:37:56.499Z,2026-05-27T04:37:56.509Z,2026-05-27T04:37:56.509Z
1055,5.1,70,23448,50,0.625,0.0729,72.4,2026-05-27T04:38:09.030Z,2026-05-27T04:38:09.039Z,2026-05-27T04:38:09.039Z
1056,4.4,70,3791,50,0.2344,0.0629,72.4,2026-05-27T04:38:18.255Z,2026-05-27T04:38:18.272Z,2026-05-27T04:38:18.272Z
1057,6.2,70.1,387,50,0.0781,0.0884,72.4,2026-05-27T04:38:27.352Z,2026-05-27T04:38:27.360Z,2026-05-27T04:38:27.360Z
1058,5,70.1,402,50,0.2344,0.0713,72.4,2026-05-27T04:38:39.598Z,2026-05-27T04:38:39.614Z,2026-05-27T04:38:39.614Z
1059,5.9,70.2,42,50,0.1562,0.084,72.4,2026-05-27T04:38:49.057Z,2026-05-27T04:38:49.069Z,2026-05-27T04:38:49.069Z
1060,5.4,70.2,8656,50,0.0781,0.0769,72.4,2026-05-27T04:38:58.176Z,2026-05-27T04:38:58.187Z,2026-05-27T04:38:58.187Z
1061,6,70.2,9116,162.5,0.1562,0.0855,72.4,2026-05-27T04:39:07.439Z,2026-05-27T04:39:07.448Z,2026-05-27T04:39:07.448Z
1062,3.9,70.2,126,50,0.1406,0.0556,72.4,2026-05-27T04:39:19.829Z,2026-05-27T04:39:19.838Z,2026-05-27T04:39:19.838Z
1063,5.9,70.1,15123,50,0.1406,0.0842,72.4,2026-05-27T04:39:28.989Z,2026-05-27T04:39:28.998Z,2026-05-27T04:39:28.998Z
1064,5.6,70.1,1629,50,0.2188,0.0799,72.4,2026-05-27T04:39:38.146Z,2026-05-27T04:39:38.156Z,2026-05-27T04:39:38.156Z
1065,7.3,70.2,2753,50,0.4375,0.104,72.4,2026-05-27T04:39:50.477Z,2026-05-27T04:39:50.487Z,2026-05-27T04:39:50.487Z
1066,8.9,70.3,1653,199.85,0.3594,0.1266,72.4,2026-05-27T04:39:59.819Z,2026-05-27T04:39:59.830Z,2026-05-27T04:39:59.830Z
1067,7.5,70.4,5437,50,0.4062,0.1065,72.4,2026-05-27T04:40:08.921Z,2026-05-27T04:40:08.929Z,2026-05-27T04:40:08.929Z
1068,4.3,70.3,180,50,0.2188,0.0612,72.4,2026-05-27T04:40:18.210Z,2026-05-27T04:40:18.220Z,2026-05-27T04:40:18.220Z
1069,4.4,70.3,248,162.5,0.1406,0.0626,72.4,2026-05-27T04:40:30.666Z,2026-05-27T04:40:30.675Z,2026-05-27T04:40:30.675Z
1070,3.7,70.3,0,50,0.125,0.0526,72.4,2026-05-27T04:40:40.102Z,2026-05-27T04:40:40.111Z,2026-05-27T04:40:40.111Z
1071,3.6,70.3,848,50,0.0469,0.0512,72.4,2026-05-27T04:40:49.524Z,2026-05-27T04:40:49.534Z,2026-05-27T04:40:49.534Z
1072,4.1,70.3,0,50,0.2656,0.0583,72.4,2026-05-27T04:41:01.177Z,2026-05-27T04:41:01.186Z,2026-05-27T04:41:01.186Z
1073,5.9,70.3,479,320,0.2969,0.0839,72.4,2026-05-27T04:41:10.606Z,2026-05-27T04:41:10.615Z,2026-05-27T04:41:10.615Z
1074,5.2,70.3,3974,50,0.2344,0.074,72.4,2026-05-27T04:41:19.998Z,2026-05-27T04:41:20.007Z,2026-05-27T04:41:20.007Z
1075,5.5,70.2,1262,50,0.0625,0.0783,72.4,2026-05-27T04:41:29.409Z,2026-05-27T04:41:29.419Z,2026-05-27T04:41:29.419Z
1076,4.9,70.2,0,50,0.2969,0.0698,72.4,2026-05-27T04:41:41.304Z,2026-05-27T04:41:41.312Z,2026-05-27T04:41:41.312Z
1077,4.9,70.2,3586,50,0.3125,0.0698,72.4,2026-05-27T04:41:50.707Z,2026-05-27T04:41:50.718Z,2026-05-27T04:41:50.718Z
1078,5.9,70.1,0,162.5,0.3594,0.0842,72.4,2026-05-27T04:42:00.119Z,2026-05-27T04:42:00.128Z,2026-05-27T04:42:00.128Z
1079,3.7,70.1,0,50,0.0781,0.0528,72.4,2026-05-27T04:42:12.002Z,2026-05-27T04:42:12.012Z,2026-05-27T04:42:12.012Z
1080,6,70.2,42,50,0.3281,0.0855,72.4,2026-05-27T04:42:21.414Z,2026-05-27T04:42:21.424Z,2026-05-27T04:42:21.424Z
1081,5.6,70.1,0,50,0.0469,0.0799,72.4,2026-05-27T04:42:30.794Z,2026-05-27T04:42:30.803Z,2026-05-27T04:42:30.803Z
1082,6.4,70.1,0,50,0.3594,0.0913,72.4,2026-05-27T04:42:40.181Z,2026-05-27T04:42:40.189Z,2026-05-27T04:42:40.189Z
1083,4.9,70.1,0,275,0.4375,0.0699,72.4,2026-05-27T04:42:52.079Z,2026-05-27T04:42:52.090Z,2026-05-27T04:42:52.090Z
1084,4.3,70,0,50,0.125,0.0614,72.4,2026-05-27T04:43:01.491Z,2026-05-27T04:43:01.499Z,2026-05-27T04:43:01.499Z
1085,3.9,70,0,50,0.125,0.0557,72.4,2026-05-27T04:43:10.879Z,2026-05-27T04:43:10.888Z,2026-05-27T04:43:10.888Z
1086,3.3,70.1,42,50,0.0938,0.0471,72.4,2026-05-27T04:43:22.759Z,2026-05-27T04:43:22.768Z,2026-05-27T04:43:22.768Z
1087,10.8,71.6,13269,50,0.3438,0.1508,72.4,2026-05-27T04:43:32.160Z,2026-05-27T04:43:32.170Z,2026-05-27T04:43:32.170Z
1088,13.7,70.5,0,350.15,0.1875,0.1943,72.4,2026-05-27T04:43:41.525Z,2026-05-27T04:43:41.534Z,2026-05-27T04:43:41.534Z
1089,16.1,70.8,13903,50,0.25,0.2274,72.4,2026-05-27T04:43:53.425Z,2026-05-27T04:43:53.435Z,2026-05-27T04:43:53.435Z
1090,9.3,70.4,0,50,0.0312,0.1321,72.4,2026-05-27T04:44:02.846Z,2026-05-27T04:44:02.857Z,2026-05-27T04:44:02.857Z
1091,6,70.4,368,50,0.0312,0.0852,72.4,2026-05-27T04:44:12.237Z,2026-05-27T04:44:12.248Z,2026-05-27T04:44:12.248Z
1092,4.6,70.4,1944,50,0.125,0.0653,72.4,2026-05-27T04:44:21.619Z,2026-05-27T04:44:21.628Z,2026-05-27T04:44:21.628Z
1093,5.7,70.3,1668,50,0.1875,0.0811,72.4,2026-05-27T04:44:33.554Z,2026-05-27T04:44:33.563Z,2026-05-27T04:44:33.563Z
1094,6.3,70.4,510,50,0.625,0.0895,72.4,2026-05-27T04:44:42.929Z,2026-05-27T04:44:42.939Z,2026-05-27T04:44:42.939Z
1095,4.7,70.5,476,50,0.4375,0.0667,72.4,2026-05-27T04:44:52.294Z,2026-05-27T04:44:52.304Z,2026-05-27T04:44:52.304Z
1096,6.6,70.5,953,50,0.1562,0.0936,72.4,2026-05-27T04:45:04.193Z,2026-05-27T04:45:04.203Z,2026-05-27T04:45:04.203Z
1097,6.5,70.5,5037,50,0.2656,0.0922,72.4,2026-05-27T04:45:13.603Z,2026-05-27T04:45:13.612Z,2026-05-27T04:45:13.612Z
1098,3.8,70.5,655,162.5,0.1406,0.0539,72.4,2026-05-27T04:45:22.995Z,2026-05-27T04:45:23.004Z,2026-05-27T04:45:23.004Z
1099,5.1,70.5,819,50,0.4531,0.0723,72.4,2026-05-27T04:45:32.387Z,2026-05-27T04:45:32.396Z,2026-05-27T04:45:32.396Z
1100,5.6,70.5,853,50,0.1719,0.0794,72.4,2026-05-27T04:45:44.297Z,2026-05-27T04:45:44.306Z,2026-05-27T04:45:44.306Z
1101,4.4,70.4,1135,125.15,0.4531,0.0625,72.4,2026-05-27T04:45:53.702Z,2026-05-27T04:45:53.712Z,2026-05-27T04:45:53.712Z
1102,8.6,70.4,1564,500,0.1719,0.1222,72.4,2026-05-27T04:46:03.080Z,2026-05-27T04:46:03.090Z,2026-05-27T04:46:03.090Z
1103,5.7,70.4,1193,50,0.1875,0.081,72.4,2026-05-27T04:46:14.989Z,2026-05-27T04:46:14.999Z,2026-05-27T04:46:14.999Z
1104,4.4,70.4,878,50,0.375,0.0625,72.4,2026-05-27T04:46:24.379Z,2026-05-27T04:46:24.390Z,2026-05-27T04:46:24.390Z
1105,5.5,70.4,4806,50,0.2344,0.0781,72.4,2026-05-27T04:46:33.785Z,2026-05-27T04:46:33.794Z,2026-05-27T04:46:33.794Z
1106,8.9,70.4,1061,50,0.2031,0.1264,72.4,2026-05-27T04:46:43.183Z,2026-05-27T04:46:43.191Z,2026-05-27T04:46:43.191Z
1107,5.6,70.5,1323,50,0.5938,0.0794,72.4,2026-05-27T04:46:55.112Z,2026-05-27T04:46:55.121Z,2026-05-27T04:46:55.121Z
1108,4.5,70.5,1428,50,0.3438,0.0638,72.4,2026-05-27T04:47:04.586Z,2026-05-27T04:47:04.602Z,2026-05-27T04:47:04.602Z
1109,10.2,70.4,1269,162.5,0.8125,0.1449,72.4,2026-05-27T04:47:14.029Z,2026-05-27T04:47:14.038Z,2026-05-27T04:47:14.038Z
1110,5.4,70.4,925,50,0.2031,0.0767,72.4,2026-05-27T04:47:26.068Z,2026-05-27T04:47:26.077Z,2026-05-27T04:47:26.077Z
1111,6.6,70.4,1055,50,0.2656,0.0937,72.4,2026-05-27T04:47:35.512Z,2026-05-27T04:47:35.521Z,2026-05-27T04:47:35.521Z
1112,15,69.9,18428,50,0.3438,0.2146,72.4,2026-05-27T04:47:44.815Z,2026-05-27T04:47:44.824Z,2026-05-27T04:47:44.824Z
1113,5.6,69.7,1232,50,0.2969,0.0803,72.4,2026-05-27T04:47:56.688Z,2026-05-27T04:47:56.696Z,2026-05-27T04:47:56.696Z
1114,8.1,69.7,667,50,0.4062,0.1162,72.4,2026-05-27T04:48:06.016Z,2026-05-27T04:48:06.025Z,2026-05-27T04:48:06.025Z
1115,9,70.1,16151,50,0.3281,0.1284,72.4,2026-05-27T04:48:15.237Z,2026-05-27T04:48:15.248Z,2026-05-27T04:48:15.248Z
1116,7.2,70.1,716,50,0.2812,0.1027,72.4,2026-05-27T04:48:24.606Z,2026-05-27T04:48:24.615Z,2026-05-27T04:48:24.615Z
1117,7.1,70.1,1050,50,0.2031,0.1013,72.4,2026-05-27T04:48:36.789Z,2026-05-27T04:48:36.799Z,2026-05-27T04:48:36.799Z
1118,8.4,70.1,967,275,0.2969,0.1198,72.4,2026-05-27T04:48:46.169Z,2026-05-27T04:48:46.178Z,2026-05-27T04:48:46.178Z
1119,8.8,70,3588,50,0.5,0.1257,72.4,2026-05-27T04:48:55.560Z,2026-05-27T04:48:55.569Z,2026-05-27T04:48:55.569Z
1120,6.7,70,884,230,0.25,0.0957,72.4,2026-05-27T04:49:07.587Z,2026-05-27T04:49:07.596Z,2026-05-27T04:49:07.596Z
1121,8.2,70.1,751,50,0.3906,0.117,72.4,2026-05-27T04:49:16.965Z,2026-05-27T04:49:16.976Z,2026-05-27T04:49:16.976Z
1122,6.1,70.1,888,50,0.1719,0.087,72.4,2026-05-27T04:49:26.338Z,2026-05-27T04:49:26.347Z,2026-05-27T04:49:26.347Z
1123,4.4,70.1,1733,50,0.125,0.0628,72.4,2026-05-27T04:49:35.688Z,2026-05-27T04:49:35.696Z,2026-05-27T04:49:35.696Z
1124,5,70.1,1312,50,0.1719,0.0713,72.4,2026-05-27T04:49:47.668Z,2026-05-27T04:49:47.679Z,2026-05-27T04:49:47.679Z
1125,5.6,70.2,752,50,0.2969,0.0798,72.4,2026-05-27T04:49:57.042Z,2026-05-27T04:49:57.053Z,2026-05-27T04:49:57.053Z
1126,4.7,70.1,4378,50,0.3438,0.067,72.4,2026-05-27T04:50:06.404Z,2026-05-27T04:50:06.413Z,2026-05-27T04:50:06.413Z
1127,5.5,70.2,2071,50,0.1562,0.0783,72.4,2026-05-27T04:50:18.373Z,2026-05-27T04:50:18.383Z,2026-05-27T04:50:18.383Z
1128,4,70.2,2186,50,0.25,0.057,72.4,2026-05-27T04:50:27.743Z,2026-05-27T04:50:27.753Z,2026-05-27T04:50:27.753Z
1129,4.3,70.2,5045,275,0.3281,0.0613,72.4,2026-05-27T04:50:37.081Z,2026-05-27T04:50:37.091Z,2026-05-27T04:50:37.091Z
1130,5.3,70.2,2434,50,0.1094,0.0755,72.4,2026-05-27T04:50:46.455Z,2026-05-27T04:50:46.464Z,2026-05-27T04:50:46.464Z
1131,3.8,70.2,1136,50,0.1094,0.0541,72.4,2026-05-27T04:50:58.663Z,2026-05-27T04:50:58.679Z,2026-05-27T04:50:58.679Z
1132,7,70.1,8975,275,0.6406,0.0999,72.4,2026-05-27T04:51:07.993Z,2026-05-27T04:51:08.002Z,2026-05-27T04:51:08.002Z
1133,8.2,70.1,0,50,0.1875,0.117,72.4,2026-05-27T04:51:17.351Z,2026-05-27T04:51:17.360Z,2026-05-27T04:51:17.360Z
1134,4.3,70.1,0,50,0.4375,0.0613,72.4,2026-05-27T04:51:29.449Z,2026-05-27T04:51:29.462Z,2026-05-27T04:51:29.462Z
1135,4.6,70.1,0,50,0.1094,0.0656,72.4,2026-05-27T04:51:38.807Z,2026-05-27T04:51:38.817Z,2026-05-27T04:51:38.817Z
1136,3.1,69.9,0,50,0.1875,0.0443,72.4,2026-05-27T04:51:48.108Z,2026-05-27T04:51:48.116Z,2026-05-27T04:51:48.116Z
1137,5.3,69.8,1893,162.5,0.1562,0.0759,72.4,2026-05-27T04:51:57.494Z,2026-05-27T04:51:57.504Z,2026-05-27T04:51:57.504Z
1138,9.2,70.3,25572,50,0.2812,0.1309,72.4,2026-05-27T04:52:09.557Z,2026-05-27T04:52:09.565Z,2026-05-27T04:52:09.565Z
1139,5.3,70.3,0,50,0.1094,0.0754,72.4,2026-05-27T04:52:18.719Z,2026-05-27T04:52:18.728Z,2026-05-27T04:52:18.728Z
1140,3.9,70.3,0,50,0.1094,0.0555,72.4,2026-05-27T04:52:28.019Z,2026-05-27T04:52:28.027Z,2026-05-27T04:52:28.027Z
1141,6.1,70.2,290,275,0.3281,0.0869,72.4,2026-05-27T04:52:40.285Z,2026-05-27T04:52:40.294Z,2026-05-27T04:52:40.294Z
1142,4.9,70.2,0,50,0.0781,0.0698,72.4,2026-05-27T04:52:49.719Z,2026-05-27T04:52:49.729Z,2026-05-27T04:52:49.729Z
1143,4.2,70.3,0,50,0.25,0.0597,72.4,2026-05-27T04:52:59.117Z,2026-05-27T04:52:59.127Z,2026-05-27T04:52:59.127Z
1144,4.3,70.2,1436,50,0.4375,0.0613,72.4,2026-05-27T04:53:11.059Z,2026-05-27T04:53:11.068Z,2026-05-27T04:53:11.068Z
1145,5.4,70.3,0,162.5,0.0781,0.0768,72.4,2026-05-27T04:53:20.433Z,2026-05-27T04:53:20.442Z,2026-05-27T04:53:20.442Z
1146,7.3,70.4,42,50,0.0938,0.1037,72.4,2026-05-27T04:53:29.732Z,2026-05-27T04:53:29.743Z,2026-05-27T04:53:29.743Z
1147,5.1,70.3,0,500,0.0625,0.0725,72.4,2026-05-27T04:53:39.071Z,2026-05-27T04:53:39.079Z,2026-05-27T04:53:39.079Z
1148,7,70.3,452,50,0.1875,0.0996,72.4,2026-05-27T04:53:51.138Z,2026-05-27T04:53:51.147Z,2026-05-27T04:53:51.147Z
1149,5.3,70.3,438,50,0.1094,0.0754,72.4,2026-05-27T04:54:00.479Z,2026-05-27T04:54:00.493Z,2026-05-27T04:54:00.493Z
1150,6.1,70.3,121,50,0.4531,0.0868,72.4,2026-05-27T04:54:09.803Z,2026-05-27T04:54:09.813Z,2026-05-27T04:54:09.813Z
1151,5.1,70.3,358,50,0.1562,0.0725,72.4,2026-05-27T04:54:21.809Z,2026-05-27T04:54:21.818Z,2026-05-27T04:54:21.818Z
1152,14.5,71,434,50,0.5938,0.2042,72.4,2026-05-27T04:54:31.161Z,2026-05-27T04:54:31.170Z,2026-05-27T04:54:31.170Z
1153,7.5,70.7,917,50,0.1406,0.1061,72.4,2026-05-27T04:54:40.449Z,2026-05-27T04:54:40.459Z,2026-05-27T04:54:40.459Z
1154,4.8,70.6,138,50,0.1875,0.068,72.4,2026-05-27T04:54:49.782Z,2026-05-27T04:54:49.790Z,2026-05-27T04:54:49.790Z
1155,4.5,70.5,559,140,0.2812,0.0638,72.4,2026-05-27T04:55:01.869Z,2026-05-27T04:55:01.878Z,2026-05-27T04:55:01.878Z
1156,4.4,70.3,138,162.5,0.0781,0.0626,72.4,2026-05-27T04:55:11.218Z,2026-05-27T04:55:11.229Z,2026-05-27T04:55:11.229Z
1157,6.5,70.3,5340,50,0.3594,0.0925,72.4,2026-05-27T04:55:20.524Z,2026-05-27T04:55:20.532Z,2026-05-27T04:55:20.532Z
1158,5.5,70.3,121,50,0.3438,0.0782,72.4,2026-05-27T04:55:32.575Z,2026-05-27T04:55:32.584Z,2026-05-27T04:55:32.584Z
1159,5.6,70.4,438,50,0.0781,0.0795,72.4,2026-05-27T04:55:41.910Z,2026-05-27T04:55:41.918Z,2026-05-27T04:55:41.918Z
1160,5.9,70.4,714,50,0.125,0.0838,72.4,2026-05-27T04:55:51.245Z,2026-05-27T04:55:51.253Z,2026-05-27T04:55:51.253Z
1161,4,70.4,19915,50,0.2969,0.0568,72.4,2026-05-27T04:56:00.604Z,2026-05-27T04:56:00.612Z,2026-05-27T04:56:00.612Z
1162,6.8,70.8,0,162.5,0.0781,0.096,72.4,2026-05-27T04:56:12.653Z,2026-05-27T04:56:12.662Z,2026-05-27T04:56:12.662Z
1163,5.4,71.1,0,50,0.25,0.0759,72.4,2026-05-27T04:56:21.969Z,2026-05-27T04:56:21.979Z,2026-05-27T04:56:21.979Z
1164,7.3,71.5,16248,50,0.25,0.1021,72.4,2026-05-27T04:56:31.109Z,2026-05-27T04:56:31.117Z,2026-05-27T04:56:31.117Z
1165,5.7,71.6,0,50,0.2344,0.0796,72.4,2026-05-27T04:56:43.384Z,2026-05-27T04:56:43.395Z,2026-05-27T04:56:43.395Z
1166,4.6,71.6,0,162.5,0.2969,0.0642,72.4,2026-05-27T04:56:52.691Z,2026-05-27T04:56:52.701Z,2026-05-27T04:56:52.701Z
1167,4.8,71.6,14283,50,0.1562,0.067,72.4,2026-05-27T04:57:01.867Z,2026-05-27T04:57:01.877Z,2026-05-27T04:57:01.877Z
1168,3.9,71.5,880,50,0.1719,0.0545,72.4,2026-05-27T04:57:11.204Z,2026-05-27T04:57:11.215Z,2026-05-27T04:57:11.215Z
1169,4.1,71.5,2042,50,0.375,0.0573,72.4,2026-05-27T04:57:23.659Z,2026-05-27T04:57:23.670Z,2026-05-27T04:57:23.670Z
1170,6.2,71.5,0,500,0.2188,0.0867,72.4,2026-05-27T04:57:32.810Z,2026-05-27T04:57:32.819Z,2026-05-27T04:57:32.819Z
1171,4.7,71.5,154,50,0.125,0.0657,72.4,2026-05-27T04:57:41.964Z,2026-05-27T04:57:41.973Z,2026-05-27T04:57:41.973Z
1172,5.5,71.5,289,275,0.2812,0.0769,72.4,2026-05-27T04:57:54.307Z,2026-05-27T04:57:54.317Z,2026-05-27T04:57:54.317Z
1173,6.5,71.5,4960,50,0.2969,0.0909,72.4,2026-05-27T04:58:03.629Z,2026-05-27T04:58:03.638Z,2026-05-27T04:58:03.638Z
1174,4.9,71.5,1506,162.5,0.0625,0.0685,72.4,2026-05-27T04:58:12.747Z,2026-05-27T04:58:12.756Z,2026-05-27T04:58:12.756Z
1175,3.1,71.5,3105,50,0.2031,0.0434,72.4,2026-05-27T04:58:22.030Z,2026-05-27T04:58:22.040Z,2026-05-27T04:58:22.040Z
1176,9.9,71.7,0,140,0.4531,0.1381,72.4,2026-05-27T04:58:34.600Z,2026-05-27T04:58:34.608Z,2026-05-27T04:58:34.608Z
1177,7.3,71.7,0,50,0.0312,0.1018,72.4,2026-05-27T04:58:43.731Z,2026-05-27T04:58:43.739Z,2026-05-27T04:58:43.739Z
1178,6.2,71.6,3837,50,0.2656,0.0866,72.4,2026-05-27T04:58:52.874Z,2026-05-27T04:58:52.883Z,2026-05-27T04:58:52.883Z
1179,4.8,71.7,358,50,0.0938,0.0669,72.4,2026-05-27T04:59:05.213Z,2026-05-27T04:59:05.224Z,2026-05-27T04:59:05.224Z
1180,5.8,71.6,0,50,0.1406,0.081,72.4,2026-05-27T04:59:14.554Z,2026-05-27T04:59:14.562Z,2026-05-27T04:59:14.562Z
1181,7.5,71.4,0,50,0.5,0.105,72.4,2026-05-27T04:59:23.645Z,2026-05-27T04:59:23.654Z,2026-05-27T04:59:23.654Z
1182,3.7,70.8,0,50,0.1094,0.0523,72.4,2026-05-27T04:59:32.825Z,2026-05-27T04:59:32.842Z,2026-05-27T04:59:32.842Z
1183,5.8,71,11852,50,0.2969,0.0817,72.4,2026-05-27T04:59:45.383Z,2026-05-27T04:59:45.391Z,2026-05-27T04:59:45.391Z
1184,7.6,71,0,50,0.2188,0.107,72.4,2026-05-27T04:59:54.560Z,2026-05-27T04:59:54.568Z,2026-05-27T04:59:54.568Z
1185,7.2,71.1,0,50,0.1094,0.1013,72.4,2026-05-27T05:00:03.729Z,2026-05-27T05:00:03.738Z,2026-05-27T05:00:03.738Z
1186,9.6,71.1,0,500,0.2656,0.135,72.4,2026-05-27T05:00:16.008Z,2026-05-27T05:00:16.017Z,2026-05-27T05:00:16.017Z
1187,6.3,71.1,676,50,0.2031,0.0886,72.4,2026-05-27T05:00:25.424Z,2026-05-27T05:00:25.433Z,2026-05-27T05:00:25.433Z
1188,7.7,71.1,0,50,0.375,0.1083,72.4,2026-05-27T05:00:34.564Z,2026-05-27T05:00:34.573Z,2026-05-27T05:00:34.573Z
1189,5.2,71.2,926,275,0.2031,0.073,72.4,2026-05-27T05:00:46.552Z,2026-05-27T05:00:46.562Z,2026-05-27T05:00:46.562Z
1190,6.7,71.2,1396,162.5,0.1719,0.0941,72.4,2026-05-27T05:00:55.927Z,2026-05-27T05:00:55.939Z,2026-05-27T05:00:55.939Z
1191,8.6,71.2,318,50,0.3438,0.1208,72.4,2026-05-27T05:01:05.044Z,2026-05-27T05:01:05.052Z,2026-05-27T05:01:05.052Z
1192,9.9,71.2,5699,50,0.2188,0.139,72.4,2026-05-27T05:01:14.292Z,2026-05-27T05:01:14.301Z,2026-05-27T05:01:14.301Z
1193,7.2,71.3,1830,50,0.2031,0.101,72.4,2026-05-27T05:01:26.856Z,2026-05-27T05:01:26.864Z,2026-05-27T05:01:26.864Z
1194,6.6,71.3,358,162.5,0.1875,0.0926,72.4,2026-05-27T05:01:36.093Z,2026-05-27T05:01:36.102Z,2026-05-27T05:01:36.102Z
1195,7.8,71.3,318,50,0.3281,0.1094,72.4,2026-05-27T05:01:45.224Z,2026-05-27T05:01:45.232Z,2026-05-27T05:01:45.232Z
1196,8.5,71.3,54,50,0.2812,0.1192,72.4,2026-05-27T05:01:57.575Z,2026-05-27T05:01:57.584Z,2026-05-27T05:01:57.584Z
1197,8.5,71.3,318,50,0.3438,0.1192,72.4,2026-05-27T05:02:06.914Z,2026-05-27T05:02:06.925Z,2026-05-27T05:02:06.925Z
1198,8.8,71.2,11487,50,0.3281,0.1236,72.4,2026-05-27T05:02:16.013Z,2026-05-27T05:02:16.021Z,2026-05-27T05:02:16.021Z
1199,8.4,71.2,248,199.85,0.2031,0.118,72.4,2026-05-27T05:02:25.260Z,2026-05-27T05:02:25.273Z,2026-05-27T05:02:25.273Z
1200,11.1,71.1,0,50,0.2656,0.1561,72.4,2026-05-27T05:02:37.766Z,2026-05-27T05:02:37.776Z,2026-05-27T05:02:37.776Z
1201,14.1,70.3,650,162.5,0.2188,0.2006,72.4,2026-05-27T05:02:46.884Z,2026-05-27T05:02:46.892Z,2026-05-27T05:02:46.892Z
1202,8.1,70.3,0,50,0.1875,0.1152,72.4,2026-05-27T05:02:56.072Z,2026-05-27T05:02:56.083Z,2026-05-27T05:02:56.083Z
1203,9.2,70.2,693,50,0.4062,0.1311,72.4,2026-05-27T05:03:08.543Z,2026-05-27T05:03:08.554Z,2026-05-27T05:03:08.554Z
1204,10.5,70.7,84,50,0.1719,0.1485,72.4,2026-05-27T05:03:17.811Z,2026-05-27T05:03:17.821Z,2026-05-27T05:03:17.821Z
1205,9.5,70.8,368,275,0.4375,0.1342,72.4,2026-05-27T05:03:26.953Z,2026-05-27T05:03:26.960Z,2026-05-27T05:03:26.960Z
1206,11.5,70.7,5947,50,0.5781,0.1627,72.4,2026-05-27T05:03:36.237Z,2026-05-27T05:03:36.247Z,2026-05-27T05:03:36.247Z
1207,10.9,70.7,0,50,0.8594,0.1542,72.4,2026-05-27T05:03:48.606Z,2026-05-27T05:03:48.614Z,2026-05-27T05:03:48.614Z
1208,9.8,70.7,139,50,0.4062,0.1386,72.4,2026-05-27T05:03:57.721Z,2026-05-27T05:03:57.732Z,2026-05-27T05:03:57.732Z
1209,12.2,70.6,9083,50,0.5,0.1728,72.4,2026-05-27T05:04:06.910Z,2026-05-27T05:04:06.919Z,2026-05-27T05:04:06.919Z
1210,10.4,70.7,15867,50,0.3125,0.1471,72.4,2026-05-27T05:04:19.352Z,2026-05-27T05:04:19.363Z,2026-05-27T05:04:19.363Z
1211,7.7,70.6,249,50,0.2344,0.1091,72.4,2026-05-27T05:04:28.569Z,2026-05-27T05:04:28.578Z,2026-05-27T05:04:28.578Z
1212,4.2,70.6,5721,50,0.3594,0.0595,72.4,2026-05-27T05:04:37.683Z,2026-05-27T05:04:37.693Z,2026-05-27T05:04:37.693Z
1213,4.3,70.7,15051,50,0.2656,0.0608,72.4,2026-05-27T05:04:47.023Z,2026-05-27T05:04:47.031Z,2026-05-27T05:04:47.031Z
1214,3,70.7,121,50,0.3125,0.0424,72.4,2026-05-27T05:04:59.428Z,2026-05-27T05:04:59.437Z,2026-05-27T05:04:59.437Z
1215,5.3,70.6,3854,50,0.1719,0.0751,72.4,2026-05-27T05:05:08.564Z,2026-05-27T05:05:08.573Z,2026-05-27T05:05:08.573Z
1216,7,70.8,15119,50,0.1875,0.0989,72.4,2026-05-27T05:05:17.742Z,2026-05-27T05:05:17.750Z,2026-05-27T05:05:17.750Z
1217,5.5,70.7,0,50,0.0469,0.0778,72.4,2026-05-27T05:05:30.252Z,2026-05-27T05:05:30.261Z,2026-05-27T05:05:30.261Z
1218,4.2,70.7,3928,50,0.1406,0.0594,72.4,2026-05-27T05:05:39.529Z,2026-05-27T05:05:39.538Z,2026-05-27T05:05:39.538Z
1219,7.9,70.4,0,50,0.1875,0.1122,72.4,2026-05-27T05:05:48.659Z,2026-05-27T05:05:48.669Z,2026-05-27T05:05:48.669Z
1220,5,70.3,2192,275,0.1562,0.0711,72.4,2026-05-27T05:05:57.948Z,2026-05-27T05:05:57.956Z,2026-05-27T05:05:57.956Z
1221,17.3,70.6,3905,50,0.2656,0.245,72.4,2026-05-27T05:06:10.358Z,2026-05-27T05:06:10.369Z,2026-05-27T05:06:10.369Z
1222,7,70.6,0,50,0.3125,0.0992,72.4,2026-05-27T05:06:19.734Z,2026-05-27T05:06:19.743Z,2026-05-27T05:06:19.743Z
1223,5.2,70.5,248,50,0.1094,0.0738,72.4,2026-05-27T05:06:29.105Z,2026-05-27T05:06:29.115Z,2026-05-27T05:06:29.115Z
1224,5.4,70.2,3113,275,0.3906,0.0769,72.4,2026-05-27T05:06:40.993Z,2026-05-27T05:06:41.001Z,2026-05-27T05:06:41.001Z
1225,4.2,70.2,15099,50,0.2812,0.0598,72.4,2026-05-27T05:06:50.345Z,2026-05-27T05:06:50.354Z,2026-05-27T05:06:50.354Z
1226,3.7,70.2,0,50,0.125,0.0527,72.4,2026-05-27T05:06:59.712Z,2026-05-27T05:06:59.723Z,2026-05-27T05:06:59.723Z
1227,5.7,70.6,5761,50,0.3281,0.0807,72.4,2026-05-27T05:07:09.081Z,2026-05-27T05:07:09.091Z,2026-05-27T05:07:09.091Z
1228,4.4,70.6,0,50,0.2656,0.0623,72.4,2026-05-27T05:07:21.059Z,2026-05-27T05:07:21.068Z,2026-05-27T05:07:21.068Z
1229,3.9,70.5,0,50,0.0469,0.0553,72.4,2026-05-27T05:07:30.409Z,2026-05-27T05:07:30.418Z,2026-05-27T05:07:30.418Z
1230,5.8,70.4,1586,50,0.2031,0.0824,72.4,2026-05-27T05:07:39.773Z,2026-05-27T05:07:39.783Z,2026-05-27T05:07:39.783Z
1231,6,70.4,0,50,0.0781,0.0852,72.4,2026-05-27T05:07:51.758Z,2026-05-27T05:07:51.768Z,2026-05-27T05:07:51.768Z
1232,4.6,70.4,55,275,0.125,0.0653,72.4,2026-05-27T05:08:01.198Z,2026-05-27T05:08:01.210Z,2026-05-27T05:08:01.210Z
1233,5.6,70.4,0,275,0.0781,0.0795,72.4,2026-05-27T05:08:10.556Z,2026-05-27T05:08:10.567Z,2026-05-27T05:08:10.567Z
1234,5.6,70.4,360,50,0.125,0.0795,72.4,2026-05-27T05:08:22.586Z,2026-05-27T05:08:22.597Z,2026-05-27T05:08:22.597Z
1235,6.2,70.4,358,162.5,0.0938,0.0881,72.4,2026-05-27T05:08:31.929Z,2026-05-27T05:08:31.938Z,2026-05-27T05:08:31.938Z
1236,3.3,70.5,0,500,0.0625,0.0468,72.4,2026-05-27T05:08:41.489Z,2026-05-27T05:08:41.497Z,2026-05-27T05:08:41.497Z
1237,10,70.6,21502,50,0.1562,0.1416,72.4,2026-05-27T05:08:50.857Z,2026-05-27T05:08:50.866Z,2026-05-27T05:08:50.866Z
1238,5.3,70.5,66,50,0.1094,0.0752,72.4,2026-05-27T05:09:02.849Z,2026-05-27T05:09:02.858Z,2026-05-27T05:09:02.858Z
1239,5.7,70.5,0,50,0.0781,0.0809,72.4,2026-05-27T05:09:12.212Z,2026-05-27T05:09:12.221Z,2026-05-27T05:09:12.221Z
1240,6.2,70.5,2702,50,0.1719,0.0879,72.4,2026-05-27T05:09:21.571Z,2026-05-27T05:09:21.580Z,2026-05-27T05:09:21.580Z
1241,7.4,70.5,0,275,0.4375,0.105,72.4,2026-05-27T05:09:33.559Z,2026-05-27T05:09:33.568Z,2026-05-27T05:09:33.568Z
1242,5.5,70.5,0,50,0.4375,0.078,72.4,2026-05-27T05:09:42.914Z,2026-05-27T05:09:42.925Z,2026-05-27T05:09:42.925Z
1243,7.1,70.5,304,50,0.3594,0.1007,72.4,2026-05-27T05:09:52.284Z,2026-05-27T05:09:52.292Z,2026-05-27T05:09:52.292Z
1244,7.5,70.5,0,275,0.6406,0.1064,72.4,2026-05-27T05:10:01.641Z,2026-05-27T05:10:01.651Z,2026-05-27T05:10:01.651Z
1245,8,70.5,1412,275,0.4219,0.1135,72.4,2026-05-27T05:10:13.648Z,2026-05-27T05:10:13.658Z,2026-05-27T05:10:13.658Z
1246,8.8,70.5,0,350.15,0.5,0.1248,72.4,2026-05-27T05:10:23.013Z,2026-05-27T05:10:23.021Z,2026-05-27T05:10:23.021Z
1247,3.9,70.5,0,50,0.1094,0.0553,72.4,2026-05-27T05:10:32.369Z,2026-05-27T05:10:32.377Z,2026-05-27T05:10:32.377Z
1248,8,70.6,155,162.5,0.25,0.1133,72.4,2026-05-27T05:10:44.389Z,2026-05-27T05:10:44.399Z,2026-05-27T05:10:44.399Z
1249,6.9,70.6,0,50,0.2344,0.0977,72.4,2026-05-27T05:10:53.737Z,2026-05-27T05:10:53.746Z,2026-05-27T05:10:53.746Z
1250,8.5,70.6,0,162.5,0.1875,0.1204,72.4,2026-05-27T05:11:03.076Z,2026-05-27T05:11:03.086Z,2026-05-27T05:11:03.086Z
1251,8.7,70.6,1211,50,0.25,0.1232,72.4,2026-05-27T05:11:12.403Z,2026-05-27T05:11:12.413Z,2026-05-27T05:11:12.413Z
1252,10.5,70.5,0,50,0.2969,0.1489,72.4,2026-05-27T05:11:24.397Z,2026-05-27T05:11:24.407Z,2026-05-27T05:11:24.407Z
1253,15.2,70.6,2832,50,0.2969,0.2153,72.4,2026-05-27T05:11:33.757Z,2026-05-27T05:11:33.765Z,2026-05-27T05:11:33.765Z
1254,8.9,70.6,2953,50,0.4375,0.1261,72.4,2026-05-27T05:11:43.101Z,2026-05-27T05:11:43.111Z,2026-05-27T05:11:43.111Z
1255,9.1,70.7,2832,50,0.2031,0.1287,72.4,2026-05-27T05:11:55.120Z,2026-05-27T05:11:55.130Z,2026-05-27T05:11:55.130Z
1256,6.4,70.6,2816,50,0.25,0.0907,72.4,2026-05-27T05:12:04.457Z,2026-05-27T05:12:04.466Z,2026-05-27T05:12:04.466Z
1257,10.5,70.6,415,50,0.2344,0.1487,72.4,2026-05-27T05:12:13.790Z,2026-05-27T05:12:13.800Z,2026-05-27T05:12:13.800Z
1258,16.3,70.7,4107,50,0.8281,0.2306,72.4,2026-05-27T05:12:23.149Z,2026-05-27T05:12:23.157Z,2026-05-27T05:12:23.157Z
1259,15.8,70.9,138,500,0.5469,0.2228,72.4,2026-05-27T05:12:35.175Z,2026-05-27T05:12:35.185Z,2026-05-27T05:12:35.185Z
1260,7.3,70.8,248,50,0.2344,0.1031,72.4,2026-05-27T05:12:44.550Z,2026-05-27T05:12:44.560Z,2026-05-27T05:12:44.560Z
1261,10.6,70.8,3109,50,0.5469,0.1497,72.4,2026-05-27T05:12:53.971Z,2026-05-27T05:12:53.981Z,2026-05-27T05:12:53.981Z
1262,10.1,70.8,452,50,0.5156,0.1427,72.4,2026-05-27T05:13:05.888Z,2026-05-27T05:13:05.898Z,2026-05-27T05:13:05.898Z
1263,10.4,70.7,0,50,0.4844,0.1471,72.4,2026-05-27T05:13:15.264Z,2026-05-27T05:13:15.273Z,2026-05-27T05:13:15.273Z
1264,12.7,70.9,28145,50,0.2969,0.1791,72.4,2026-05-27T05:13:24.521Z,2026-05-27T05:13:24.529Z,2026-05-27T05:13:24.529Z
1265,13.5,70.8,19726,50,0.7031,0.1907,72.4,2026-05-27T05:13:36.579Z,2026-05-27T05:13:36.591Z,2026-05-27T05:13:36.591Z
1266,12.4,70.8,28293,275,1,0.1751,72.4,2026-05-27T05:13:45.819Z,2026-05-27T05:13:45.829Z,2026-05-27T05:13:45.829Z
1267,11.4,70.9,13718,50,0.4844,0.1608,72.4,2026-05-27T05:13:55.046Z,2026-05-27T05:13:55.055Z,2026-05-27T05:13:55.055Z
1268,11.5,70.9,15447,50,0.4219,0.1622,72.4,2026-05-27T05:14:04.374Z,2026-05-27T05:14:04.382Z,2026-05-27T05:14:04.382Z
1269,11,70.9,0,275,0.3906,0.1551,72.4,2026-05-27T05:14:16.599Z,2026-05-27T05:14:16.610Z,2026-05-27T05:14:16.610Z
1270,12,70.9,320,50,0.2969,0.1693,72.4,2026-05-27T05:14:25.909Z,2026-05-27T05:14:25.918Z,2026-05-27T05:14:25.918Z
1271,12,70.9,248,50,0.4062,0.1693,72.4,2026-05-27T05:14:35.200Z,2026-05-27T05:14:35.210Z,2026-05-27T05:14:35.210Z
1272,11.2,70.9,568,275,0.4688,0.158,72.4,2026-05-27T05:14:47.284Z,2026-05-27T05:14:47.293Z,2026-05-27T05:14:47.293Z
1273,11.5,71,368,50,0.4219,0.162,72.4,2026-05-27T05:14:56.573Z,2026-05-27T05:14:56.582Z,2026-05-27T05:14:56.582Z
1274,11.5,71,375,162.5,0.7188,0.162,72.4,2026-05-27T05:15:05.848Z,2026-05-27T05:15:05.858Z,2026-05-27T05:15:05.858Z
1275,14.4,71.2,0,50,0.5,0.2022,72.4,2026-05-27T05:15:15.170Z,2026-05-27T05:15:15.178Z,2026-05-27T05:15:15.178Z
1276,13.1,71.2,4280,50,0.6406,0.184,72.4,2026-05-27T05:15:27.257Z,2026-05-27T05:15:27.264Z,2026-05-27T05:15:27.264Z
1277,12.5,71.1,310,162.5,0.3125,0.1758,72.4,2026-05-27T05:15:36.552Z,2026-05-27T05:15:36.564Z,2026-05-27T05:15:36.564Z
1278,12.1,71,0,50,0.375,0.1704,72.4,2026-05-27T05:15:45.843Z,2026-05-27T05:15:45.852Z,2026-05-27T05:15:45.852Z
1279,12.2,71.1,2758,50,0.5781,0.1716,72.4,2026-05-27T05:15:57.938Z,2026-05-27T05:15:57.946Z,2026-05-27T05:15:57.946Z
1280,13,71.1,121,50,0.4219,0.1828,72.4,2026-05-27T05:16:07.244Z,2026-05-27T05:16:07.254Z,2026-05-27T05:16:07.254Z
1281,14.1,71.1,0,50,0.3906,0.1983,72.4,2026-05-27T05:16:16.529Z,2026-05-27T05:16:16.537Z,2026-05-27T05:16:16.537Z
1282,13.2,71.1,248,50,1,0.1857,72.4,2026-05-27T05:16:25.851Z,2026-05-27T05:16:25.861Z,2026-05-27T05:16:25.861Z
1283,14.2,71.1,248,50,1.2656,0.1997,72.4,2026-05-27T05:16:37.962Z,2026-05-27T05:16:37.969Z,2026-05-27T05:16:37.969Z
1284,13.1,70.9,0,50,0.8438,0.1848,72.4,2026-05-27T05:16:47.342Z,2026-05-27T05:16:47.353Z,2026-05-27T05:16:47.353Z
1285,23.7,71.1,0,162.5,0.9219,0.3333,72.4,2026-05-27T05:16:56.657Z,2026-05-27T05:16:56.665Z,2026-05-27T05:16:56.665Z
1286,15,71.2,7770,50,1.375,0.2107,72.4,2026-05-27T05:17:08.735Z,2026-05-27T05:17:08.743Z,2026-05-27T05:17:08.743Z
1287,14.3,71.2,0,50,0.8438,0.2008,72.4,2026-05-27T05:17:18.043Z,2026-05-27T05:17:18.054Z,2026-05-27T05:17:18.054Z
1288,12.6,71.2,801,50,0.5,0.177,72.4,2026-05-27T05:17:27.327Z,2026-05-27T05:17:27.336Z,2026-05-27T05:17:27.336Z
1289,12.9,71.1,358,50,0.4375,0.1814,72.4,2026-05-27T05:17:36.614Z,2026-05-27T05:17:36.622Z,2026-05-27T05:17:36.622Z
1290,22.3,70.6,558,50,0.4688,0.3159,72.4,2026-05-27T05:17:48.748Z,2026-05-27T05:17:48.756Z,2026-05-27T05:17:48.756Z
1291,14.2,70.6,138,50,0.5938,0.2011,72.4,2026-05-27T05:17:58.035Z,2026-05-27T05:17:58.044Z,2026-05-27T05:17:58.044Z
1292,25.7,70.5,28332,275,0.8438,0.3645,72.4,2026-05-27T05:18:07.333Z,2026-05-27T05:18:07.344Z,2026-05-27T05:18:07.344Z
1293,14.8,70.6,0,50,0.4688,0.2096,72.4,2026-05-27T05:18:19.482Z,2026-05-27T05:18:19.494Z,2026-05-27T05:18:19.494Z
1294,14.5,70.6,1442,50,0.4375,0.2054,72.4,2026-05-27T05:18:28.790Z,2026-05-27T05:18:28.798Z,2026-05-27T05:18:28.798Z
1295,14.9,70.7,248,50,0.4844,0.2107,72.4,2026-05-27T05:18:38.051Z,2026-05-27T05:18:38.061Z,2026-05-27T05:18:38.061Z
1296,14.8,70.7,13425,50,0.6406,0.2093,72.4,2026-05-27T05:18:47.332Z,2026-05-27T05:18:47.346Z,2026-05-27T05:18:47.346Z
1297,15.4,70.7,0,50,0.5781,0.2178,72.4,2026-05-27T05:18:59.522Z,2026-05-27T05:18:59.534Z,2026-05-27T05:18:59.534Z
1298,16.6,70.6,0,275,0.5156,0.2351,72.4,2026-05-27T05:19:08.703Z,2026-05-27T05:19:08.711Z,2026-05-27T05:19:08.711Z
1299,14.8,70.6,0,50,0.5312,0.2096,72.4,2026-05-27T05:19:17.960Z,2026-05-27T05:19:17.968Z,2026-05-27T05:19:17.968Z
1300,13.8,70.6,42,50,0.5,0.1955,72.4,2026-05-27T05:19:30.225Z,2026-05-27T05:19:30.236Z,2026-05-27T05:19:30.236Z
1301,14.5,70.6,521,50,0.9531,0.2054,72.4,2026-05-27T05:19:39.542Z,2026-05-27T05:19:39.550Z,2026-05-27T05:19:39.550Z
1302,14.9,70.6,0,50,0.6562,0.211,72.4,2026-05-27T05:19:48.743Z,2026-05-27T05:19:48.753Z,2026-05-27T05:19:48.753Z
1303,15.3,70.7,136,162.5,0.5312,0.2164,72.4,2026-05-27T05:19:58.129Z,2026-05-27T05:19:58.138Z,2026-05-27T05:19:58.138Z
1304,17,70.7,4557,50,0.9375,0.2405,72.4,2026-05-27T05:20:10.495Z,2026-05-27T05:20:10.507Z,2026-05-27T05:20:10.507Z
1305,15,70.7,121,350.15,0.6094,0.2122,72.4,2026-05-27T05:20:19.681Z,2026-05-27T05:20:19.690Z,2026-05-27T05:20:19.690Z
1306,16.3,70.7,248,50,0.5625,0.2306,72.4,2026-05-27T05:20:28.846Z,2026-05-27T05:20:28.855Z,2026-05-27T05:20:28.855Z
1307,15.9,70.7,3984,50,0.6094,0.2249,72.4,2026-05-27T05:20:41.259Z,2026-05-27T05:20:41.267Z,2026-05-27T05:20:41.267Z
1308,14.4,70.7,0,50,0.5312,0.2037,72.4,2026-05-27T05:20:50.559Z,2026-05-27T05:20:50.568Z,2026-05-27T05:20:50.568Z
1309,17.2,70.7,358,50,0.6406,0.2433,72.4,2026-05-27T05:20:59.707Z,2026-05-27T05:20:59.723Z,2026-05-27T05:20:59.723Z
1310,17.4,70.8,724,50,0.6094,0.2458,72.4,2026-05-27T05:21:09.017Z,2026-05-27T05:21:09.028Z,2026-05-27T05:21:09.028Z
1311,17.9,70.9,0,50,0.5,0.2525,72.4,2026-05-27T05:21:21.611Z,2026-05-27T05:21:21.619Z,2026-05-27T05:21:21.619Z
1312,16.4,70.9,0,50,0.7031,0.2313,72.4,2026-05-27T05:21:30.681Z,2026-05-27T05:21:30.691Z,2026-05-27T05:21:30.691Z
1313,16.2,70.9,0,50,0.5781,0.2285,72.4,2026-05-27T05:21:39.781Z,2026-05-27T05:21:39.792Z,2026-05-27T05:21:39.792Z
1314,16.4,70.9,13953,275,0.6875,0.2313,72.4,2026-05-27T05:21:52.096Z,2026-05-27T05:21:52.106Z,2026-05-27T05:21:52.106Z
1315,16.7,70.9,0,50,0.6719,0.2355,72.4,2026-05-27T05:22:01.429Z,2026-05-27T05:22:01.440Z,2026-05-27T05:22:01.440Z
1316,17,71,84,410,0.8438,0.2394,72.4,2026-05-27T05:22:10.554Z,2026-05-27T05:22:10.565Z,2026-05-27T05:22:10.565Z
1317,15.4,71,620,50,0.6406,0.2169,72.4,2026-05-27T05:22:22.729Z,2026-05-27T05:22:22.741Z,2026-05-27T05:22:22.741Z
1318,15.9,71,42,50,0.5781,0.2239,72.4,2026-05-27T05:22:32.355Z,2026-05-27T05:22:32.364Z,2026-05-27T05:22:32.364Z
1319,17.1,70.9,0,50,1.0156,0.2412,72.4,2026-05-27T05:22:41.520Z,2026-05-27T05:22:41.541Z,2026-05-27T05:22:41.541Z
1320,16.2,70.9,137,50,0.6406,0.2285,72.4,2026-05-27T05:22:50.613Z,2026-05-27T05:22:50.624Z,2026-05-27T05:22:50.624Z
1321,17.4,70.9,602,50,0.7656,0.2454,72.4,2026-05-27T05:23:03.055Z,2026-05-27T05:23:03.063Z,2026-05-27T05:23:03.063Z
1322,18.2,70.9,138,50,1.0625,0.2567,72.4,2026-05-27T05:23:12.370Z,2026-05-27T05:23:12.379Z,2026-05-27T05:23:12.379Z
1323,16.9,70.9,0,50,0.75,0.2384,72.4,2026-05-27T05:23:21.955Z,2026-05-27T05:23:21.964Z,2026-05-27T05:23:21.964Z
1324,17.4,71,138,50,0.5469,0.2451,72.4,2026-05-27T05:23:34.052Z,2026-05-27T05:23:34.061Z,2026-05-27T05:23:34.061Z
1325,16.9,70.9,155,50,0.6719,0.2384,72.4,2026-05-27T05:23:43.535Z,2026-05-27T05:23:43.542Z,2026-05-27T05:23:43.542Z
1326,18.3,70.7,138,50,0.5469,0.2588,72.4,2026-05-27T05:23:52.748Z,2026-05-27T05:23:52.758Z,2026-05-27T05:23:52.758Z
1327,16.9,70.7,0,50,0.5938,0.239,72.4,2026-05-27T05:24:01.952Z,2026-05-27T05:24:01.961Z,2026-05-27T05:24:01.961Z
1328,19,71.1,24292,50,0.6094,0.2672,72.4,2026-05-27T05:24:14.102Z,2026-05-27T05:24:14.112Z,2026-05-27T05:24:14.112Z
1329,18.3,71,0,50,0.6562,0.2577,72.4,2026-05-27T05:24:23.318Z,2026-05-27T05:24:23.329Z,2026-05-27T05:24:23.329Z
1330,17.3,71,142,50,0.5781,0.2437,72.4,2026-05-27T05:24:32.419Z,2026-05-27T05:24:32.428Z,2026-05-27T05:24:32.428Z
1331,17.5,70.9,923,50,0.9688,0.2468,72.4,2026-05-27T05:24:44.830Z,2026-05-27T05:24:44.845Z,2026-05-27T05:24:44.845Z
1332,18.1,70.7,0,50,0.9688,0.256,72.4,2026-05-27T05:24:54.214Z,2026-05-27T05:24:54.223Z,2026-05-27T05:24:54.223Z
1333,15.5,70.7,0,275,0.5156,0.2192,72.4,2026-05-27T05:25:03.430Z,2026-05-27T05:25:03.441Z,2026-05-27T05:25:03.441Z
1334,21.2,70.4,368,275,0.6094,0.3011,72.4,2026-05-27T05:25:12.656Z,2026-05-27T05:25:12.666Z,2026-05-27T05:25:12.666Z
1335,18.2,70.5,0,50,0.6875,0.2582,72.4,2026-05-27T05:25:25.154Z,2026-05-27T05:25:25.164Z,2026-05-27T05:25:25.164Z
1336,17.5,70.4,121,50,0.6406,0.2486,72.4,2026-05-27T05:25:34.354Z,2026-05-27T05:25:34.363Z,2026-05-27T05:25:34.363Z
1337,17.3,70.4,0,50,0.9219,0.2457,72.4,2026-05-27T05:25:43.486Z,2026-05-27T05:25:43.494Z,2026-05-27T05:25:43.494Z
1338,16.3,70.3,0,50,0.4844,0.2319,72.4,2026-05-27T05:25:55.816Z,2026-05-27T05:25:55.826Z,2026-05-27T05:25:55.826Z
1339,17.7,70.3,138,50,0.6562,0.2518,72.4,2026-05-27T05:26:05.085Z,2026-05-27T05:26:05.098Z,2026-05-27T05:26:05.098Z
1340,19.2,70.7,0,50,0.5469,0.2716,72.4,2026-05-27T05:26:14.183Z,2026-05-27T05:26:14.192Z,2026-05-27T05:26:14.192Z
1341,21.8,69.8,11406,350.15,0.6094,0.3123,72.4,2026-05-27T05:26:23.450Z,2026-05-27T05:26:23.459Z,2026-05-27T05:26:23.459Z
1342,17.2,69.6,0,50,0.5938,0.2471,72.4,2026-05-27T05:26:35.875Z,2026-05-27T05:26:35.886Z,2026-05-27T05:26:35.886Z
1343,17.2,69.5,606,50,1.125,0.2475,72.4,2026-05-27T05:26:44.947Z,2026-05-27T05:26:44.958Z,2026-05-27T05:26:44.958Z
1344,15.7,69.4,0,50,0.7031,0.2262,72.4,2026-05-27T05:26:54.155Z,2026-05-27T05:26:54.164Z,2026-05-27T05:26:54.164Z
1345,17.6,69.7,0,50,0.5156,0.2525,72.4,2026-05-27T05:27:06.567Z,2026-05-27T05:27:06.577Z,2026-05-27T05:27:06.577Z
1346,18.7,69.9,178,50,0.6562,0.2675,72.4,2026-05-27T05:27:15.777Z,2026-05-27T05:27:15.785Z,2026-05-27T05:27:15.785Z
1347,19.1,69.7,0,50,0.5781,0.274,72.4,2026-05-27T05:27:24.860Z,2026-05-27T05:27:24.869Z,2026-05-27T05:27:24.869Z
1348,18.2,69.7,358,50,0.6875,0.2611,72.4,2026-05-27T05:27:34.115Z,2026-05-27T05:27:34.125Z,2026-05-27T05:27:34.125Z
1349,16.2,69.7,160,50,0.9844,0.2324,72.4,2026-05-27T05:27:46.673Z,2026-05-27T05:27:46.716Z,2026-05-27T05:27:46.716Z
1350,18.5,69.7,289,350.15,0.5469,0.2654,72.4,2026-05-27T05:27:55.770Z,2026-05-27T05:27:55.780Z,2026-05-27T05:27:55.780Z
1351,17.3,69.7,0,50,0.5469,0.2482,72.4,2026-05-27T05:28:04.937Z,2026-05-27T05:28:04.947Z,2026-05-27T05:28:04.947Z
1352,18.7,69.7,0,162.5,0.6094,0.2683,72.4,2026-05-27T05:28:17.384Z,2026-05-27T05:28:17.393Z,2026-05-27T05:28:17.393Z
1353,18.3,69.7,13714,199.85,0.5469,0.2626,72.4,2026-05-27T05:28:26.545Z,2026-05-27T05:28:26.558Z,2026-05-27T05:28:26.558Z
1354,18.7,69.8,248,50,0.7344,0.2679,72.4,2026-05-27T05:28:35.634Z,2026-05-27T05:28:35.643Z,2026-05-27T05:28:35.643Z
1355,18.2,69.8,248,50,0.6562,0.2607,72.4,2026-05-27T05:28:44.969Z,2026-05-27T05:28:44.978Z,2026-05-27T05:28:44.978Z
1356,17.3,69.9,88417,50,0.6562,0.2475,72.4,2026-05-27T05:28:57.365Z,2026-05-27T05:28:57.373Z,2026-05-27T05:28:57.373Z
1357,17.9,69.9,121,50,0.7188,0.2561,72.4,2026-05-27T05:29:06.465Z,2026-05-27T05:29:06.474Z,2026-05-27T05:29:06.474Z
1358,18.1,69.8,0,50,0.75,0.2593,72.4,2026-05-27T05:29:15.656Z,2026-05-27T05:29:15.665Z,2026-05-27T05:29:15.665Z
1359,18.7,69.8,3774,50,0.8438,0.2679,72.4,2026-05-27T05:29:28.151Z,2026-05-27T05:29:28.162Z,2026-05-27T05:29:28.162Z
1360,17.9,69.7,0,350.15,0.6562,0.2568,72.4,2026-05-27T05:29:37.318Z,2026-05-27T05:29:37.326Z,2026-05-27T05:29:37.326Z
1361,18.3,69.7,0,50,0.7031,0.2626,72.4,2026-05-27T05:29:46.398Z,2026-05-27T05:29:46.408Z,2026-05-27T05:29:46.408Z
1362,17,69.8,0,50,0.6094,0.2436,72.4,2026-05-27T05:29:55.755Z,2026-05-27T05:29:55.765Z,2026-05-27T05:29:55.765Z
1363,17.7,69.8,13944,50,0.75,0.2536,72.4,2026-05-27T05:30:08.083Z,2026-05-27T05:30:08.092Z,2026-05-27T05:30:08.092Z
1364,21.1,70.3,42,50,0.6094,0.3001,72.4,2026-05-27T05:30:17.165Z,2026-05-27T05:30:17.174Z,2026-05-27T05:30:17.174Z
1365,20.5,70.3,0,50,0.6094,0.2916,72.4,2026-05-27T05:30:26.343Z,2026-05-27T05:30:26.355Z,2026-05-27T05:30:26.355Z
1366,17.8,70.3,14207,500,0.7188,0.2532,72.4,2026-05-27T05:30:38.823Z,2026-05-27T05:30:38.834Z,2026-05-27T05:30:38.834Z
1367,17.7,70.3,248,50,0.625,0.2518,72.4,2026-05-27T05:30:47.955Z,2026-05-27T05:30:47.964Z,2026-05-27T05:30:47.964Z
1368,20,70.2,0,50,0.5312,0.2849,72.4,2026-05-27T05:30:57.075Z,2026-05-27T05:30:57.083Z,2026-05-27T05:30:57.083Z
1369,18.3,70.2,25378,50,0.875,0.2607,72.4,2026-05-27T05:31:06.439Z,2026-05-27T05:31:06.447Z,2026-05-27T05:31:06.447Z
1370,17.4,70.3,0,50,0.7031,0.2475,72.4,2026-05-27T05:31:18.765Z,2026-05-27T05:31:18.773Z,2026-05-27T05:31:18.773Z
1371,19.4,70.3,0,275,0.6562,0.276,72.4,2026-05-27T05:31:27.874Z,2026-05-27T05:31:27.883Z,2026-05-27T05:31:27.883Z
1372,17.9,70.3,647,162.5,0.5781,0.2546,72.4,2026-05-27T05:31:37.060Z,2026-05-27T05:31:37.069Z,2026-05-27T05:31:37.069Z
1373,18,70.3,0,162.5,0.6094,0.256,72.4,2026-05-27T05:31:49.629Z,2026-05-27T05:31:49.641Z,2026-05-27T05:31:49.641Z
1374,18.4,70.4,3484,275,0.7344,0.2614,72.4,2026-05-27T05:31:58.774Z,2026-05-27T05:31:58.784Z,2026-05-27T05:31:58.784Z
1375,19.3,70.3,259,500,0.7656,0.2745,72.4,2026-05-27T05:32:07.942Z,2026-05-27T05:32:07.963Z,2026-05-27T05:32:07.963Z
1376,19.1,70.3,0,50,1.0469,0.2717,72.4,2026-05-27T05:32:17.335Z,2026-05-27T05:32:17.348Z,2026-05-27T05:32:17.348Z
1377,19.8,70.3,6226,50,1.2656,0.2817,72.4,2026-05-27T05:32:29.681Z,2026-05-27T05:32:29.689Z,2026-05-27T05:32:29.689Z
1378,18.3,70.3,314,50,0.7188,0.2603,72.4,2026-05-27T05:32:38.800Z,2026-05-27T05:32:38.808Z,2026-05-27T05:32:38.808Z
1379,24.5,70.7,138,50,1.6094,0.3465,72.4,2026-05-27T05:32:47.935Z,2026-05-27T05:32:47.948Z,2026-05-27T05:32:47.948Z
1380,23.3,69.6,723,50,0.6094,0.3348,72.4,2026-05-27T05:33:00.628Z,2026-05-27T05:33:00.636Z,2026-05-27T05:33:00.636Z
1381,22.1,70,2393,50,0.6719,0.3157,72.4,2026-05-27T05:33:09.740Z,2026-05-27T05:33:09.750Z,2026-05-27T05:33:09.750Z
1382,20.7,70,0,50,0.6875,0.2957,72.4,2026-05-27T05:33:18.826Z,2026-05-27T05:33:18.837Z,2026-05-27T05:33:18.837Z
1383,20.1,70.2,1388,50,0.7656,0.2863,72.4,2026-05-27T05:33:28.297Z,2026-05-27T05:33:28.308Z,2026-05-27T05:33:28.308Z
1384,20,70.1,84,50,0.6406,0.2853,72.4,2026-05-27T05:33:40.546Z,2026-05-27T05:33:40.553Z,2026-05-27T05:33:40.553Z
1385,18.2,70,0,50,0.7031,0.26,72.4,2026-05-27T05:33:49.627Z,2026-05-27T05:33:49.638Z,2026-05-27T05:33:49.638Z
1386,18.5,70,136,275,0.5625,0.2643,72.4,2026-05-27T05:33:58.727Z,2026-05-27T05:33:58.738Z,2026-05-27T05:33:58.738Z
1387,20.5,70,626,500,1.0625,0.2929,72.4,2026-05-27T05:34:11.263Z,2026-05-27T05:34:11.271Z,2026-05-27T05:34:11.271Z
1388,18.7,70.1,0,50,0.9844,0.2668,72.4,2026-05-27T05:34:20.349Z,2026-05-27T05:34:20.360Z,2026-05-27T05:34:20.360Z
1389,18.1,70.1,385,50,0.6094,0.2582,72.4,2026-05-27T05:34:29.444Z,2026-05-27T05:34:29.452Z,2026-05-27T05:34:29.452Z
1390,19.1,70.1,540,199.85,0.5469,0.2725,72.4,2026-05-27T05:34:41.911Z,2026-05-27T05:34:41.920Z,2026-05-27T05:34:41.920Z
1391,17.9,70.1,137,50,0.625,0.2553,72.4,2026-05-27T05:34:51.575Z,2026-05-27T05:34:51.584Z,2026-05-27T05:34:51.584Z
1392,19.4,70,0,50,0.6562,0.2771,72.4,2026-05-27T05:35:01.597Z,2026-05-27T05:35:01.608Z,2026-05-27T05:35:01.608Z
1393,19.7,70.1,0,50,0.7344,0.281,72.4,2026-05-27T05:35:11.664Z,2026-05-27T05:35:11.674Z,2026-05-27T05:35:11.674Z
1394,17.6,70.1,0,50,0.6719,0.2511,72.4,2026-05-27T05:35:21.852Z,2026-05-27T05:35:21.861Z,2026-05-27T05:35:21.861Z
1395,17.4,70.1,0,50,0.6094,0.2482,72.4,2026-05-27T05:35:30.943Z,2026-05-27T05:35:30.952Z,2026-05-27T05:35:30.952Z
1396,18.3,69.9,0,50,0.5469,0.2618,72.4,2026-05-27T05:35:40.705Z,2026-05-27T05:35:40.715Z,2026-05-27T05:35:40.715Z
1397,19.9,70.2,0,50,0.5938,0.2835,72.4,2026-05-27T05:35:52.260Z,2026-05-27T05:35:52.270Z,2026-05-27T05:35:52.270Z
1398,19.3,70.2,0,50,0.9062,0.2749,72.4,2026-05-27T05:36:01.387Z,2026-05-27T05:36:01.397Z,2026-05-27T05:36:01.397Z
1399,19.1,70.2,0,50,1.1406,0.2721,72.4,2026-05-27T05:36:10.550Z,2026-05-27T05:36:10.560Z,2026-05-27T05:36:10.560Z
1400,18.7,70.1,0,50,1.1406,0.2668,72.4,2026-05-27T05:36:20.231Z,2026-05-27T05:36:20.241Z,2026-05-27T05:36:20.241Z
1401,18.8,70.1,0,50,1.0781,0.2682,72.4,2026-05-27T05:36:32.248Z,2026-05-27T05:36:32.258Z,2026-05-27T05:36:32.258Z
1402,17.8,70.1,767,50,0.6719,0.2539,72.4,2026-05-27T05:36:41.438Z,2026-05-27T05:36:41.446Z,2026-05-27T05:36:41.446Z
1403,18.7,70.1,0,50,0.6406,0.2668,72.4,2026-05-27T05:36:50.615Z,2026-05-27T05:36:50.624Z,2026-05-27T05:36:50.624Z
1404,18,70.1,84,350.15,0.7031,0.2568,72.4,2026-05-27T05:37:02.996Z,2026-05-27T05:37:03.005Z,2026-05-27T05:37:03.005Z
1405,19.2,70.1,3808,162.5,0.7188,0.2739,72.4,2026-05-27T05:37:12.213Z,2026-05-27T05:37:12.222Z,2026-05-27T05:37:12.222Z
1406,17.1,70.1,0,50,0.7188,0.2439,72.4,2026-05-27T05:37:21.336Z,2026-05-27T05:37:21.349Z,2026-05-27T05:37:21.349Z
1407,18.3,70,360,350.15,0.6406,0.2614,72.4,2026-05-27T05:37:33.718Z,2026-05-27T05:37:33.729Z,2026-05-27T05:37:33.729Z
1408,18.1,70,1795,50,0.6719,0.2586,72.4,2026-05-27T05:37:42.936Z,2026-05-27T05:37:42.946Z,2026-05-27T05:37:42.946Z
1409,18.1,70.1,1136,50,0.625,0.2582,72.4,2026-05-27T05:37:52.024Z,2026-05-27T05:37:52.033Z,2026-05-27T05:37:52.033Z
1410,17.8,70.1,318,50,0.5938,0.2539,72.4,2026-05-27T05:38:01.225Z,2026-05-27T05:38:01.236Z,2026-05-27T05:38:01.236Z
1411,18.3,70.1,2159,50,0.6094,0.2611,72.4,2026-05-27T05:38:13.728Z,2026-05-27T05:38:13.738Z,2026-05-27T05:38:13.738Z
1412,19.7,70.2,16618,50,1.0312,0.2806,72.4,2026-05-27T05:38:22.952Z,2026-05-27T05:38:22.959Z,2026-05-27T05:38:22.959Z
1413,18.5,70.2,0,50,1.1562,0.2635,72.4,2026-05-27T05:38:32.041Z,2026-05-27T05:38:32.048Z,2026-05-27T05:38:32.048Z
1414,18,70.2,653,350.15,0.6562,0.2564,72.4,2026-05-27T05:38:44.519Z,2026-05-27T05:38:44.529Z,2026-05-27T05:38:44.529Z
1415,18.3,70.3,0,50,0.6094,0.2603,72.4,2026-05-27T05:38:53.911Z,2026-05-27T05:38:53.925Z,2026-05-27T05:38:53.925Z
1416,19.1,70,318,500,0.5938,0.2729,72.4,2026-05-27T05:39:03.259Z,2026-05-27T05:39:03.269Z,2026-05-27T05:39:03.269Z
1417,20.9,70.4,1265,50,0.7188,0.2969,72.4,2026-05-27T05:39:12.595Z,2026-05-27T05:39:12.605Z,2026-05-27T05:39:12.605Z
1418,18.5,70.3,1055,50,0.5469,0.2632,72.4,2026-05-27T05:39:24.594Z,2026-05-27T05:39:24.604Z,2026-05-27T05:39:24.604Z
1419,20.1,70.3,0,500,0.8594,0.2859,72.4,2026-05-27T05:39:33.933Z,2026-05-27T05:39:33.943Z,2026-05-27T05:39:33.943Z
1420,18.9,70.2,877,50,0.8281,0.2692,72.4,2026-05-27T05:39:43.274Z,2026-05-27T05:39:43.283Z,2026-05-27T05:39:43.283Z
1421,19,70.1,0,50,0.6719,0.271,72.4,2026-05-27T05:39:55.251Z,2026-05-27T05:39:55.263Z,2026-05-27T05:39:55.263Z
1422,18.6,70.2,1311,50,0.9531,0.265,72.4,2026-05-27T05:40:04.571Z,2026-05-27T05:40:04.583Z,2026-05-27T05:40:04.583Z
1423,18.6,70.3,4169,50,0.6719,0.2646,72.4,2026-05-27T05:40:13.923Z,2026-05-27T05:40:13.933Z,2026-05-27T05:40:13.933Z
1424,18.2,70.2,654,50,0.6562,0.2593,72.4,2026-05-27T05:40:23.287Z,2026-05-27T05:40:23.296Z,2026-05-27T05:40:23.296Z
1425,17.3,70.2,810,50,0.625,0.2464,72.4,2026-05-27T05:40:35.249Z,2026-05-27T05:40:35.257Z,2026-05-27T05:40:35.257Z
1426,18.7,70.2,948,50,0.7188,0.2664,72.4,2026-05-27T05:40:44.668Z,2026-05-27T05:40:44.676Z,2026-05-27T05:40:44.676Z
1427,18.2,70.2,0,275,0.4688,0.2593,72.4,2026-05-27T05:40:53.993Z,2026-05-27T05:40:54.004Z,2026-05-27T05:40:54.004Z
1428,17.4,70.2,121,50,0.5469,0.2479,72.4,2026-05-27T05:41:05.936Z,2026-05-27T05:41:05.946Z,2026-05-27T05:41:05.946Z
1429,19.5,70.2,0,50,0.6406,0.2778,72.4,2026-05-27T05:41:15.247Z,2026-05-27T05:41:15.255Z,2026-05-27T05:41:15.255Z
1430,18.9,70.2,0,50,0.6562,0.2692,72.4,2026-05-27T05:41:24.596Z,2026-05-27T05:41:24.608Z,2026-05-27T05:41:24.608Z
1431,18.7,70.2,0,50,0.7188,0.2664,72.4,2026-05-27T05:41:33.940Z,2026-05-27T05:41:33.952Z,2026-05-27T05:41:33.952Z
1432,18.3,70.3,0,50,0.6094,0.2603,72.4,2026-05-27T05:41:45.915Z,2026-05-27T05:41:45.926Z,2026-05-27T05:41:45.926Z
1433,18.3,70.2,84,50,0.6562,0.2607,72.4,2026-05-27T05:41:55.248Z,2026-05-27T05:41:55.256Z,2026-05-27T05:41:55.256Z
1434,17.6,70.2,0,50,0.6719,0.2507,72.4,2026-05-27T05:42:04.596Z,2026-05-27T05:42:04.607Z,2026-05-27T05:42:04.607Z
1435,19.5,70.2,178,50,0.6719,0.2778,72.4,2026-05-27T05:42:16.560Z,2026-05-27T05:42:16.569Z,2026-05-27T05:42:16.569Z
1436,18.2,70.2,410,50,0.6406,0.2593,72.4,2026-05-27T05:42:25.893Z,2026-05-27T05:42:25.907Z,2026-05-27T05:42:25.907Z
1437,18.1,70.2,248,50,0.6875,0.2578,72.4,2026-05-27T05:42:35.276Z,2026-05-27T05:42:35.284Z,2026-05-27T05:42:35.284Z
1438,17.7,70.2,0,275,0.4844,0.2521,72.4,2026-05-27T05:42:44.621Z,2026-05-27T05:42:44.630Z,2026-05-27T05:42:44.630Z
1439,19,70.2,0,50,0.6719,0.2707,72.4,2026-05-27T05:42:56.582Z,2026-05-27T05:42:56.590Z,2026-05-27T05:42:56.590Z
1440,17.7,70.2,0,275,0.6094,0.2521,72.4,2026-05-27T05:43:05.924Z,2026-05-27T05:43:05.934Z,2026-05-27T05:43:05.934Z
1441,18.3,70.2,0,500,0.6562,0.2607,72.4,2026-05-27T05:43:15.265Z,2026-05-27T05:43:15.275Z,2026-05-27T05:43:15.275Z
1442,21.7,69.8,14708,50,0.5938,0.3109,72.4,2026-05-27T05:43:27.248Z,2026-05-27T05:43:27.257Z,2026-05-27T05:43:27.257Z
1443,24.3,70.5,2832,50,0.7031,0.3447,72.4,2026-05-27T05:43:36.572Z,2026-05-27T05:43:36.580Z,2026-05-27T05:43:36.580Z
1444,20.1,69.8,1396,50,0.7031,0.288,72.4,2026-05-27T05:43:45.909Z,2026-05-27T05:43:45.922Z,2026-05-27T05:43:45.922Z
1445,27.9,70.6,1576,50,0.6094,0.3952,72.4,2026-05-27T05:43:57.922Z,2026-05-27T05:43:57.933Z,2026-05-27T05:43:57.933Z
1446,21.2,70.1,1428,50,0.6719,0.3024,72.4,2026-05-27T05:44:07.265Z,2026-05-27T05:44:07.275Z,2026-05-27T05:44:07.275Z
1447,21.2,70.1,5016,50,1,0.3024,72.4,2026-05-27T05:44:16.612Z,2026-05-27T05:44:16.621Z,2026-05-27T05:44:16.621Z
1448,19.1,70,1143,500,0.7344,0.2729,72.4,2026-05-27T05:44:25.907Z,2026-05-27T05:44:25.918Z,2026-05-27T05:44:25.918Z
1449,18.2,70,332,50,0.6719,0.26,72.4,2026-05-27T05:44:37.928Z,2026-05-27T05:44:37.939Z,2026-05-27T05:44:37.939Z
1450,17.9,70,495,275,0.5469,0.2557,72.4,2026-05-27T05:44:47.269Z,2026-05-27T05:44:47.288Z,2026-05-27T05:44:47.288Z
1451,18.8,70,3947,50,0.8906,0.2686,72.4,2026-05-27T05:44:56.520Z,2026-05-27T05:44:56.531Z,2026-05-27T05:44:56.531Z
1452,19.6,70,539,50,0.625,0.28,72.4,2026-05-27T05:45:08.720Z,2026-05-27T05:45:08.728Z,2026-05-27T05:45:08.728Z
1453,20.1,70.1,0,50,0.75,0.2867,72.4,2026-05-27T05:45:18.076Z,2026-05-27T05:45:18.085Z,2026-05-27T05:45:18.085Z
1454,17.8,70.1,3331,50,0.6094,0.2539,72.4,2026-05-27T05:45:27.254Z,2026-05-27T05:45:27.263Z,2026-05-27T05:45:27.263Z
1455,18.8,70.1,0,50,0.625,0.2682,72.4,2026-05-27T05:45:36.506Z,2026-05-27T05:45:36.515Z,2026-05-27T05:45:36.515Z
1456,17.7,70.1,2295,50,0.7188,0.2525,72.4,2026-05-27T05:45:48.807Z,2026-05-27T05:45:48.816Z,2026-05-27T05:45:48.816Z
1457,17.3,70,0,275,0.5469,0.2471,72.4,2026-05-27T05:45:57.981Z,2026-05-27T05:45:57.988Z,2026-05-27T05:45:57.988Z
1458,20.8,70.3,15439,50,1.4062,0.2959,72.4,2026-05-27T05:46:07.102Z,2026-05-27T05:46:07.109Z,2026-05-27T05:46:07.109Z
1459,18.4,70.2,0,50,0.7188,0.2621,72.4,2026-05-27T05:46:19.492Z,2026-05-27T05:46:19.502Z,2026-05-27T05:46:19.502Z
1460,23.6,70.2,247,162.5,0.5469,0.3362,72.4,2026-05-27T05:46:28.882Z,2026-05-27T05:46:28.890Z,2026-05-27T05:46:28.890Z
1461,19.2,70.1,0,50,1.2188,0.2739,72.4,2026-05-27T05:46:38.006Z,2026-05-27T05:46:38.017Z,2026-05-27T05:46:38.017Z
1462,18.1,70,248,50,0.6406,0.2586,72.4,2026-05-27T05:46:47.256Z,2026-05-27T05:46:47.265Z,2026-05-27T05:46:47.265Z
1463,18.4,70.1,121,350.15,0.5469,0.2625,72.4,2026-05-27T05:46:59.573Z,2026-05-27T05:46:59.584Z,2026-05-27T05:46:59.584Z
1464,19.9,70.3,121,50,0.625,0.2831,72.4,2026-05-27T05:47:08.732Z,2026-05-27T05:47:08.742Z,2026-05-27T05:47:08.742Z
1465,18.5,70.2,0,50,0.625,0.2635,72.4,2026-05-27T05:47:17.922Z,2026-05-27T05:47:17.929Z,2026-05-27T05:47:17.929Z
1466,18.1,70.2,0,50,0.625,0.2578,72.4,2026-05-27T05:47:30.300Z,2026-05-27T05:47:30.309Z,2026-05-27T05:47:30.309Z
1467,17.8,70.2,0,50,0.6875,0.2536,72.4,2026-05-27T05:47:39.505Z,2026-05-27T05:47:39.516Z,2026-05-27T05:47:39.516Z
1468,18.5,70.2,137,162.5,0.5938,0.2635,72.4,2026-05-27T05:47:48.724Z,2026-05-27T05:47:48.738Z,2026-05-27T05:47:48.738Z
1469,31.6,69.7,3401,50,0.6406,0.4534,72.4,2026-05-27T05:47:57.958Z,2026-05-27T05:47:57.966Z,2026-05-27T05:47:57.966Z
1470,19.5,69.7,258,50,0.75,0.2798,72.4,2026-05-27T05:48:10.576Z,2026-05-27T05:48:10.585Z,2026-05-27T05:48:10.585Z
1471,19,69.8,0,50,0.7344,0.2722,72.4,2026-05-27T05:48:19.691Z,2026-05-27T05:48:19.701Z,2026-05-27T05:48:19.701Z
1472,18.8,69.8,3328,50,1.1406,0.2693,72.4,2026-05-27T05:48:28.824Z,2026-05-27T05:48:28.834Z,2026-05-27T05:48:28.834Z
1473,19.7,69.5,0,50,1.1094,0.2835,72.4,2026-05-27T05:48:41.133Z,2026-05-27T05:48:41.143Z,2026-05-27T05:48:41.143Z
1474,19.3,69.5,0,50,1.0469,0.2777,72.4,2026-05-27T05:48:50.561Z,2026-05-27T05:48:50.570Z,2026-05-27T05:48:50.570Z
1475,18.4,69.5,74147,162.5,0.6094,0.2647,72.4,2026-05-27T05:48:59.726Z,2026-05-27T05:48:59.736Z,2026-05-27T05:48:59.736Z
1476,24.7,69.7,16229,50,1.0156,0.3544,72.4,2026-05-27T05:49:08.932Z,2026-05-27T05:49:08.943Z,2026-05-27T05:49:08.943Z
1477,20.2,69.9,0,50,0.7188,0.289,72.4,2026-05-27T05:49:21.260Z,2026-05-27T05:49:21.272Z,2026-05-27T05:49:21.272Z
1478,18.5,69.9,139,275,0.6406,0.2647,72.4,2026-05-27T05:49:30.381Z,2026-05-27T05:49:30.390Z,2026-05-27T05:49:30.390Z
1479,19,69.8,2191,50,0.75,0.2722,72.4,2026-05-27T05:49:39.547Z,2026-05-27T05:49:39.557Z,2026-05-27T05:49:39.557Z
1480,18.9,69.8,262,500,0.7344,0.2708,72.4,2026-05-27T05:49:51.955Z,2026-05-27T05:49:51.965Z,2026-05-27T05:49:51.965Z
1481,20.4,69.6,0,50,0.6719,0.2931,72.4,2026-05-27T05:50:01.132Z,2026-05-27T05:50:01.142Z,2026-05-27T05:50:01.142Z
1482,19.3,69.5,275,50,0.6719,0.2777,72.4,2026-05-27T05:50:10.222Z,2026-05-27T05:50:10.231Z,2026-05-27T05:50:10.231Z
1483,19,69.6,0,50,1,0.273,72.4,2026-05-27T05:50:19.471Z,2026-05-27T05:50:19.480Z,2026-05-27T05:50:19.480Z
1484,18.2,69.6,137,50,0.5781,0.2615,72.4,2026-05-27T05:50:31.933Z,2026-05-27T05:50:31.942Z,2026-05-27T05:50:31.942Z
1485,18.7,69.6,0,50,0.7031,0.2687,72.4,2026-05-27T05:50:41.036Z,2026-05-27T05:50:41.045Z,2026-05-27T05:50:41.045Z
1486,18.3,69.6,419,50,0.6719,0.2629,72.4,2026-05-27T05:50:50.195Z,2026-05-27T05:50:50.204Z,2026-05-27T05:50:50.204Z
1487,18,69.4,71,50,0.875,0.2594,72.4,2026-05-27T05:51:02.706Z,2026-05-27T05:51:02.719Z,2026-05-27T05:51:02.719Z
1488,20.6,69.5,13850,50,0.7969,0.2964,72.4,2026-05-27T05:51:11.885Z,2026-05-27T05:51:11.896Z,2026-05-27T05:51:11.896Z
1489,18,69.7,368,275,0.5938,0.2582,72.4,2026-05-27T05:51:21.005Z,2026-05-27T05:51:21.015Z,2026-05-27T05:51:21.015Z
1490,18.4,69.7,2542,275,0.7031,0.264,72.4,2026-05-27T05:51:30.278Z,2026-05-27T05:51:30.288Z,2026-05-27T05:51:30.288Z
1491,19.9,69.8,0,50,0.6562,0.2851,72.4,2026-05-27T05:51:42.661Z,2026-05-27T05:51:42.671Z,2026-05-27T05:51:42.671Z
1492,17.6,69.9,0,50,0.6562,0.2518,72.4,2026-05-27T05:51:51.749Z,2026-05-27T05:51:51.760Z,2026-05-27T05:51:51.760Z
1493,19.7,70.1,610,50,0.625,0.281,72.4,2026-05-27T05:52:00.916Z,2026-05-27T05:52:00.928Z,2026-05-27T05:52:00.928Z
1494,19,70,84,50,0.6094,0.2714,72.4,2026-05-27T05:52:13.397Z,2026-05-27T05:52:13.408Z,2026-05-27T05:52:13.408Z
1495,19.3,70.1,0,387.5,1.0312,0.2753,72.4,2026-05-27T05:52:22.601Z,2026-05-27T05:52:22.611Z,2026-05-27T05:52:22.611Z
1496,17.9,70.1,458,50,1.0938,0.2553,72.4,2026-05-27T05:52:31.699Z,2026-05-27T05:52:31.719Z,2026-05-27T05:52:31.719Z
1497,19.1,70.1,3138,50,1.0625,0.2725,72.4,2026-05-27T05:52:41.086Z,2026-05-27T05:52:41.096Z,2026-05-27T05:52:41.096Z
1498,17.9,70.1,0,50,0.9375,0.2553,72.4,2026-05-27T05:52:53.427Z,2026-05-27T05:52:53.437Z,2026-05-27T05:52:53.437Z
1499,18.4,70.1,2941,50,0.8281,0.2625,72.4,2026-05-27T05:53:02.536Z,2026-05-27T05:53:02.548Z,2026-05-27T05:53:02.548Z
1500,20.3,70.2,21312,50,1.0469,0.2892,72.4,2026-05-27T05:53:11.714Z,2026-05-27T05:53:11.724Z,2026-05-27T05:53:11.724Z
1501,18.7,70.1,0,50,0.625,0.2668,72.4,2026-05-27T05:53:24.133Z,2026-05-27T05:53:24.144Z,2026-05-27T05:53:24.144Z
1502,19.4,70.3,3039,50,0.7344,0.276,72.4,2026-05-27T05:53:33.306Z,2026-05-27T05:53:33.314Z,2026-05-27T05:53:33.314Z
1503,18.8,70.2,0,50,0.6875,0.2678,72.4,2026-05-27T05:53:42.404Z,2026-05-27T05:53:42.415Z,2026-05-27T05:53:42.415Z
1504,19.1,70.3,14020,50,0.7812,0.2717,72.4,2026-05-27T05:53:51.787Z,2026-05-27T05:53:51.798Z,2026-05-27T05:53:51.798Z
1505,18.5,70.3,3740,50,1.0469,0.2632,72.4,2026-05-27T05:54:04.169Z,2026-05-27T05:54:04.188Z,2026-05-27T05:54:04.188Z
1506,22.5,70.4,2970,50,1.0312,0.3196,72.4,2026-05-27T05:54:13.243Z,2026-05-27T05:54:13.254Z,2026-05-27T05:54:13.254Z
1507,21.8,70.4,44536,50,1.4844,0.3097,72.4,2026-05-27T05:54:22.425Z,2026-05-27T05:54:22.452Z,2026-05-27T05:54:22.452Z
1508,14.3,71.3,6695,50,0.3281,0.2006,72.4,2026-05-27T05:54:35.230Z,2026-05-27T05:54:35.239Z,2026-05-27T05:54:35.239Z
1509,8.6,70.1,121,50,0.2031,0.1227,72.4,2026-05-27T05:54:44.885Z,2026-05-27T05:54:44.895Z,2026-05-27T05:54:44.895Z
1510,3.5,70.1,138,50,0.2344,0.0499,72.4,2026-05-27T05:54:54.992Z,2026-05-27T05:54:55.003Z,2026-05-27T05:54:55.003Z
1511,6.5,70,19122,50,0.3594,0.0929,72.4,2026-05-27T05:55:05.719Z,2026-05-27T05:55:05.730Z,2026-05-27T05:55:05.730Z
1512,6.2,70.1,6524,50,0.3594,0.0884,72.4,2026-05-27T05:55:15.112Z,2026-05-27T05:55:15.120Z,2026-05-27T05:55:15.120Z
1513,4,70.1,0,162.5,0.1406,0.0571,72.4,2026-05-27T05:55:24.259Z,2026-05-27T05:55:24.268Z,2026-05-27T05:55:24.268Z
1514,3.9,70.1,3893,50,0.2031,0.0556,72.4,2026-05-27T05:55:34.311Z,2026-05-27T05:55:34.320Z,2026-05-27T05:55:34.320Z
1515,3.2,70,154,50,0.0625,0.0457,72.4,2026-05-27T05:55:45.691Z,2026-05-27T05:55:45.700Z,2026-05-27T05:55:45.700Z
1516,4.4,70,0,275,0.0781,0.0629,72.4,2026-05-27T05:55:55.043Z,2026-05-27T05:55:55.051Z,2026-05-27T05:55:55.051Z
1517,6,70,3949,162.5,0.2812,0.0857,72.4,2026-05-27T05:56:04.241Z,2026-05-27T05:56:04.253Z,2026-05-27T05:56:04.253Z
1518,5,69.9,4447,50,0.3438,0.0715,72.4,2026-05-27T05:56:16.435Z,2026-05-27T05:56:16.445Z,2026-05-27T05:56:16.445Z
1519,3.7,70,0,50,0.0469,0.0529,72.4,2026-05-27T05:56:25.704Z,2026-05-27T05:56:25.714Z,2026-05-27T05:56:25.714Z
1520,6.6,70,5978,50,0.2812,0.0943,72.4,2026-05-27T05:56:34.841Z,2026-05-27T05:56:34.850Z,2026-05-27T05:56:34.850Z
1521,4.7,70,2145,50,0.1094,0.0671,72.4,2026-05-27T05:56:44.248Z,2026-05-27T05:56:44.258Z,2026-05-27T05:56:44.258Z
1522,4,70,0,275,0.1094,0.0571,72.4,2026-05-27T05:56:56.444Z,2026-05-27T05:56:56.455Z,2026-05-27T05:56:56.455Z
1523,4.9,69.9,3252,50,0.5781,0.0701,72.4,2026-05-27T05:57:05.573Z,2026-05-27T05:57:05.583Z,2026-05-27T05:57:05.583Z
1524,5,69.9,0,50,0.2344,0.0715,72.4,2026-05-27T05:57:14.769Z,2026-05-27T05:57:14.779Z,2026-05-27T05:57:14.779Z
1525,4.8,69.9,0,199.85,0.0781,0.0687,72.4,2026-05-27T05:57:27.309Z,2026-05-27T05:57:27.320Z,2026-05-27T05:57:27.320Z
1526,5.2,69.9,3342,162.5,0.1719,0.0744,72.4,2026-05-27T05:57:36.432Z,2026-05-27T05:57:36.441Z,2026-05-27T05:57:36.441Z
1527,5.4,69.9,875,50,0.0469,0.0773,72.4,2026-05-27T05:57:45.578Z,2026-05-27T05:57:45.588Z,2026-05-27T05:57:45.588Z
1528,4.8,69.6,0,50,0.1406,0.069,72.4,2026-05-27T05:57:55.061Z,2026-05-27T05:57:55.077Z,2026-05-27T05:57:55.077Z
1529,5.1,69.6,1213,50,0.125,0.0733,72.4,2026-05-27T05:58:07.312Z,2026-05-27T05:58:07.319Z,2026-05-27T05:58:07.319Z
1530,6,70,0,50,0.1719,0.0857,72.4,2026-05-27T05:58:16.447Z,2026-05-27T05:58:16.456Z,2026-05-27T05:58:16.456Z
1531,7.4,70,25201,50,0.1406,0.1057,72.4,2026-05-27T05:58:25.594Z,2026-05-27T05:58:25.602Z,2026-05-27T05:58:25.602Z
1532,7.8,70.1,453,50,0.0938,0.1113,72.4,2026-05-27T05:58:38.227Z,2026-05-27T05:58:38.235Z,2026-05-27T05:58:38.235Z
1533,10.3,70,31674,50,0.4219,0.1471,72.4,2026-05-27T05:58:47.495Z,2026-05-27T05:58:47.503Z,2026-05-27T05:58:47.503Z
1534,12.3,70,0,50,0.625,0.1757,72.4,2026-05-27T05:58:56.615Z,2026-05-27T05:58:56.625Z,2026-05-27T05:58:56.625Z
1535,7,70,10622,50,0.4062,0.1,72.4,2026-05-27T05:59:08.882Z,2026-05-27T05:59:08.891Z,2026-05-27T05:59:08.891Z
1536,6.6,70,358,50,0.2344,0.0943,72.4,2026-05-27T05:59:18.274Z,2026-05-27T05:59:18.282Z,2026-05-27T05:59:18.282Z
1537,8.1,70,0,50,0.1562,0.1157,72.4,2026-05-27T05:59:27.630Z,2026-05-27T05:59:27.642Z,2026-05-27T05:59:27.642Z
1538,8.4,70,0,50,0.6719,0.12,72.4,2026-05-27T05:59:37.004Z,2026-05-27T05:59:37.013Z,2026-05-27T05:59:37.013Z
1539,8.3,70,4040,50,0.4531,0.1186,72.4,2026-05-27T05:59:48.980Z,2026-05-27T05:59:48.989Z,2026-05-27T05:59:48.989Z
1540,6.9,70,0,275,0.3281,0.0986,72.4,2026-05-27T05:59:58.338Z,2026-05-27T05:59:58.348Z,2026-05-27T05:59:58.348Z
1541,11.1,70.2,75872,162.5,1.3906,0.1581,72.4,2026-05-27T06:00:07.682Z,2026-05-27T06:00:07.691Z,2026-05-27T06:00:07.691Z
1542,11,70.2,142,162.5,0.5625,0.1567,72.4,2026-05-27T06:00:19.735Z,2026-05-27T06:00:19.744Z,2026-05-27T06:00:19.744Z
1543,7.8,70.1,248,50,0.3125,0.1113,72.4,2026-05-27T06:00:29.068Z,2026-05-27T06:00:29.076Z,2026-05-27T06:00:29.076Z
1544,8.1,70.2,248,50,0.2344,0.1154,72.4,2026-05-27T06:00:38.440Z,2026-05-27T06:00:38.448Z,2026-05-27T06:00:38.448Z
1545,8,69.9,282,50,0.2188,0.1144,72.4,2026-05-27T06:00:47.756Z,2026-05-27T06:00:47.766Z,2026-05-27T06:00:47.766Z
1546,9.4,69.9,2518,50,0.4062,0.1345,72.4,2026-05-27T06:00:59.825Z,2026-05-27T06:00:59.836Z,2026-05-27T06:00:59.836Z
1547,11.2,70.3,0,50,0.3594,0.1593,72.4,2026-05-27T06:01:09.158Z,2026-05-27T06:01:09.168Z,2026-05-27T06:01:09.168Z
1548,10,70.3,0,50,0.1875,0.1422,72.4,2026-05-27T06:01:18.502Z,2026-05-27T06:01:18.511Z,2026-05-27T06:01:18.511Z
1549,10.3,70.3,4133,50,0.5312,0.1465,72.4,2026-05-27T06:01:30.521Z,2026-05-27T06:01:30.530Z,2026-05-27T06:01:30.530Z
1550,9.5,70.2,0,50,0.4844,0.1353,72.4,2026-05-27T06:01:39.846Z,2026-05-27T06:01:39.856Z,2026-05-27T06:01:39.856Z
1551,9.5,70.2,318,50,0.8125,0.1353,72.4,2026-05-27T06:01:49.166Z,2026-05-27T06:01:49.176Z,2026-05-27T06:01:49.176Z
1552,10.4,70.2,2922,275,0.5781,0.1481,72.4,2026-05-27T06:01:58.505Z,2026-05-27T06:01:58.513Z,2026-05-27T06:01:58.513Z
1553,11.9,70,318,50,0.3438,0.17,72.4,2026-05-27T06:02:10.535Z,2026-05-27T06:02:10.547Z,2026-05-27T06:02:10.547Z
1554,10.2,70,0,50,0.4219,0.1457,72.4,2026-05-27T06:02:19.881Z,2026-05-27T06:02:19.889Z,2026-05-27T06:02:19.889Z
1555,14.1,70,966,162.5,0.5469,0.2014,72.4,2026-05-27T06:02:29.218Z,2026-05-27T06:02:29.229Z,2026-05-27T06:02:29.229Z
1556,10.5,70,13866,50,0.2812,0.15,72.4,2026-05-27T06:02:41.250Z,2026-05-27T06:02:41.260Z,2026-05-27T06:02:41.260Z
1557,10,70,22624,50,0.4219,0.1429,72.4,2026-05-27T06:02:50.568Z,2026-05-27T06:02:50.579Z,2026-05-27T06:02:50.579Z
1558,15.1,70.5,0,50,1.2344,0.2142,72.4,2026-05-27T06:02:59.898Z,2026-05-27T06:02:59.908Z,2026-05-27T06:02:59.908Z
1559,13.6,69.4,6072,50,0.3281,0.196,72.4,2026-05-27T06:03:09.213Z,2026-05-27T06:03:09.222Z,2026-05-27T06:03:09.222Z
1560,11.4,69.5,0,50,0.3906,0.164,72.4,2026-05-27T06:03:21.251Z,2026-05-27T06:03:21.260Z,2026-05-27T06:03:21.260Z
1561,16.7,69.9,21892,50,1.2812,0.2389,72.4,2026-05-27T06:03:30.580Z,2026-05-27T06:03:30.588Z,2026-05-27T06:03:30.588Z
1562,14.2,69.6,0,275,0.375,0.204,72.4,2026-05-27T06:03:39.922Z,2026-05-27T06:03:39.933Z,2026-05-27T06:03:39.933Z
1563,12.6,69.6,0,275,0.3594,0.181,72.4,2026-05-27T06:03:51.964Z,2026-05-27T06:03:51.979Z,2026-05-27T06:03:51.979Z
1564,13.9,69.9,358,500,0.7188,0.1989,72.4,2026-05-27T06:04:01.365Z,2026-05-27T06:04:01.373Z,2026-05-27T06:04:01.373Z
1565,13.4,70,0,50,0.3281,0.1914,72.4,2026-05-27T06:04:10.716Z,2026-05-27T06:04:10.725Z,2026-05-27T06:04:10.725Z
1566,12.8,70,0,50,0.4062,0.1829,72.4,2026-05-27T06:04:20.036Z,2026-05-27T06:04:20.047Z,2026-05-27T06:04:20.047Z
1567,12.9,70,3300,50,0.4531,0.1843,72.4,2026-05-27T06:04:32.070Z,2026-05-27T06:04:32.079Z,2026-05-27T06:04:32.079Z
1568,11.7,70,0,162.5,0.3438,0.1671,72.4,2026-05-27T06:04:41.385Z,2026-05-27T06:04:41.395Z,2026-05-27T06:04:41.395Z
1569,11.5,70,0,500,0.3594,0.1643,72.4,2026-05-27T06:04:50.712Z,2026-05-27T06:04:50.724Z,2026-05-27T06:04:50.724Z
1570,15.5,70,2963,50,0.4062,0.2214,72.4,2026-05-27T06:05:02.737Z,2026-05-27T06:05:02.745Z,2026-05-27T06:05:02.745Z
1571,14.2,70,0,50,0.5625,0.2029,72.4,2026-05-27T06:05:12.057Z,2026-05-27T06:05:12.066Z,2026-05-27T06:05:12.066Z
1572,13.7,70,1718,50,0.4219,0.1957,72.4,2026-05-27T06:05:21.373Z,2026-05-27T06:05:21.381Z,2026-05-27T06:05:21.381Z
1573,12.7,70,360,50,0.625,0.1814,72.4,2026-05-27T06:05:33.455Z,2026-05-27T06:05:33.464Z,2026-05-27T06:05:33.464Z
1574,12.4,70,0,50,0.4219,0.1771,72.4,2026-05-27T06:05:42.818Z,2026-05-27T06:05:42.827Z,2026-05-27T06:05:42.827Z
1575,13.8,70,0,50,0.6875,0.1971,72.4,2026-05-27T06:05:52.134Z,2026-05-27T06:05:52.142Z,2026-05-27T06:05:52.142Z
1576,19.4,70.3,336,387.5,2.6875,0.276,72.4,2026-05-27T06:06:01.475Z,2026-05-27T06:06:01.500Z,2026-05-27T06:06:01.500Z
1577,18.9,70.1,0,275,0.5312,0.2696,72.4,2026-05-27T06:06:13.518Z,2026-05-27T06:06:13.527Z,2026-05-27T06:06:13.527Z
1578,13.2,70,121,500,0.5312,0.1886,72.4,2026-05-27T06:06:22.826Z,2026-05-27T06:06:22.835Z,2026-05-27T06:06:22.835Z
1579,12.7,70,0,50,0.5,0.1814,72.4,2026-05-27T06:06:32.137Z,2026-05-27T06:06:32.147Z,2026-05-27T06:06:32.147Z
1580,14.1,70,84,50,0.5,0.2014,72.4,2026-05-27T06:06:44.204Z,2026-05-27T06:06:44.214Z,2026-05-27T06:06:44.214Z
1581,13.9,70,0,50,0.5469,0.1986,72.4,2026-05-27T06:06:53.545Z,2026-05-27T06:06:53.554Z,2026-05-27T06:06:53.554Z
1582,14.2,70,0,162.5,0.9375,0.2029,72.4,2026-05-27T06:07:02.935Z,2026-05-27T06:07:02.950Z,2026-05-27T06:07:02.950Z
1583,16,69.9,0,50,0.5,0.2289,72.4,2026-05-27T06:07:12.130Z,2026-05-27T06:07:12.140Z,2026-05-27T06:07:12.140Z
1584,14.5,69.9,0,50,0.5625,0.2074,72.4,2026-05-27T06:07:24.291Z,2026-05-27T06:07:24.300Z,2026-05-27T06:07:24.300Z
1585,13.4,69.9,0,50,0.4375,0.1917,72.4,2026-05-27T06:07:33.535Z,2026-05-27T06:07:33.545Z,2026-05-27T06:07:33.545Z
1586,14.6,69.9,0,50,0.5781,0.2089,72.4,2026-05-27T06:07:42.673Z,2026-05-27T06:07:42.684Z,2026-05-27T06:07:42.684Z
1587,14.8,69.9,0,50,0.8281,0.2117,72.4,2026-05-27T06:07:55.069Z,2026-05-27T06:07:55.080Z,2026-05-27T06:07:55.080Z
1588,14.9,69.9,0,50,0.4062,0.2132,72.4,2026-05-27T06:08:04.405Z,2026-05-27T06:08:04.414Z,2026-05-27T06:08:04.414Z
1589,16.1,69.8,188,199.85,0.5312,0.2307,72.4,2026-05-27T06:08:13.499Z,2026-05-27T06:08:13.509Z,2026-05-27T06:08:13.509Z
1590,14.6,70,0,50,0.5625,0.2086,72.4,2026-05-27T06:08:22.614Z,2026-05-27T06:08:22.622Z,2026-05-27T06:08:22.622Z
1591,16.4,70,138,50,0.4844,0.2343,72.4,2026-05-27T06:08:35.147Z,2026-05-27T06:08:35.159Z,2026-05-27T06:08:35.159Z
1592,15.7,69.9,0,50,0.4062,0.2246,72.4,2026-05-27T06:08:44.396Z,2026-05-27T06:08:44.406Z,2026-05-27T06:08:44.406Z
1593,14.8,70,0,50,0.5781,0.2114,72.4,2026-05-27T06:08:53.518Z,2026-05-27T06:08:53.527Z,2026-05-27T06:08:53.527Z
1594,16.2,70.1,84774,50,0.5625,0.2311,72.4,2026-05-27T06:09:06.018Z,2026-05-27T06:09:06.028Z,2026-05-27T06:09:06.028Z
1595,16.4,70,1798,50,0.7031,0.2343,72.4,2026-05-27T06:09:15.331Z,2026-05-27T06:09:15.341Z,2026-05-27T06:09:15.341Z
1596,14.3,70,0,50,0.5938,0.2043,72.4,2026-05-27T06:09:24.427Z,2026-05-27T06:09:24.435Z,2026-05-27T06:09:24.435Z
1597,16.7,70,0,50,0.5156,0.2386,72.4,2026-05-27T06:09:33.677Z,2026-05-27T06:09:33.686Z,2026-05-27T06:09:33.686Z
1598,15.7,70,3993,350.15,0.6875,0.2243,72.4,2026-05-27T06:09:46.085Z,2026-05-27T06:09:46.098Z,2026-05-27T06:09:46.098Z
1599,14.7,70,2689,480.65,0.6719,0.21,72.4,2026-05-27T06:09:55.354Z,2026-05-27T06:09:55.362Z,2026-05-27T06:09:55.362Z
1600,16.5,70.1,139,50,0.6094,0.2354,72.4,2026-05-27T06:10:04.507Z,2026-05-27T06:10:04.515Z,2026-05-27T06:10:04.515Z
1601,17.4,70.1,3013,50,0.5938,0.2482,72.4,2026-05-27T06:10:16.817Z,2026-05-27T06:10:16.826Z,2026-05-27T06:10:16.826Z
1602,16.7,70.1,1899,500,0.5781,0.2382,72.4,2026-05-27T06:10:26.113Z,2026-05-27T06:10:26.122Z,2026-05-27T06:10:26.122Z
1603,15,70.1,248,350.15,0.5781,0.214,72.4,2026-05-27T06:10:35.233Z,2026-05-27T06:10:35.244Z,2026-05-27T06:10:35.244Z
1604,16.3,70.1,0,50,0.5469,0.2325,72.4,2026-05-27T06:10:44.502Z,2026-05-27T06:10:44.512Z,2026-05-27T06:10:44.512Z
1605,15.6,69.8,15176,50,0.5,0.2235,72.4,2026-05-27T06:10:56.903Z,2026-05-27T06:10:56.912Z,2026-05-27T06:10:56.912Z
1606,16.7,70,18547,50,0.7188,0.2386,72.4,2026-05-27T06:11:06.091Z,2026-05-27T06:11:06.099Z,2026-05-27T06:11:06.099Z
1607,17.4,70.2,138,199.85,0.5156,0.2479,72.4,2026-05-27T06:11:15.252Z,2026-05-27T06:11:15.260Z,2026-05-27T06:11:15.260Z
1608,23.3,70.6,84,50,2.4844,0.33,72.4,2026-05-27T06:11:27.603Z,2026-05-27T06:11:27.616Z,2026-05-27T06:11:27.616Z
1609,16.8,70.2,318,50,0.6094,0.2393,72.4,2026-05-27T06:11:36.793Z,2026-05-27T06:11:36.801Z,2026-05-27T06:11:36.801Z
1610,18.1,70.1,0,275,0.6094,0.2582,72.4,2026-05-27T06:11:45.906Z,2026-05-27T06:11:45.917Z,2026-05-27T06:11:45.917Z
1611,17.3,70.1,138,50,0.9844,0.2468,72.4,2026-05-27T06:11:55.192Z,2026-05-27T06:11:55.205Z,2026-05-27T06:11:55.205Z
1612,15.8,70.1,0,50,0.7031,0.2254,72.4,2026-05-27T06:12:07.629Z,2026-05-27T06:12:07.639Z,2026-05-27T06:12:07.639Z
1613,24,70.5,138,50,1.6875,0.3404,72.4,2026-05-27T06:12:16.740Z,2026-05-27T06:12:16.751Z,2026-05-27T06:12:16.751Z
1614,18.4,70.2,248,50,0.9531,0.2621,72.4,2026-05-27T06:12:25.923Z,2026-05-27T06:12:25.931Z,2026-05-27T06:12:25.931Z
1615,16.1,70.1,386,50,0.6094,0.2297,72.4,2026-05-27T06:12:38.301Z,2026-05-27T06:12:38.313Z,2026-05-27T06:12:38.313Z
1616,17.5,70.1,4588,50,0.625,0.2496,72.4,2026-05-27T06:12:47.470Z,2026-05-27T06:12:47.480Z,2026-05-27T06:12:47.480Z
1617,17.1,70.1,1935,50,1.1406,0.2439,72.4,2026-05-27T06:12:56.580Z,2026-05-27T06:12:56.592Z,2026-05-27T06:12:56.592Z
1618,16.6,70.1,124,50,0.8125,0.2368,72.4,2026-05-27T06:13:05.931Z,2026-05-27T06:13:05.940Z,2026-05-27T06:13:05.940Z
1619,16.8,70.1,482,50,0.7031,0.2397,72.4,2026-05-27T06:13:18.251Z,2026-05-27T06:13:18.260Z,2026-05-27T06:13:18.260Z
1620,20.2,70.3,6786,50,0.6875,0.2873,72.4,2026-05-27T06:13:27.338Z,2026-05-27T06:13:27.346Z,2026-05-27T06:13:27.346Z
1621,18.1,70.3,23133,162.5,0.75,0.2575,72.4,2026-05-27T06:13:36.545Z,2026-05-27T06:13:36.556Z,2026-05-27T06:13:36.556Z
1622,17.4,70.3,0,50,0.5625,0.2475,72.4,2026-05-27T06:13:48.985Z,2026-05-27T06:13:48.994Z,2026-05-27T06:13:48.994Z
1623,18.5,70.3,0,275,0.7188,0.2632,72.4,2026-05-27T06:13:58.123Z,2026-05-27T06:13:58.132Z,2026-05-27T06:13:58.132Z
1624,20.7,70.4,47813,50,1.5625,0.294,72.4,2026-05-27T06:14:07.216Z,2026-05-27T06:14:07.223Z,2026-05-27T06:14:07.223Z
1625,17.6,70.4,0,50,0.5469,0.25,72.4,2026-05-27T06:14:16.666Z,2026-05-27T06:14:16.687Z,2026-05-27T06:14:16.687Z
1626,19,70.4,248,50,0.625,0.2699,72.4,2026-05-27T06:14:28.971Z,2026-05-27T06:14:28.979Z,2026-05-27T06:14:28.979Z
1627,18.1,70.4,0,162.5,0.5469,0.2571,72.4,2026-05-27T06:14:38.059Z,2026-05-27T06:14:38.069Z,2026-05-27T06:14:38.069Z
1628,17,70.3,248,50,0.5781,0.2418,72.4,2026-05-27T06:14:47.283Z,2026-05-27T06:14:47.292Z,2026-05-27T06:14:47.292Z
1629,16.5,70.3,0,50,0.6875,0.2347,72.4,2026-05-27T06:14:59.851Z,2026-05-27T06:14:59.859Z,2026-05-27T06:14:59.859Z
1630,19.4,70.4,0,50,1.125,0.2756,72.4,2026-05-27T06:15:08.959Z,2026-05-27T06:15:08.970Z,2026-05-27T06:15:08.970Z
1631,18.5,70.5,0,50,0.5938,0.2624,72.4,2026-05-27T06:15:18.085Z,2026-05-27T06:15:18.095Z,2026-05-27T06:15:18.095Z
1632,18.7,70.5,3517,199.85,0.7656,0.2652,72.4,2026-05-27T06:15:27.440Z,2026-05-27T06:15:27.449Z,2026-05-27T06:15:27.449Z
1633,18.2,70.6,1517,50,0.7031,0.2578,72.4,2026-05-27T06:15:39.756Z,2026-05-27T06:15:39.765Z,2026-05-27T06:15:39.765Z
1634,17.4,70.5,3637,275,0.5156,0.2468,72.4,2026-05-27T06:15:48.842Z,2026-05-27T06:15:48.851Z,2026-05-27T06:15:48.851Z
1635,17.4,70.5,2952,50,0.5938,0.2468,72.4,2026-05-27T06:15:58.062Z,2026-05-27T06:15:58.070Z,2026-05-27T06:15:58.070Z
1636,19.5,70.5,874,50,1.0469,0.2766,72.4,2026-05-27T06:16:10.505Z,2026-05-27T06:16:10.517Z,2026-05-27T06:16:10.517Z
1637,18.5,70.4,0,162.5,1.1094,0.2628,72.4,2026-05-27T06:16:19.592Z,2026-05-27T06:16:19.602Z,2026-05-27T06:16:19.602Z
1638,17.2,70.4,385,50,0.7188,0.2443,72.4,2026-05-27T06:16:28.711Z,2026-05-27T06:16:28.722Z,2026-05-27T06:16:28.722Z
1639,18.2,70.5,180,50,0.5781,0.2582,72.4,2026-05-27T06:16:41.106Z,2026-05-27T06:16:41.114Z,2026-05-27T06:16:41.114Z
1640,23,70.7,434,50,2.625,0.3253,72.4,2026-05-27T06:16:50.397Z,2026-05-27T06:16:50.407Z,2026-05-27T06:16:50.407Z
1641,24.6,70.6,0,50,0.6719,0.3484,72.4,2026-05-27T06:16:59.476Z,2026-05-27T06:16:59.488Z,2026-05-27T06:16:59.488Z
1642,18.6,70.5,0,50,1.0625,0.2638,72.4,2026-05-27T06:17:08.692Z,2026-05-27T06:17:08.700Z,2026-05-27T06:17:08.700Z
1643,16.7,70.4,84,50,0.5469,0.2372,72.4,2026-05-27T06:17:21.161Z,2026-05-27T06:17:21.171Z,2026-05-27T06:17:21.171Z
1644,18.5,70.4,4511,50,0.7031,0.2628,72.4,2026-05-27T06:17:30.246Z,2026-05-27T06:17:30.256Z,2026-05-27T06:17:30.256Z
1645,18,70.4,1628,50,0.6406,0.2557,72.4,2026-05-27T06:17:39.374Z,2026-05-27T06:17:39.383Z,2026-05-27T06:17:39.383Z
1646,19.4,70.4,360,50,0.625,0.2756,72.4,2026-05-27T06:17:51.815Z,2026-05-27T06:17:51.826Z,2026-05-27T06:17:51.826Z
1647,17.1,70.4,1148,50,1.0938,0.2429,72.4,2026-05-27T06:18:01.014Z,2026-05-27T06:18:01.029Z,2026-05-27T06:18:01.029Z
1648,23.9,70,0,50,0.75,0.3414,72.4,2026-05-27T06:18:10.236Z,2026-05-27T06:18:10.245Z,2026-05-27T06:18:10.245Z
1649,17.9,70,317,50,0.6406,0.2557,72.4,2026-05-27T06:18:19.434Z,2026-05-27T06:18:19.444Z,2026-05-27T06:18:19.444Z
1650,17.3,70.1,168,275,0.6094,0.2468,72.4,2026-05-27T06:18:31.952Z,2026-05-27T06:18:31.962Z,2026-05-27T06:18:31.962Z
1651,18.8,70,13235,50,0.5938,0.2686,72.4,2026-05-27T06:18:41.040Z,2026-05-27T06:18:41.050Z,2026-05-27T06:18:41.050Z
1652,18.5,70.1,42,50,0.6875,0.2639,72.4,2026-05-27T06:18:50.199Z,2026-05-27T06:18:50.208Z,2026-05-27T06:18:50.208Z
1653,18.6,70.1,814,50,0.7656,0.2653,72.4,2026-05-27T06:19:02.770Z,2026-05-27T06:19:02.782Z,2026-05-27T06:19:02.782Z
1654,19.7,70.1,14280,50,0.5,0.281,72.4,2026-05-27T06:19:11.958Z,2026-05-27T06:19:11.967Z,2026-05-27T06:19:11.967Z
1655,17.8,70.1,454,50,1.1719,0.2539,72.4,2026-05-27T06:19:21.076Z,2026-05-27T06:19:21.086Z,2026-05-27T06:19:21.086Z
1656,18.1,70.1,216,50,0.8906,0.2582,72.4,2026-05-27T06:19:30.272Z,2026-05-27T06:19:30.281Z,2026-05-27T06:19:30.281Z
1657,17.6,70,622,50,0.5938,0.2514,72.4,2026-05-27T06:19:43.483Z,2026-05-27T06:19:43.492Z,2026-05-27T06:19:43.492Z
1658,19.3,70.2,2572,500,0.7969,0.2749,72.4,2026-05-27T06:19:52.589Z,2026-05-27T06:19:52.600Z,2026-05-27T06:19:52.600Z
1659,20.6,70,359,500,0.75,0.2943,72.4,2026-05-27T06:20:01.716Z,2026-05-27T06:20:01.726Z,2026-05-27T06:20:01.726Z
1660,18.7,70.1,0,50,0.6562,0.2668,72.4,2026-05-27T06:20:14.306Z,2026-05-27T06:20:14.316Z,2026-05-27T06:20:14.316Z
1661,18.4,70.1,455,50,0.625,0.2625,72.4,2026-05-27T06:20:23.439Z,2026-05-27T06:20:23.451Z,2026-05-27T06:20:23.451Z
1662,18.7,70.1,0,50,0.5469,0.2668,72.4,2026-05-27T06:20:32.529Z,2026-05-27T06:20:32.541Z,2026-05-27T06:20:32.541Z
1663,17.5,70.1,966,50,0.5938,0.2496,72.4,2026-05-27T06:20:41.843Z,2026-05-27T06:20:41.868Z,2026-05-27T06:20:41.868Z
1664,19.2,70.1,0,50,0.7031,0.2739,72.4,2026-05-27T06:20:54.326Z,2026-05-27T06:20:54.337Z,2026-05-27T06:20:54.337Z
1665,16.9,70.1,3568,50,0.5938,0.2411,72.4,2026-05-27T06:21:03.433Z,2026-05-27T06:21:03.443Z,2026-05-27T06:21:03.443Z
1666,18.5,70,0,50,1.0312,0.2643,72.4,2026-05-27T06:21:12.546Z,2026-05-27T06:21:12.554Z,2026-05-27T06:21:12.554Z
1667,17.7,70.1,0,50,1.0781,0.2525,72.4,2026-05-27T06:21:25.132Z,2026-05-27T06:21:25.146Z,2026-05-27T06:21:25.146Z
1668,16.2,70.1,4260,50,0.6562,0.2311,72.4,2026-05-27T06:21:34.466Z,2026-05-27T06:21:34.477Z,2026-05-27T06:21:34.477Z
1669,18,70.1,7915,275,0.5625,0.2568,72.4,2026-05-27T06:21:43.885Z,2026-05-27T06:21:43.901Z,2026-05-27T06:21:43.901Z
1670,17.5,70.1,0,50,0.5625,0.2496,72.4,2026-05-27T06:21:53.187Z,2026-05-27T06:21:53.197Z,2026-05-27T06:21:53.197Z
1671,17.5,69.8,0,162.5,0.5781,0.2507,72.4,2026-05-27T06:22:05.131Z,2026-05-27T06:22:05.140Z,2026-05-27T06:22:05.140Z
1672,19.7,70.1,0,50,0.6094,0.281,72.4,2026-05-27T06:22:14.470Z,2026-05-27T06:22:14.479Z,2026-05-27T06:22:14.479Z
1673,18,70.1,0,50,0.5781,0.2568,72.4,2026-05-27T06:22:23.882Z,2026-05-27T06:22:23.899Z,2026-05-27T06:22:23.899Z
1674,18,70.2,0,50,0.6094,0.2564,72.4,2026-05-27T06:22:35.856Z,2026-05-27T06:22:35.865Z,2026-05-27T06:22:35.865Z
1675,18.3,70.1,401,50,0.9531,0.2611,72.4,2026-05-27T06:22:45.272Z,2026-05-27T06:22:45.285Z,2026-05-27T06:22:45.285Z
1676,17.2,69.8,0,50,0.625,0.2464,72.4,2026-05-27T06:22:54.647Z,2026-05-27T06:22:54.655Z,2026-05-27T06:22:54.655Z
1677,17.1,69.8,0,50,0.5781,0.245,72.4,2026-05-27T06:23:04.053Z,2026-05-27T06:23:04.070Z,2026-05-27T06:23:04.070Z
1678,20.4,70.2,1290,50,0.75,0.2906,72.4,2026-05-27T06:23:16.032Z,2026-05-27T06:23:16.043Z,2026-05-27T06:23:16.043Z
1679,20.2,70.4,2865,50,0.75,0.2869,72.4,2026-05-27T06:23:25.496Z,2026-05-27T06:23:25.511Z,2026-05-27T06:23:25.511Z
1680,18.5,70.4,1966,275,1.0938,0.2628,72.4,2026-05-27T06:23:34.823Z,2026-05-27T06:23:34.833Z,2026-05-27T06:23:34.833Z
1681,16.7,70.3,0,50,0.75,0.2376,72.4,2026-05-27T06:23:46.881Z,2026-05-27T06:23:46.892Z,2026-05-27T06:23:46.892Z
1682,17.8,70.3,0,275,0.5938,0.2532,72.4,2026-05-27T06:23:56.356Z,2026-05-27T06:23:56.376Z,2026-05-27T06:23:56.376Z
1683,17.6,70.4,0,50,0.625,0.25,72.4,2026-05-27T06:24:05.734Z,2026-05-27T06:24:05.744Z,2026-05-27T06:24:05.744Z
1684,20.3,70.3,481,50,0.5781,0.2888,72.4,2026-05-27T06:24:17.677Z,2026-05-27T06:24:17.691Z,2026-05-27T06:24:17.691Z
1685,19.1,70.3,0,50,0.6406,0.2717,72.4,2026-05-27T06:24:27.016Z,2026-05-27T06:24:27.026Z,2026-05-27T06:24:27.026Z
1686,18.9,70.3,248,50,0.9219,0.2688,72.4,2026-05-27T06:24:36.382Z,2026-05-27T06:24:36.391Z,2026-05-27T06:24:36.391Z
1687,19.5,70.3,248,50,0.9844,0.2774,72.4,2026-05-27T06:24:45.712Z,2026-05-27T06:24:45.724Z,2026-05-27T06:24:45.724Z
1688,19.4,70.3,3099,50,1.0312,0.276,72.4,2026-05-27T06:24:57.632Z,2026-05-27T06:24:57.642Z,2026-05-27T06:24:57.642Z
1689,16.5,70.3,0,50,0.6719,0.2347,72.4,2026-05-27T06:25:06.967Z,2026-05-27T06:25:06.976Z,2026-05-27T06:25:06.976Z
1690,20,70.4,916,50,0.6094,0.2841,72.4,2026-05-27T06:25:16.339Z,2026-05-27T06:25:16.349Z,2026-05-27T06:25:16.349Z
1691,18.9,70.3,548,50,0.5938,0.2688,72.4,2026-05-27T06:25:28.300Z,2026-05-27T06:25:28.311Z,2026-05-27T06:25:28.311Z
1692,17.9,70.3,387,50,0.6719,0.2546,72.4,2026-05-27T06:25:37.675Z,2026-05-27T06:25:37.684Z,2026-05-27T06:25:37.684Z
1693,18.4,70.3,0,50,0.7812,0.2617,72.4,2026-05-27T06:25:47.036Z,2026-05-27T06:25:47.045Z,2026-05-27T06:25:47.045Z
1694,17.4,70.3,0,50,0.6875,0.2475,72.4,2026-05-27T06:25:56.386Z,2026-05-27T06:25:56.396Z,2026-05-27T06:25:56.396Z
1695,19.1,70.4,1614,50,1.0156,0.2713,72.4,2026-05-27T06:26:08.403Z,2026-05-27T06:26:08.421Z,2026-05-27T06:26:08.421Z
1696,20,70.4,3798,50,0.625,0.2841,72.4,2026-05-27T06:26:17.743Z,2026-05-27T06:26:17.752Z,2026-05-27T06:26:17.752Z
1697,17.6,70.5,2832,50,1.0312,0.2496,72.4,2026-05-27T06:26:27.084Z,2026-05-27T06:26:27.095Z,2026-05-27T06:26:27.095Z
1698,18.6,70.3,1636,50,1.2344,0.2646,72.4,2026-05-27T06:26:39.016Z,2026-05-27T06:26:39.028Z,2026-05-27T06:26:39.028Z
1699,16.8,70.4,4285,50,0.6875,0.2386,72.4,2026-05-27T06:26:48.369Z,2026-05-27T06:26:48.381Z,2026-05-27T06:26:48.381Z
1700,17.9,70.3,0,50,0.75,0.2546,72.4,2026-05-27T06:26:57.732Z,2026-05-27T06:26:57.741Z,2026-05-27T06:26:57.741Z
1701,19.4,70.4,1864,50,0.7812,0.2756,72.4,2026-05-27T06:27:07.097Z,2026-05-27T06:27:07.106Z,2026-05-27T06:27:07.106Z
1702,19.7,70.3,0,50,0.5938,0.2802,72.4,2026-05-27T06:27:19.062Z,2026-05-27T06:27:19.072Z,2026-05-27T06:27:19.072Z
1703,18.8,70.3,18199,500,0.8438,0.2674,72.4,2026-05-27T06:27:28.455Z,2026-05-27T06:27:28.463Z,2026-05-27T06:27:28.463Z
1704,18.1,70.3,0,50,0.6875,0.2575,72.4,2026-05-27T06:27:37.814Z,2026-05-27T06:27:37.823Z,2026-05-27T06:27:37.823Z
1705,17.7,70.3,138,50,0.6875,0.2518,72.4,2026-05-27T06:27:49.754Z,2026-05-27T06:27:49.763Z,2026-05-27T06:27:49.763Z
1706,18.2,70.3,13191,50,0.8906,0.2589,72.4,2026-05-27T06:27:59.091Z,2026-05-27T06:27:59.101Z,2026-05-27T06:27:59.101Z
1707,18.4,70.3,138,50,1.2969,0.2617,72.4,2026-05-27T06:28:08.459Z,2026-05-27T06:28:08.470Z,2026-05-27T06:28:08.470Z
1708,18.7,70.3,0,50,1.2188,0.266,72.4,2026-05-27T06:28:17.799Z,2026-05-27T06:28:17.807Z,2026-05-27T06:28:17.807Z
1709,18.2,70.3,302,50,0.625,0.2589,72.4,2026-05-27T06:28:29.765Z,2026-05-27T06:28:29.773Z,2026-05-27T06:28:29.773Z
1710,18.5,70.4,454,50,0.5938,0.2628,72.4,2026-05-27T06:28:39.096Z,2026-05-27T06:28:39.105Z,2026-05-27T06:28:39.105Z
1711,18,70.4,0,50,0.6875,0.2557,72.4,2026-05-27T06:28:48.427Z,2026-05-27T06:28:48.437Z,2026-05-27T06:28:48.437Z
1712,19.5,70.4,0,162.5,0.6562,0.277,72.4,2026-05-27T06:29:00.395Z,2026-05-27T06:29:00.403Z,2026-05-27T06:29:00.403Z
1713,18.7,70.5,0,125.15,0.6562,0.2652,72.4,2026-05-27T06:29:09.738Z,2026-05-27T06:29:09.748Z,2026-05-27T06:29:09.748Z
1714,18.9,70.4,3069,50,0.7812,0.2685,72.4,2026-05-27T06:29:18.933Z,2026-05-27T06:29:18.942Z,2026-05-27T06:29:18.942Z
1715,17.5,70.3,139,50,0.8125,0.2489,72.4,2026-05-27T06:29:28.252Z,2026-05-27T06:29:28.261Z,2026-05-27T06:29:28.261Z
1716,17.3,70.3,0,350.15,1,0.2461,72.4,2026-05-27T06:29:40.805Z,2026-05-27T06:29:40.815Z,2026-05-27T06:29:40.815Z
1717,17.3,70.4,4731,50,0.6875,0.2457,72.4,2026-05-27T06:29:49.962Z,2026-05-27T06:29:49.973Z,2026-05-27T06:29:49.973Z
1718,18.4,70.4,494,50,0.7344,0.2614,72.4,2026-05-27T06:29:59.168Z,2026-05-27T06:29:59.179Z,2026-05-27T06:29:59.179Z
1719,20.5,70.4,0,50,0.7812,0.2912,72.4,2026-05-27T06:30:11.411Z,2026-05-27T06:30:11.422Z,2026-05-27T06:30:11.422Z
1720,18.2,70.4,0,50,0.5156,0.2585,72.4,2026-05-27T06:30:20.678Z,2026-05-27T06:30:20.688Z,2026-05-27T06:30:20.688Z
1721,18.1,70.4,387,50,0.9688,0.2571,72.4,2026-05-27T06:30:29.763Z,2026-05-27T06:30:29.771Z,2026-05-27T06:30:29.771Z
1722,16.2,70.4,360,162.5,0.6719,0.2301,72.4,2026-05-27T06:30:41.876Z,2026-05-27T06:30:41.888Z,2026-05-27T06:30:41.888Z
1723,18.1,70.5,0,50,0.5625,0.2567,72.4,2026-05-27T06:30:51.404Z,2026-05-27T06:30:51.412Z,2026-05-27T06:30:51.412Z
1724,21.1,70.4,0,50,0.6562,0.2997,72.4,2026-05-27T06:31:00.540Z,2026-05-27T06:31:00.548Z,2026-05-27T06:31:00.548Z
1725,18.4,70.2,0,162.5,0.5938,0.2621,72.4,2026-05-27T06:31:09.716Z,2026-05-27T06:31:09.728Z,2026-05-27T06:31:09.728Z
1726,18.8,70.3,442,50,0.5625,0.2674,72.4,2026-05-27T06:31:22.077Z,2026-05-27T06:31:22.086Z,2026-05-27T06:31:22.086Z
1727,18.7,70.3,0,50,1.0312,0.266,72.4,2026-05-27T06:31:31.234Z,2026-05-27T06:31:31.241Z,2026-05-27T06:31:31.241Z
1728,16.9,70.3,0,387.5,0.5312,0.2404,72.4,2026-05-27T06:31:40.325Z,2026-05-27T06:31:40.333Z,2026-05-27T06:31:40.333Z
1729,17.1,70.3,360,50,0.6562,0.2432,72.4,2026-05-27T06:31:52.628Z,2026-05-27T06:31:52.638Z,2026-05-27T06:31:52.638Z
1730,17.8,70.3,0,500,0.5469,0.2532,72.4,2026-05-27T06:32:02.003Z,2026-05-27T06:32:02.012Z,2026-05-27T06:32:02.012Z
1731,17.9,70.3,0,50,1.0312,0.2546,72.4,2026-05-27T06:32:11.089Z,2026-05-27T06:32:11.099Z,2026-05-27T06:32:11.099Z
1732,16.3,70.3,0,50,0.4844,0.2319,72.4,2026-05-27T06:32:20.299Z,2026-05-27T06:32:20.308Z,2026-05-27T06:32:20.308Z
1733,18.9,70.3,576,162.5,0.75,0.2688,72.4,2026-05-27T06:32:32.756Z,2026-05-27T06:32:32.766Z,2026-05-27T06:32:32.766Z
1734,16.8,70.4,0,230,0.5,0.2386,72.4,2026-05-27T06:32:41.964Z,2026-05-27T06:32:41.974Z,2026-05-27T06:32:41.974Z
1735,16.4,70.3,84,50,1.0469,0.2333,72.4,2026-05-27T06:32:51.103Z,2026-05-27T06:32:51.114Z,2026-05-27T06:32:51.114Z
1736,18.2,70.3,0,50,0.6562,0.2589,72.4,2026-05-27T06:33:03.336Z,2026-05-27T06:33:03.346Z,2026-05-27T06:33:03.346Z
1737,23.8,70,0,50,0.5312,0.34,72.4,2026-05-27T06:33:12.685Z,2026-05-27T06:33:12.694Z,2026-05-27T06:33:12.694Z
1738,17.3,70,0,275,0.6094,0.2471,72.4,2026-05-27T06:33:21.787Z,2026-05-27T06:33:21.797Z,2026-05-27T06:33:21.797Z
1739,18.6,70.2,0,50,1.0312,0.265,72.4,2026-05-27T06:33:31.023Z,2026-05-27T06:33:31.036Z,2026-05-27T06:33:31.036Z
1740,18.1,70.2,142,50,0.6719,0.2578,72.4,2026-05-27T06:33:43.398Z,2026-05-27T06:33:43.410Z,2026-05-27T06:33:43.410Z
1741,16.8,70.2,0,275,0.5625,0.2393,72.4,2026-05-27T06:33:52.607Z,2026-05-27T06:33:52.625Z,2026-05-27T06:33:52.625Z
1742,18.4,69.9,14492,50,0.7656,0.2632,72.4,2026-05-27T06:34:01.710Z,2026-05-27T06:34:01.722Z,2026-05-27T06:34:01.722Z
1743,19.5,70.2,0,50,1,0.2778,72.4,2026-05-27T06:34:14.102Z,2026-05-27T06:34:14.112Z,2026-05-27T06:34:14.112Z
1744,17.4,70.3,2244,50,0.6562,0.2475,72.4,2026-05-27T06:34:23.430Z,2026-05-27T06:34:23.440Z,2026-05-27T06:34:23.440Z
1745,18.2,70.2,3846,50,0.75,0.2593,72.4,2026-05-27T06:34:32.554Z,2026-05-27T06:34:32.564Z,2026-05-27T06:34:32.564Z
1746,17.7,70.2,0,275,0.625,0.2521,72.4,2026-05-27T06:34:41.849Z,2026-05-27T06:34:41.862Z,2026-05-27T06:34:41.862Z
1747,18.6,70,0,275,1.2188,0.2657,72.4,2026-05-27T06:34:54.210Z,2026-05-27T06:34:54.219Z,2026-05-27T06:34:54.219Z
1748,18.7,70,316,50,1.2812,0.2671,72.4,2026-05-27T06:35:03.336Z,2026-05-27T06:35:03.346Z,2026-05-27T06:35:03.346Z
1749,17.4,70,766,50,0.6875,0.2486,72.4,2026-05-27T06:35:12.465Z,2026-05-27T06:35:12.475Z,2026-05-27T06:35:12.475Z
1750,18.8,70,138,50,0.7656,0.2686,72.4,2026-05-27T06:35:24.925Z,2026-05-27T06:35:24.934Z,2026-05-27T06:35:24.934Z
1751,18.7,70,13932,50,0.75,0.2671,72.4,2026-05-27T06:35:34.143Z,2026-05-27T06:35:34.154Z,2026-05-27T06:35:34.154Z
1752,18.4,70.1,13871,50,0.8125,0.2625,72.4,2026-05-27T06:35:43.255Z,2026-05-27T06:35:43.264Z,2026-05-27T06:35:43.264Z
1753,19.8,69.9,0,50,1.1094,0.2833,72.4,2026-05-27T06:35:52.493Z,2026-05-27T06:35:52.502Z,2026-05-27T06:35:52.502Z
1754,17.1,69.9,0,275,0.5938,0.2446,72.4,2026-05-27T06:36:04.910Z,2026-05-27T06:36:04.918Z,2026-05-27T06:36:04.918Z
1755,17.9,69.8,0,50,0.6719,0.2564,72.4,2026-05-27T06:36:14.012Z,2026-05-27T06:36:14.020Z,2026-05-27T06:36:14.020Z
1756,18,69.8,0,50,0.5938,0.2579,72.4,2026-05-27T06:36:23.210Z,2026-05-27T06:36:23.220Z,2026-05-27T06:36:23.220Z
1757,18.3,69.8,0,50,0.75,0.2622,72.4,2026-05-27T06:36:35.634Z,2026-05-27T06:36:35.643Z,2026-05-27T06:36:35.643Z
1758,17.7,69.8,2971,50,0.6094,0.2536,72.4,2026-05-27T06:36:44.808Z,2026-05-27T06:36:44.822Z,2026-05-27T06:36:44.822Z
1759,18.5,69.8,2874,500,1.0781,0.265,72.4,2026-05-27T06:36:53.883Z,2026-05-27T06:36:53.893Z,2026-05-27T06:36:53.893Z
1760,17.4,69.8,3722,50,0.75,0.2493,72.4,2026-05-27T06:37:03.174Z,2026-05-27T06:37:03.185Z,2026-05-27T06:37:03.185Z
1761,20.2,70,2861,50,0.6719,0.2886,72.4,2026-05-27T06:37:15.598Z,2026-05-27T06:37:15.608Z,2026-05-27T06:37:15.608Z
1762,19.5,69.9,358,50,0.6562,0.279,72.4,2026-05-27T06:37:24.703Z,2026-05-27T06:37:24.714Z,2026-05-27T06:37:24.714Z
1763,19,69.8,17747,50,0.7656,0.2722,72.4,2026-05-27T06:37:33.879Z,2026-05-27T06:37:33.889Z,2026-05-27T06:37:33.889Z
1764,18.3,69.9,672,350.15,1.3906,0.2618,72.4,2026-05-27T06:37:46.316Z,2026-05-27T06:37:46.326Z,2026-05-27T06:37:46.326Z
1765,17.5,70.2,0,162.5,0.6719,0.2493,72.4,2026-05-27T06:37:55.459Z,2026-05-27T06:37:55.468Z,2026-05-27T06:37:55.468Z
1766,19,70.2,438,350.15,0.6094,0.2707,72.4,2026-05-27T06:38:04.557Z,2026-05-27T06:38:04.567Z,2026-05-27T06:38:04.567Z
1767,18.2,70.1,1450,50,0.5938,0.2596,72.4,2026-05-27T06:38:13.903Z,2026-05-27T06:38:13.912Z,2026-05-27T06:38:13.912Z
1768,18.5,70.1,1891,50,0.625,0.2639,72.4,2026-05-27T06:38:26.277Z,2026-05-27T06:38:26.288Z,2026-05-27T06:38:26.288Z
1769,18.8,70,2717,199.85,1.1406,0.2686,72.4,2026-05-27T06:38:35.365Z,2026-05-27T06:38:35.377Z,2026-05-27T06:38:35.377Z
1770,16.7,70.1,480,50,0.7344,0.2382,72.4,2026-05-27T06:38:44.527Z,2026-05-27T06:38:44.537Z,2026-05-27T06:38:44.537Z
1771,17.6,70.1,42,50,0.5938,0.2511,72.4,2026-05-27T06:38:57.086Z,2026-05-27T06:38:57.097Z,2026-05-27T06:38:57.097Z
1772,18,70.1,147,50,0.7344,0.2568,72.4,2026-05-27T06:39:06.210Z,2026-05-27T06:39:06.217Z,2026-05-27T06:39:06.217Z
1773,18.4,70.1,0,50,0.7031,0.2625,72.4,2026-05-27T06:39:15.341Z,2026-05-27T06:39:15.351Z,2026-05-27T06:39:15.351Z
1774,17.7,70.1,121,50,0.625,0.2525,72.4,2026-05-27T06:39:25.595Z,2026-05-27T06:39:25.603Z,2026-05-27T06:39:25.603Z
1775,17.9,70.1,216,500,0.6406,0.2553,72.4,2026-05-27T06:39:37.888Z,2026-05-27T06:39:37.914Z,2026-05-27T06:39:37.914Z
1776,18.2,70.1,0,50,0.5938,0.2596,72.4,2026-05-27T06:39:46.982Z,2026-05-27T06:39:46.990Z,2026-05-27T06:39:46.990Z
1777,17.9,70.1,3729,50,0.7188,0.2553,72.4,2026-05-27T06:39:56.150Z,2026-05-27T06:39:56.160Z,2026-05-27T06:39:56.160Z
1778,17,70.1,9425,50,0.7656,0.2425,72.4,2026-05-27T06:40:08.995Z,2026-05-27T06:40:09.004Z,2026-05-27T06:40:09.004Z
1779,17.4,70.1,42,50,0.4844,0.2482,72.4,2026-05-27T06:40:18.325Z,2026-05-27T06:40:18.335Z,2026-05-27T06:40:18.335Z
1780,17.8,70.2,4132,50,1.1406,0.2536,72.4,2026-05-27T06:40:27.693Z,2026-05-27T06:40:27.703Z,2026-05-27T06:40:27.703Z
1781,17.4,70.1,608,50,0.6719,0.2482,72.4,2026-05-27T06:40:39.369Z,2026-05-27T06:40:39.381Z,2026-05-27T06:40:39.381Z
1782,18.7,70.2,687,140,0.5469,0.2664,72.4,2026-05-27T06:40:48.696Z,2026-05-27T06:40:48.705Z,2026-05-27T06:40:48.705Z
1783,17.3,70.2,3952,50,0.7188,0.2464,72.4,2026-05-27T06:40:57.813Z,2026-05-27T06:40:57.828Z,2026-05-27T06:40:57.828Z
1784,18.3,70.2,18968,50,0.7969,0.2607,72.4,2026-05-27T06:41:06.895Z,2026-05-27T06:41:06.904Z,2026-05-27T06:41:06.904Z
1785,19.5,70.3,84,50,0.6719,0.2774,72.4,2026-05-27T06:41:19.482Z,2026-05-27T06:41:19.489Z,2026-05-27T06:41:19.489Z
1786,17.4,70.2,4385,50,1.1562,0.2479,72.4,2026-05-27T06:41:28.615Z,2026-05-27T06:41:28.625Z,2026-05-27T06:41:28.625Z
1787,15.9,70.1,0,50,0.7344,0.2268,72.4,2026-05-27T06:41:37.767Z,2026-05-27T06:41:37.775Z,2026-05-27T06:41:37.775Z
1788,17.5,70.2,360,50,0.5938,0.2493,72.4,2026-05-27T06:41:50.431Z,2026-05-27T06:41:50.440Z,2026-05-27T06:41:50.440Z
1789,18.2,69.9,3307,50,0.7656,0.2604,72.4,2026-05-27T06:41:59.678Z,2026-05-27T06:41:59.686Z,2026-05-27T06:41:59.686Z
1790,19.8,70.4,0,50,0.7969,0.2812,72.4,2026-05-27T06:42:08.809Z,2026-05-27T06:42:08.819Z,2026-05-27T06:42:08.819Z
1791,17.9,70.4,137,50,1.1094,0.2543,72.4,2026-05-27T06:42:17.967Z,2026-05-27T06:42:17.979Z,2026-05-27T06:42:17.979Z
1792,18.3,70.4,3045,387.5,0.7344,0.2599,72.4,2026-05-27T06:42:30.417Z,2026-05-27T06:42:30.427Z,2026-05-27T06:42:30.427Z
1793,18,70.2,708,50,0.75,0.2564,72.4,2026-05-27T06:42:39.608Z,2026-05-27T06:42:39.619Z,2026-05-27T06:42:39.619Z
1794,18.7,70.2,816,50,0.6719,0.2664,72.4,2026-05-27T06:42:48.778Z,2026-05-27T06:42:48.786Z,2026-05-27T06:42:48.786Z
1795,17.9,70.2,2411,50,0.7031,0.255,72.4,2026-05-27T06:42:57.986Z,2026-05-27T06:42:57.995Z,2026-05-27T06:42:57.995Z
1796,19.2,70.2,0,50,0.9844,0.2735,72.4,2026-05-27T06:43:10.463Z,2026-05-27T06:43:10.475Z,2026-05-27T06:43:10.475Z
1797,17.4,70.2,4211,50,0.8125,0.2479,72.4,2026-05-27T06:43:19.667Z,2026-05-27T06:43:19.677Z,2026-05-27T06:43:19.677Z
1798,20.3,70.3,4782,50,0.7812,0.2888,72.4,2026-05-27T06:43:28.842Z,2026-05-27T06:43:28.854Z,2026-05-27T06:43:28.854Z
1799,29.3,70.6,0,50,0.5938,0.415,72.4,2026-05-27T06:43:41.317Z,2026-05-27T06:43:41.329Z,2026-05-27T06:43:41.329Z
1800,19.1,70.4,796,387.5,0.8125,0.2713,72.4,2026-05-27T06:43:50.512Z,2026-05-27T06:43:50.521Z,2026-05-27T06:43:50.521Z
1801,27.7,71,1412,162.5,0.9844,0.3901,72.4,2026-05-27T06:43:59.674Z,2026-05-27T06:43:59.683Z,2026-05-27T06:43:59.683Z
1802,20.4,69.9,5990,50,1,0.2918,72.4,2026-05-27T06:44:08.871Z,2026-05-27T06:44:08.887Z,2026-05-27T06:44:08.887Z
1803,21.1,69.9,15392,50,0.7188,0.3019,72.4,2026-05-27T06:44:21.362Z,2026-05-27T06:44:21.373Z,2026-05-27T06:44:21.373Z
1804,18.8,69.8,15049,50,0.6406,0.2693,72.4,2026-05-27T06:44:30.520Z,2026-05-27T06:44:30.528Z,2026-05-27T06:44:30.528Z
1805,17.9,70.1,0,50,0.625,0.2553,72.4,2026-05-27T06:44:39.684Z,2026-05-27T06:44:39.695Z,2026-05-27T06:44:39.695Z
1806,19,70.1,0,275,0.6875,0.271,72.4,2026-05-27T06:44:52.169Z,2026-05-27T06:44:52.179Z,2026-05-27T06:44:52.179Z
1807,18.8,70.1,0,500,1.1562,0.2682,72.4,2026-05-27T06:45:01.387Z,2026-05-27T06:45:01.398Z,2026-05-27T06:45:01.398Z
1808,17.6,70.1,0,50,0.7031,0.2511,72.4,2026-05-27T06:45:10.534Z,2026-05-27T06:45:10.544Z,2026-05-27T06:45:10.544Z
1809,19.5,70.1,84,275,0.6719,0.2782,72.4,2026-05-27T06:45:19.716Z,2026-05-27T06:45:19.725Z,2026-05-27T06:45:19.725Z
1810,18.5,70.1,0,50,0.5625,0.2639,72.4,2026-05-27T06:45:32.200Z,2026-05-27T06:45:32.210Z,2026-05-27T06:45:32.210Z
1811,18.1,70.2,508,50,0.5469,0.2578,72.4,2026-05-27T06:45:41.374Z,2026-05-27T06:45:41.386Z,2026-05-27T06:45:41.386Z
1812,18,70.1,294,50,0.6875,0.2568,72.4,2026-05-27T06:45:50.523Z,2026-05-27T06:45:50.534Z,2026-05-27T06:45:50.534Z
1813,18.7,70.2,0,50,1.1094,0.2664,72.4,2026-05-27T06:46:03.106Z,2026-05-27T06:46:03.117Z,2026-05-27T06:46:03.117Z
1814,17.9,70,0,500,1.0469,0.2557,72.4,2026-05-27T06:46:12.296Z,2026-05-27T06:46:12.304Z,2026-05-27T06:46:12.304Z
1815,17.4,70.1,3581,50,0.7969,0.2482,72.4,2026-05-27T06:46:21.434Z,2026-05-27T06:46:21.446Z,2026-05-27T06:46:21.446Z
1816,18.1,70.1,121,50,0.5312,0.2582,72.4,2026-05-27T06:46:30.591Z,2026-05-27T06:46:30.600Z,2026-05-27T06:46:30.600Z
1817,19.1,70.1,0,50,0.7188,0.2725,72.4,2026-05-27T06:46:43.083Z,2026-05-27T06:46:43.093Z,2026-05-27T06:46:43.093Z
1818,18.7,69.9,3089,50,0.7188,0.2675,72.4,2026-05-27T06:46:52.346Z,2026-05-27T06:46:52.378Z,2026-05-27T06:46:52.378Z
1819,20.3,69.9,0,350.15,0.6094,0.2904,72.4,2026-05-27T06:47:01.610Z,2026-05-27T06:47:01.628Z,2026-05-27T06:47:01.628Z
1820,22.9,70.1,8496,50,1.0781,0.3267,72.4,2026-05-27T06:47:14.107Z,2026-05-27T06:47:14.117Z,2026-05-27T06:47:14.117Z
1821,17.9,70.2,8496,50,0.6562,0.255,72.4,2026-05-27T06:47:23.307Z,2026-05-27T06:47:23.317Z,2026-05-27T06:47:23.317Z
1822,18.8,70.2,8496,50,0.625,0.2678,72.4,2026-05-27T06:47:32.442Z,2026-05-27T06:47:32.451Z,2026-05-27T06:47:32.451Z
1823,18.2,70.1,8448,199.85,0.625,0.2596,72.4,2026-05-27T06:47:41.610Z,2026-05-27T06:47:41.618Z,2026-05-27T06:47:41.618Z
1824,17.8,70.1,0,50,0.6562,0.2539,72.4,2026-05-27T06:47:54.173Z,2026-05-27T06:47:54.183Z,2026-05-27T06:47:54.183Z
1825,19.2,70.1,289,50,0.625,0.2739,72.4,2026-05-27T06:48:03.306Z,2026-05-27T06:48:03.317Z,2026-05-27T06:48:03.317Z
1826,27.6,69.5,0,50,1.125,0.3971,72.4,2026-05-27T06:48:12.472Z,2026-05-27T06:48:12.480Z,2026-05-27T06:48:12.480Z
1827,17.3,69.6,0,162.5,0.5469,0.2486,72.4,2026-05-27T06:48:24.941Z,2026-05-27T06:48:24.951Z,2026-05-27T06:48:24.951Z
1828,18.8,69.7,0,50,0.5156,0.2697,72.4,2026-05-27T06:48:34.120Z,2026-05-27T06:48:34.129Z,2026-05-27T06:48:34.129Z
1829,18.2,69.3,0,50,0.5625,0.2626,72.4,2026-05-27T06:48:43.273Z,2026-05-27T06:48:43.282Z,2026-05-27T06:48:43.282Z
1830,17.4,69.4,55,500,0.625,0.2507,72.4,2026-05-27T06:48:52.456Z,2026-05-27T06:48:52.466Z,2026-05-27T06:48:52.466Z
1831,19.7,69.6,0,50,1.0312,0.283,72.4,2026-05-27T06:49:04.951Z,2026-05-27T06:49:04.959Z,2026-05-27T06:49:04.959Z
1832,19.3,69.9,0,50,0.6719,0.2761,72.4,2026-05-27T06:49:14.095Z,2026-05-27T06:49:14.104Z,2026-05-27T06:49:14.104Z
1833,16.9,69.9,0,50,0.5781,0.2418,72.4,2026-05-27T06:49:23.276Z,2026-05-27T06:49:23.286Z,2026-05-27T06:49:23.286Z
1834,17.6,69.9,0,50,0.7031,0.2518,72.4,2026-05-27T06:49:35.743Z,2026-05-27T06:49:35.751Z,2026-05-27T06:49:35.751Z
1835,17.7,69.8,155,50,0.5469,0.2536,72.4,2026-05-27T06:49:44.977Z,2026-05-27T06:49:44.986Z,2026-05-27T06:49:44.986Z
1836,19,69.5,387,50,1.0625,0.2734,72.4,2026-05-27T06:49:54.092Z,2026-05-27T06:49:54.102Z,2026-05-27T06:49:54.102Z
1837,19.1,69.5,0,275,1.0625,0.2748,72.4,2026-05-27T06:50:03.314Z,2026-05-27T06:50:03.323Z,2026-05-27T06:50:03.323Z
1838,18.7,69.6,5226,50,0.7188,0.2687,72.4,2026-05-27T06:50:15.824Z,2026-05-27T06:50:15.833Z,2026-05-27T06:50:15.833Z
1839,18,69.6,0,50,0.5469,0.2586,72.4,2026-05-27T06:50:24.936Z,2026-05-27T06:50:24.945Z,2026-05-27T06:50:24.945Z
1840,18.3,69.6,0,50,0.5469,0.2629,72.4,2026-05-27T06:50:34.042Z,2026-05-27T06:50:34.051Z,2026-05-27T06:50:34.051Z
1841,18.9,69.6,402,50,0.7031,0.2716,72.4,2026-05-27T06:50:46.529Z,2026-05-27T06:50:46.538Z,2026-05-27T06:50:46.538Z
1842,16.1,69.7,437,50,0.5938,0.231,72.4,2026-05-27T06:50:55.761Z,2026-05-27T06:50:55.770Z,2026-05-27T06:50:55.770Z
1843,18,69.6,916,50,0.6406,0.2586,72.4,2026-05-27T06:51:04.869Z,2026-05-27T06:51:04.877Z,2026-05-27T06:51:04.877Z
1844,19,69.6,19218,275,0.5781,0.273,72.4,2026-05-27T06:51:14.093Z,2026-05-27T06:51:14.101Z,2026-05-27T06:51:14.101Z
1845,18.2,69.6,0,50,0.7344,0.2615,72.4,2026-05-27T06:51:26.631Z,2026-05-27T06:51:26.641Z,2026-05-27T06:51:26.641Z
1846,18.6,69.6,4792,50,0.625,0.2672,72.4,2026-05-27T06:51:35.763Z,2026-05-27T06:51:35.776Z,2026-05-27T06:51:35.776Z
1847,18,69.6,0,50,1.0625,0.2586,72.4,2026-05-27T06:51:44.892Z,2026-05-27T06:51:44.904Z,2026-05-27T06:51:44.904Z
1848,16.7,69.7,438,50,0.5156,0.2396,72.4,2026-05-27T06:51:57.338Z,2026-05-27T06:51:57.346Z,2026-05-27T06:51:57.346Z
1849,20.7,69.6,282,50,0.6406,0.2974,72.4,2026-05-27T06:52:06.606Z,2026-05-27T06:52:06.616Z,2026-05-27T06:52:06.616Z
1850,19.2,69.9,6953,50,0.625,0.2747,72.4,2026-05-27T06:52:15.710Z,2026-05-27T06:52:15.718Z,2026-05-27T06:52:15.718Z
1851,17.9,69.9,0,500,1.1719,0.2561,72.4,2026-05-27T06:52:24.937Z,2026-05-27T06:52:24.947Z,2026-05-27T06:52:24.947Z
1852,17.3,69.9,686,50,0.6562,0.2475,72.4,2026-05-27T06:52:37.708Z,2026-05-27T06:52:37.718Z,2026-05-27T06:52:37.718Z
1853,18.7,69.8,15412,50,0.6094,0.2679,72.4,2026-05-27T06:52:46.808Z,2026-05-27T06:52:46.818Z,2026-05-27T06:52:46.818Z
1854,17.7,69.8,809,50,0.6719,0.2536,72.4,2026-05-27T06:52:55.930Z,2026-05-27T06:52:55.938Z,2026-05-27T06:52:55.938Z
1855,17.6,69.8,0,50,0.6406,0.2521,72.4,2026-05-27T06:53:08.188Z,2026-05-27T06:53:08.197Z,2026-05-27T06:53:08.197Z
1856,18.6,69.9,0,50,1.1094,0.2661,72.4,2026-05-27T06:53:17.483Z,2026-05-27T06:53:17.490Z,2026-05-27T06:53:17.490Z
1857,19,70.1,0,50,0.9688,0.271,72.4,2026-05-27T06:53:26.565Z,2026-05-27T06:53:26.574Z,2026-05-27T06:53:26.574Z
1858,17.6,69.9,0,50,0.5469,0.2518,72.4,2026-05-27T06:53:35.669Z,2026-05-27T06:53:35.678Z,2026-05-27T06:53:35.678Z
1859,19.3,69.9,0,50,0.5938,0.2761,72.4,2026-05-27T06:53:48.459Z,2026-05-27T06:53:48.468Z,2026-05-27T06:53:48.468Z
1860,17.9,69.9,0,50,1.1719,0.2561,72.4,2026-05-27T06:53:57.609Z,2026-05-27T06:53:57.619Z,2026-05-27T06:53:57.619Z
1861,17.9,70,27658,162.5,0.8125,0.2557,72.4,2026-05-27T06:54:06.709Z,2026-05-27T06:54:06.719Z,2026-05-27T06:54:06.719Z
1862,19,70,358,50,0.6094,0.2714,72.4,2026-05-27T06:54:18.849Z,2026-05-27T06:54:18.861Z,2026-05-27T06:54:18.861Z
1863,16,70,0,50,0.0469,0.2286,72.4,2026-05-27T06:54:28.127Z,2026-05-27T06:54:28.135Z,2026-05-27T06:54:28.135Z
1864,11.8,70.4,3974,275,0.4062,0.1676,72.4,2026-05-27T06:54:37.239Z,2026-05-27T06:54:37.247Z,2026-05-27T06:54:37.247Z
1865,6.3,70.3,435,50,0.125,0.0896,72.4,2026-05-27T06:54:46.433Z,2026-05-27T06:54:46.443Z,2026-05-27T06:54:46.443Z
1866,5.1,70.1,284,50,0.4688,0.0728,72.4,2026-05-27T06:54:59.026Z,2026-05-27T06:54:59.034Z,2026-05-27T06:54:59.034Z
1867,6.2,70.2,1514,50,0.7031,0.0883,72.4,2026-05-27T06:55:08.154Z,2026-05-27T06:55:08.164Z,2026-05-27T06:55:08.164Z
1868,5.5,70.3,0,50,0.1719,0.0782,72.4,2026-05-27T06:55:17.341Z,2026-05-27T06:55:17.350Z,2026-05-27T06:55:17.350Z
1869,4.4,70.3,84,50,0.1094,0.0626,72.4,2026-05-27T06:55:29.811Z,2026-05-27T06:55:29.820Z,2026-05-27T06:55:29.820Z
1870,5.5,70.3,84,50,0.1875,0.0782,72.4,2026-05-27T06:55:39.040Z,2026-05-27T06:55:39.048Z,2026-05-27T06:55:39.048Z
1871,5.4,70.2,7646,50,0.125,0.0769,72.4,2026-05-27T06:55:48.157Z,2026-05-27T06:55:48.165Z,2026-05-27T06:55:48.165Z
1872,2.5,70.2,180,50,0.0469,0.0356,72.4,2026-05-27T06:55:57.508Z,2026-05-27T06:55:57.518Z,2026-05-27T06:55:57.518Z
1873,6,70.2,0,50,0.1719,0.0855,72.4,2026-05-27T06:56:09.774Z,2026-05-27T06:56:09.783Z,2026-05-27T06:56:09.783Z
1874,5.6,70.2,0,387.5,0.2812,0.0798,72.4,2026-05-27T06:56:18.858Z,2026-05-27T06:56:18.868Z,2026-05-27T06:56:18.868Z
1875,5.9,70.2,318,162.5,0.2344,0.084,72.4,2026-05-27T06:56:28.076Z,2026-05-27T06:56:28.084Z,2026-05-27T06:56:28.084Z
1876,3.6,69.8,470,50,0.0625,0.0516,72.4,2026-05-27T06:56:40.542Z,2026-05-27T06:56:40.552Z,2026-05-27T06:56:40.552Z
1877,5.6,69.8,318,162.5,0.2344,0.0802,72.4,2026-05-27T06:56:49.703Z,2026-05-27T06:56:49.712Z,2026-05-27T06:56:49.712Z
1878,2.8,69.8,138,50,0.25,0.0401,72.4,2026-05-27T06:56:58.805Z,2026-05-27T06:56:58.812Z,2026-05-27T06:56:58.812Z
1879,7.8,69.9,840,50,0.3281,0.1116,72.4,2026-05-27T06:57:11.145Z,2026-05-27T06:57:11.157Z,2026-05-27T06:57:11.157Z
1880,6.4,69.8,538,50,0.0781,0.0917,72.4,2026-05-27T06:57:20.492Z,2026-05-27T06:57:20.500Z,2026-05-27T06:57:20.500Z
1881,3.4,69.8,139,50,0.2031,0.0487,72.4,2026-05-27T06:57:29.619Z,2026-05-27T06:57:29.629Z,2026-05-27T06:57:29.629Z
1882,3.7,69.8,447,50,0.1406,0.053,72.4,2026-05-27T06:57:38.868Z,2026-05-27T06:57:38.877Z,2026-05-27T06:57:38.877Z
1883,6.5,69.8,205,50,0.125,0.0931,72.4,2026-05-27T06:57:51.278Z,2026-05-27T06:57:51.288Z,2026-05-27T06:57:51.288Z
1884,5.9,69.8,1535,50,0.4219,0.0845,72.4,2026-05-27T06:58:00.386Z,2026-05-27T06:58:00.394Z,2026-05-27T06:58:00.394Z
1885,6,69.8,0,162.5,0.2656,0.086,72.4,2026-05-27T06:58:09.544Z,2026-05-27T06:58:09.554Z,2026-05-27T06:58:09.554Z
1886,5.4,69.8,180,50,0.2812,0.0774,72.4,2026-05-27T06:58:21.988Z,2026-05-27T06:58:21.997Z,2026-05-27T06:58:21.997Z
1887,6.3,70,1636,275,0.7031,0.09,72.4,2026-05-27T06:58:31.238Z,2026-05-27T06:58:31.247Z,2026-05-27T06:58:31.247Z
1888,5,70,0,50,0.2812,0.0714,72.4,2026-05-27T06:58:40.344Z,2026-05-27T06:58:40.353Z,2026-05-27T06:58:40.353Z
1889,6.6,69.9,42,50,0.125,0.0944,72.4,2026-05-27T06:58:49.627Z,2026-05-27T06:58:49.636Z,2026-05-27T06:58:49.636Z
1890,7.1,69.9,42,50,0.3906,0.1016,72.4,2026-05-27T06:59:02.147Z,2026-05-27T06:59:02.155Z,2026-05-27T06:59:02.155Z
1891,7.8,69.9,494,162.5,0.1562,0.1116,72.4,2026-05-27T06:59:11.268Z,2026-05-27T06:59:11.276Z,2026-05-27T06:59:11.276Z
1892,4,69.9,4481,50,0.3125,0.0572,72.4,2026-05-27T06:59:20.431Z,2026-05-27T06:59:20.441Z,2026-05-27T06:59:20.441Z
1893,6.8,69.9,20077,50,0.2188,0.0973,72.4,2026-05-27T06:59:32.909Z,2026-05-27T06:59:32.919Z,2026-05-27T06:59:32.919Z
1894,7.7,69.9,0,387.5,0.2344,0.1102,72.4,2026-05-27T06:59:42.167Z,2026-05-27T06:59:42.175Z,2026-05-27T06:59:42.175Z
1895,6.6,69.9,39497,275,0.4219,0.0944,72.4,2026-05-27T06:59:51.279Z,2026-05-27T06:59:51.290Z,2026-05-27T06:59:51.290Z
1896,6.3,69.9,0,50,0.2344,0.0901,72.4,2026-05-27T07:00:00.555Z,2026-05-27T07:00:00.564Z,2026-05-27T07:00:00.564Z
1897,9.7,69.9,42,275,0.4219,0.1388,72.4,2026-05-27T07:00:12.946Z,2026-05-27T07:00:12.954Z,2026-05-27T07:00:12.954Z
1898,8.1,70,42,50,0.2031,0.1157,72.4,2026-05-27T07:00:22.072Z,2026-05-27T07:00:22.082Z,2026-05-27T07:00:22.082Z
1899,6.6,70,15635,50,0.3594,0.0943,72.4,2026-05-27T07:00:31.253Z,2026-05-27T07:00:31.261Z,2026-05-27T07:00:31.261Z
1900,10.4,70,0,275,0.3125,0.1486,72.4,2026-05-27T07:00:43.734Z,2026-05-27T07:00:43.745Z,2026-05-27T07:00:43.745Z
1901,6.6,70,0,50,0.2812,0.0943,72.4,2026-05-27T07:00:52.922Z,2026-05-27T07:00:52.933Z,2026-05-27T07:00:52.933Z
1902,6.6,70,15041,50,0.2656,0.0943,72.4,2026-05-27T07:01:02.026Z,2026-05-27T07:01:02.035Z,2026-05-27T07:01:02.035Z
1903,7.5,69.9,3366,50,0.3125,0.1073,72.4,2026-05-27T07:01:11.326Z,2026-05-27T07:01:11.336Z,2026-05-27T07:01:11.336Z
1904,7.6,70,0,50,0.25,0.1086,72.4,2026-05-27T07:01:23.995Z,2026-05-27T07:01:24.004Z,2026-05-27T07:01:24.004Z
1905,6.2,70,0,50,0.2656,0.0886,72.4,2026-05-27T07:01:33.103Z,2026-05-27T07:01:33.111Z,2026-05-27T07:01:33.111Z
1906,9.3,70.1,358,50,0.2344,0.1327,72.4,2026-05-27T07:01:42.227Z,2026-05-27T07:01:42.236Z,2026-05-27T07:01:42.236Z
1907,6.3,70.1,371,275,0.2812,0.0899,72.4,2026-05-27T07:01:54.690Z,2026-05-27T07:01:54.700Z,2026-05-27T07:01:54.700Z
1908,8,70,0,50,0.3438,0.1143,72.4,2026-05-27T07:02:03.857Z,2026-05-27T07:02:03.865Z,2026-05-27T07:02:03.865Z
1909,9.1,70,0,50,0.1875,0.13,72.4,2026-05-27T07:02:12.959Z,2026-05-27T07:02:12.967Z,2026-05-27T07:02:12.967Z
1910,7.3,70,899,50,0.4062,0.1043,72.4,2026-05-27T07:02:22.199Z,2026-05-27T07:02:22.210Z,2026-05-27T07:02:22.210Z
1911,9.4,70,0,275,0.2344,0.1343,72.4,2026-05-27T07:02:34.900Z,2026-05-27T07:02:34.910Z,2026-05-27T07:02:34.910Z
1912,9.2,69.7,0,50,0.375,0.132,72.4,2026-05-27T07:02:45.152Z,2026-05-27T07:02:45.162Z,2026-05-27T07:02:45.162Z
1913,8.9,69.7,3768,50,0.3906,0.1277,72.4,2026-05-27T07:02:56.093Z,2026-05-27T07:02:56.103Z,2026-05-27T07:02:56.103Z
1914,10.2,69.7,0,50,0.3281,0.1463,72.4,2026-05-27T07:03:05.924Z,2026-05-27T07:03:05.935Z,2026-05-27T07:03:05.935Z
1915,17,70.5,0,50,1.3906,0.2411,72.4,2026-05-27T07:03:16.014Z,2026-05-27T07:03:16.023Z,2026-05-27T07:03:16.023Z
1916,12.5,69.4,691,50,0.7656,0.1801,72.4,2026-05-27T07:03:25.652Z,2026-05-27T07:03:25.661Z,2026-05-27T07:03:25.661Z
1917,10.6,69.4,0,50,0.3438,0.1527,72.4,2026-05-27T07:03:35.428Z,2026-05-27T07:03:35.436Z,2026-05-27T07:03:35.436Z
1918,12.2,69.4,154,50,0.4531,0.1758,72.4,2026-05-27T07:03:44.689Z,2026-05-27T07:03:44.699Z,2026-05-27T07:03:44.699Z
1919,11.3,69.5,0,275,0.4375,0.1626,72.4,2026-05-27T07:03:54.347Z,2026-05-27T07:03:54.362Z,2026-05-27T07:03:54.362Z
1920,12,69.5,0,50,0.5469,0.1727,72.4,2026-05-27T07:04:06.335Z,2026-05-27T07:04:06.350Z,2026-05-27T07:04:06.350Z
1921,13.6,69.6,60107,50,0.5938,0.1954,72.4,2026-05-27T07:04:16.004Z,2026-05-27T07:04:16.016Z,2026-05-27T07:04:16.016Z
1922,11,69.6,14616,50,0.5938,0.158,72.4,2026-05-27T07:04:25.286Z,2026-05-27T07:04:25.295Z,2026-05-27T07:04:25.295Z
1923,12.3,69.6,0,500,0.4375,0.1767,72.4,2026-05-27T07:04:34.593Z,2026-05-27T07:04:34.602Z,2026-05-27T07:04:34.602Z
1924,12.5,69.6,402,50,0.3906,0.1796,72.4,2026-05-27T07:04:46.665Z,2026-05-27T07:04:46.674Z,2026-05-27T07:04:46.674Z
1925,14,69.4,387,162.5,0.4688,0.2017,72.4,2026-05-27T07:04:56.833Z,2026-05-27T07:04:56.844Z,2026-05-27T07:04:56.844Z
1926,12.3,69.5,0,162.5,0.375,0.177,72.4,2026-05-27T07:05:06.817Z,2026-05-27T07:05:06.826Z,2026-05-27T07:05:06.826Z
1927,12.5,69.5,150,50,0.3125,0.1799,72.4,2026-05-27T07:05:16.613Z,2026-05-27T07:05:16.622Z,2026-05-27T07:05:16.622Z
1928,12.5,69.5,0,275,0.875,0.1799,72.4,2026-05-27T07:05:25.893Z,2026-05-27T07:05:25.903Z,2026-05-27T07:05:25.903Z
1929,10.9,69.5,121,199.85,0.4062,0.1568,72.4,2026-05-27T07:05:35.319Z,2026-05-27T07:05:35.328Z,2026-05-27T07:05:35.328Z
1930,12.7,69.5,0,50,0.5,0.1827,72.4,2026-05-27T07:05:47.395Z,2026-05-27T07:05:47.404Z,2026-05-27T07:05:47.404Z
1931,13.9,69.6,0,275,0.4062,0.1997,72.4,2026-05-27T07:05:57.146Z,2026-05-27T07:05:57.155Z,2026-05-27T07:05:57.155Z
1932,26.9,69.8,0,50,0.5781,0.3854,72.4,2026-05-27T07:06:06.575Z,2026-05-27T07:06:06.584Z,2026-05-27T07:06:06.584Z
1933,14,69.7,204,199.85,0.3906,0.2009,72.4,2026-05-27T07:06:16.676Z,2026-05-27T07:06:16.687Z,2026-05-27T07:06:16.687Z
1934,13.4,69.6,0,125.15,0.4531,0.1925,72.4,2026-05-27T07:06:27.277Z,2026-05-27T07:06:27.286Z,2026-05-27T07:06:27.286Z
1935,12.2,69.6,523,50,0.3906,0.1753,72.4,2026-05-27T07:06:36.558Z,2026-05-27T07:06:36.567Z,2026-05-27T07:06:36.567Z
1936,13,69.6,248,275,0.4219,0.1868,72.4,2026-05-27T07:06:46.185Z,2026-05-27T07:06:46.195Z,2026-05-27T07:06:46.195Z
1937,13.4,69.3,275,162.5,0.5938,0.1934,72.4,2026-05-27T07:06:58.259Z,2026-05-27T07:06:58.269Z,2026-05-27T07:06:58.269Z
1938,14.1,69.3,0,50,0.5,0.2035,72.4,2026-05-27T07:07:07.633Z,2026-05-27T07:07:07.644Z,2026-05-27T07:07:07.644Z
1939,14.3,69.7,137,50,0.4688,0.2052,72.4,2026-05-27T07:07:17.032Z,2026-05-27T07:07:17.043Z,2026-05-27T07:07:17.043Z
1940,12.8,69.7,360,50,0.4688,0.1836,72.4,2026-05-27T07:07:28.608Z,2026-05-27T07:07:28.616Z,2026-05-27T07:07:28.616Z
1941,13.1,69.7,4033,50,0.5,0.1879,72.4,2026-05-27T07:07:38.126Z,2026-05-27T07:07:38.134Z,2026-05-27T07:07:38.134Z
1942,15.3,69.6,0,50,0.6719,0.2198,72.4,2026-05-27T07:07:47.402Z,2026-05-27T07:07:47.411Z,2026-05-27T07:07:47.411Z
1943,15.6,69.6,137,50,0.6719,0.2241,72.4,2026-05-27T07:07:56.974Z,2026-05-27T07:07:56.986Z,2026-05-27T07:07:56.986Z
1944,15.7,69.7,10427,162.5,1.25,0.2253,72.4,2026-05-27T07:08:08.852Z,2026-05-27T07:08:08.862Z,2026-05-27T07:08:08.862Z
1945,15.5,69.5,137,50,0.5,0.223,72.4,2026-05-27T07:08:18.095Z,2026-05-27T07:08:18.109Z,2026-05-27T07:08:18.109Z
1946,14.4,69.5,0,350.15,0.5156,0.2072,72.4,2026-05-27T07:08:27.383Z,2026-05-27T07:08:27.394Z,2026-05-27T07:08:27.394Z
1947,14.9,69.6,1821,50,0.5625,0.2141,72.4,2026-05-27T07:08:39.412Z,2026-05-27T07:08:39.421Z,2026-05-27T07:08:39.421Z
1948,16.5,69.3,19785,162.5,1.0469,0.2381,72.4,2026-05-27T07:08:48.884Z,2026-05-27T07:08:48.892Z,2026-05-27T07:08:48.892Z
1949,15.4,69.3,2953,50,0.6406,0.2222,72.4,2026-05-27T07:08:58.150Z,2026-05-27T07:08:58.164Z,2026-05-27T07:08:58.164Z
1950,17.6,69.7,4605,50,1.25,0.2525,72.4,2026-05-27T07:09:07.569Z,2026-05-27T07:09:07.577Z,2026-05-27T07:09:07.577Z
1951,15.8,69.7,14413,50,0.5625,0.2267,72.4,2026-05-27T07:09:19.511Z,2026-05-27T07:09:19.519Z,2026-05-27T07:09:19.519Z
1952,15.8,69.7,0,50,0.8906,0.2267,72.4,2026-05-27T07:09:28.838Z,2026-05-27T07:09:28.849Z,2026-05-27T07:09:28.849Z
1953,15.2,69.6,84,50,0.6562,0.2184,72.4,2026-05-27T07:09:38.246Z,2026-05-27T07:09:38.256Z,2026-05-27T07:09:38.256Z
1954,14.2,69.6,0,50,0.4844,0.204,72.4,2026-05-27T07:09:50.131Z,2026-05-27T07:09:50.140Z,2026-05-27T07:09:50.140Z
1955,14.7,69.6,0,50,0.5156,0.2112,72.4,2026-05-27T07:09:59.393Z,2026-05-27T07:09:59.403Z,2026-05-27T07:09:59.403Z
1956,18.1,69.7,0,50,0.5781,0.2597,72.4,2026-05-27T07:10:08.640Z,2026-05-27T07:10:08.651Z,2026-05-27T07:10:08.651Z
1957,15.5,69.7,0,50,0.6094,0.2224,72.4,2026-05-27T07:10:18.238Z,2026-05-27T07:10:18.246Z,2026-05-27T07:10:18.246Z
1958,14.8,69.7,248,275,0.5469,0.2123,72.4,2026-05-27T07:10:30.075Z,2026-05-27T07:10:30.086Z,2026-05-27T07:10:30.086Z
1959,16.3,69.7,3917,50,0.8125,0.2339,72.4,2026-05-27T07:10:39.331Z,2026-05-27T07:10:39.340Z,2026-05-27T07:10:39.340Z
1960,14.4,69.7,371,50,0.4844,0.2066,72.4,2026-05-27T07:10:48.768Z,2026-05-27T07:10:48.777Z,2026-05-27T07:10:48.777Z
1961,14.5,69.7,84,199.85,0.4375,0.208,72.4,2026-05-27T07:11:00.750Z,2026-05-27T07:11:00.758Z,2026-05-27T07:11:00.758Z
1962,17.6,69.8,2922,50,0.5938,0.2521,72.4,2026-05-27T07:11:09.992Z,2026-05-27T07:11:10.002Z,2026-05-27T07:11:10.002Z
1963,16.4,69.7,0,50,0.5,0.2353,72.4,2026-05-27T07:11:19.265Z,2026-05-27T07:11:19.272Z,2026-05-27T07:11:19.272Z
1964,29.3,70.2,317,50,0.6094,0.4174,72.4,2026-05-27T07:11:31.209Z,2026-05-27T07:11:31.219Z,2026-05-27T07:11:31.219Z
1965,16.2,70.2,0,50,0.5469,0.2308,72.4,2026-05-27T07:11:40.728Z,2026-05-27T07:11:40.739Z,2026-05-27T07:11:40.739Z
1966,16.8,70.1,0,50,0.5625,0.2397,72.4,2026-05-27T07:11:50.015Z,2026-05-27T07:11:50.024Z,2026-05-27T07:11:50.024Z
1967,16.6,70.1,136,50,0.5625,0.2368,72.4,2026-05-27T07:11:59.488Z,2026-05-27T07:11:59.498Z,2026-05-27T07:11:59.498Z
1968,19,69.4,178,50,0.625,0.2738,72.4,2026-05-27T07:12:11.460Z,2026-05-27T07:12:11.472Z,2026-05-27T07:12:11.472Z
1969,26.9,69.4,987,50,1.0469,0.3876,72.4,2026-05-27T07:12:20.756Z,2026-05-27T07:12:20.765Z,2026-05-27T07:12:20.765Z
1970,15.1,69.4,248,50,0.625,0.2176,72.4,2026-05-27T07:12:30.013Z,2026-05-27T07:12:30.022Z,2026-05-27T07:12:30.022Z
1971,17.4,69.4,0,50,0.9844,0.2507,72.4,2026-05-27T07:12:42.166Z,2026-05-27T07:12:42.178Z,2026-05-27T07:12:42.178Z
1972,16.7,69.4,3186,50,0.7656,0.2406,72.4,2026-05-27T07:12:51.450Z,2026-05-27T07:12:51.462Z,2026-05-27T07:12:51.462Z
1973,17.4,69.2,0,350.15,0.5,0.2514,72.4,2026-05-27T07:13:00.853Z,2026-05-27T07:13:00.862Z,2026-05-27T07:13:00.862Z
1974,16.2,69.6,0,275,0.5,0.2328,72.4,2026-05-27T07:13:10.256Z,2026-05-27T07:13:10.266Z,2026-05-27T07:13:10.266Z
1975,18.2,69.5,0,50,0.875,0.2619,72.4,2026-05-27T07:13:22.131Z,2026-05-27T07:13:22.141Z,2026-05-27T07:13:22.141Z
1976,19.3,69.6,744,50,0.9531,0.2773,72.4,2026-05-27T07:13:31.525Z,2026-05-27T07:13:31.535Z,2026-05-27T07:13:31.535Z
1977,19.6,69.8,0,50,0.6406,0.2808,72.4,2026-05-27T07:13:41.014Z,2026-05-27T07:13:41.023Z,2026-05-27T07:13:41.023Z
1978,17.4,69.7,0,50,0.6562,0.2496,72.4,2026-05-27T07:13:52.755Z,2026-05-27T07:13:52.764Z,2026-05-27T07:13:52.764Z
1979,17.6,69.8,0,50,0.5625,0.2521,72.4,2026-05-27T07:14:02.134Z,2026-05-27T07:14:02.143Z,2026-05-27T07:14:02.143Z
1980,19,69.9,31915,275,0.6562,0.2718,72.4,2026-05-27T07:14:11.471Z,2026-05-27T07:14:11.483Z,2026-05-27T07:14:11.483Z
1981,19.3,69.9,90,50,0.75,0.2761,72.4,2026-05-27T07:14:20.840Z,2026-05-27T07:14:20.850Z,2026-05-27T07:14:20.850Z
1982,19.6,69.9,717,50,0.5938,0.2804,72.4,2026-05-27T07:14:32.793Z,2026-05-27T07:14:32.804Z,2026-05-27T07:14:32.804Z
1983,17.4,69.8,0,50,1.0625,0.2493,72.4,2026-05-27T07:14:42.209Z,2026-05-27T07:14:42.217Z,2026-05-27T07:14:42.217Z
1984,17.1,69.8,756,50,0.625,0.245,72.4,2026-05-27T07:14:51.607Z,2026-05-27T07:14:51.615Z,2026-05-27T07:14:51.615Z
1985,17.3,69.8,2263,50,0.5938,0.2479,72.4,2026-05-27T07:15:03.425Z,2026-05-27T07:15:03.435Z,2026-05-27T07:15:03.435Z
1986,17.7,69.8,1436,50,0.6406,0.2536,72.4,2026-05-27T07:15:12.692Z,2026-05-27T07:15:12.702Z,2026-05-27T07:15:12.702Z
1987,20.7,70.1,6044,50,1.0156,0.2953,72.4,2026-05-27T07:15:21.983Z,2026-05-27T07:15:21.994Z,2026-05-27T07:15:21.994Z
1988,17.5,70,754,275,0.6875,0.25,72.4,2026-05-27T07:15:34.133Z,2026-05-27T07:15:34.144Z,2026-05-27T07:15:34.144Z
1989,16.8,69.7,0,50,0.6094,0.241,72.4,2026-05-27T07:15:43.461Z,2026-05-27T07:15:43.479Z,2026-05-27T07:15:43.479Z
1990,17.9,69.7,4372,50,0.5938,0.2568,72.4,2026-05-27T07:15:52.785Z,2026-05-27T07:15:52.795Z,2026-05-27T07:15:52.795Z
1991,17,69.6,0,50,1.1719,0.2443,72.4,2026-05-27T07:16:02.186Z,2026-05-27T07:16:02.198Z,2026-05-27T07:16:02.198Z
1992,18.5,69.9,437,50,0.5312,0.2647,72.4,2026-05-27T07:16:14.130Z,2026-05-27T07:16:14.141Z,2026-05-27T07:16:14.141Z
1993,18.4,69.9,0,50,0.75,0.2632,72.4,2026-05-27T07:16:23.427Z,2026-05-27T07:16:23.436Z,2026-05-27T07:16:23.436Z
1994,20.6,69.8,1682,50,0.6094,0.2951,72.4,2026-05-27T07:16:32.837Z,2026-05-27T07:16:32.848Z,2026-05-27T07:16:32.848Z
1995,18,69.7,0,50,0.5938,0.2582,72.4,2026-05-27T07:16:44.823Z,2026-05-27T07:16:44.834Z,2026-05-27T07:16:44.834Z
1996,28.2,69.9,0,50,0.6406,0.4034,72.4,2026-05-27T07:16:54.064Z,2026-05-27T07:16:54.081Z,2026-05-27T07:16:54.081Z
1997,19,69.7,15905,50,0.6719,0.2726,72.4,2026-05-27T07:17:03.399Z,2026-05-27T07:17:03.408Z,2026-05-27T07:17:03.408Z
1998,17.9,69.7,0,50,0.7031,0.2568,72.4,2026-05-27T07:17:12.793Z,2026-05-27T07:17:12.801Z,2026-05-27T07:17:12.801Z
1999,20.2,69.7,0,50,1.7969,0.2898,72.4,2026-05-27T07:17:24.764Z,2026-05-27T07:17:24.774Z,2026-05-27T07:17:24.774Z
2000,22.7,69.7,0,50,0.9688,0.3257,72.4,2026-05-27T07:17:34.026Z,2026-05-27T07:17:34.034Z,2026-05-27T07:17:34.034Z
2001,17.4,69.5,160,50,0.6719,0.2504,72.4,2026-05-27T07:17:43.427Z,2026-05-27T07:17:43.435Z,2026-05-27T07:17:43.435Z
2002,18,69.5,1905,50,0.7969,0.259,72.4,2026-05-27T07:17:55.465Z,2026-05-27T07:17:55.479Z,2026-05-27T07:17:55.479Z
2003,21,69.5,162,50,0.625,0.3022,72.4,2026-05-27T07:18:04.712Z,2026-05-27T07:18:04.724Z,2026-05-27T07:18:04.724Z
2004,18.9,69.8,0,50,0.6875,0.2708,72.4,2026-05-27T07:18:14.019Z,2026-05-27T07:18:14.027Z,2026-05-27T07:18:14.027Z
2005,31.4,69.2,15986,275,0.7969,0.4538,72.4,2026-05-27T07:18:23.452Z,2026-05-27T07:18:23.462Z,2026-05-27T07:18:23.462Z
2006,19.2,69.4,13073,50,1.0156,0.2767,72.4,2026-05-27T07:18:35.489Z,2026-05-27T07:18:35.499Z,2026-05-27T07:18:35.499Z
2007,17.4,69.5,522,50,0.625,0.2504,72.4,2026-05-27T07:18:44.782Z,2026-05-27T07:18:44.794Z,2026-05-27T07:18:44.794Z
2008,18.5,69.4,5117,50,0.8125,0.2666,72.4,2026-05-27T07:18:54.156Z,2026-05-27T07:18:54.167Z,2026-05-27T07:18:54.167Z
2009,18.8,69.5,0,50,0.7031,0.2705,72.4,2026-05-27T07:19:06.223Z,2026-05-27T07:19:06.232Z,2026-05-27T07:19:06.232Z
2010,19.7,69.5,2685,50,0.6875,0.2835,72.4,2026-05-27T07:19:15.512Z,2026-05-27T07:19:15.521Z,2026-05-27T07:19:15.521Z
2011,19.1,69.5,2080,50,0.5625,0.2748,72.4,2026-05-27T07:19:24.805Z,2026-05-27T07:19:24.816Z,2026-05-27T07:19:24.816Z
2012,17.3,69.5,414,50,0.9219,0.2489,72.4,2026-05-27T07:19:36.909Z,2026-05-27T07:19:36.917Z,2026-05-27T07:19:36.917Z
2013,17.3,69.5,371,50,0.6719,0.2489,72.4,2026-05-27T07:19:46.185Z,2026-05-27T07:19:46.194Z,2026-05-27T07:19:46.194Z
2014,19.3,69.3,14349,50,0.7812,0.2785,72.4,2026-05-27T07:19:55.464Z,2026-05-27T07:19:55.483Z,2026-05-27T07:19:55.483Z
2015,18.1,69.4,0,50,0.5312,0.2608,72.4,2026-05-27T07:20:04.881Z,2026-05-27T07:20:04.891Z,2026-05-27T07:20:04.891Z
2016,17.9,69.5,126,50,0.5781,0.2576,72.4,2026-05-27T07:20:16.835Z,2026-05-27T07:20:16.844Z,2026-05-27T07:20:16.844Z
2017,18.6,69.5,0,50,0.5781,0.2676,72.4,2026-05-27T07:20:26.132Z,2026-05-27T07:20:26.141Z,2026-05-27T07:20:26.141Z
2018,18.1,69.6,248,50,1.0625,0.2601,72.4,2026-05-27T07:20:35.608Z,2026-05-27T07:20:35.617Z,2026-05-27T07:20:35.617Z
2019,18,69.6,410,275,1.0625,0.2586,72.4,2026-05-27T07:20:47.753Z,2026-05-27T07:20:47.769Z,2026-05-27T07:20:47.769Z
2020,17.3,69.6,0,500,0.6094,0.2486,72.4,2026-05-27T07:20:57.403Z,2026-05-27T07:20:57.411Z,2026-05-27T07:20:57.411Z
2021,18.7,69.6,192,50,0.7344,0.2687,72.4,2026-05-27T07:21:06.686Z,2026-05-27T07:21:06.695Z,2026-05-27T07:21:06.695Z
2022,19.4,69.6,0,50,0.5,0.2787,72.4,2026-05-27T07:21:15.961Z,2026-05-27T07:21:15.970Z,2026-05-27T07:21:15.970Z
2023,18,69.6,0,50,0.6875,0.2586,72.4,2026-05-27T07:21:28.093Z,2026-05-27T07:21:28.106Z,2026-05-27T07:21:28.106Z
2024,19.9,69.6,0,50,1.0781,0.2859,72.4,2026-05-27T07:21:37.363Z,2026-05-27T07:21:37.376Z,2026-05-27T07:21:37.376Z
2025,16.6,69.6,0,50,0.5625,0.2385,72.4,2026-05-27T07:21:46.660Z,2026-05-27T07:21:46.671Z,2026-05-27T07:21:46.671Z
2026,19,69.6,13924,50,0.7031,0.273,72.4,2026-05-27T07:21:58.447Z,2026-05-27T07:21:58.458Z,2026-05-27T07:21:58.458Z
2027,19.3,69.6,11584,50,0.9219,0.2773,72.4,2026-05-27T07:22:08.080Z,2026-05-27T07:22:08.092Z,2026-05-27T07:22:08.092Z
2028,17.8,69.6,0,50,0.5781,0.2557,72.4,2026-05-27T07:22:17.333Z,2026-05-27T07:22:17.344Z,2026-05-27T07:22:17.344Z
2029,19.9,69.6,248,50,0.5781,0.2859,72.4,2026-05-27T07:22:26.814Z,2026-05-27T07:22:26.825Z,2026-05-27T07:22:26.825Z
2030,18.9,69.6,458,50,0.7188,0.2716,72.4,2026-05-27T07:22:38.817Z,2026-05-27T07:22:38.827Z,2026-05-27T07:22:38.827Z
2031,17.9,69.6,84,50,1.0938,0.2572,72.4,2026-05-27T07:22:48.097Z,2026-05-27T07:22:48.108Z,2026-05-27T07:22:48.108Z
2032,16.8,69.6,602,50,0.625,0.2414,72.4,2026-05-27T07:22:57.405Z,2026-05-27T07:22:57.414Z,2026-05-27T07:22:57.414Z
2033,19.5,69.7,1227,50,0.6094,0.2798,72.4,2026-05-27T07:23:09.389Z,2026-05-27T07:23:09.401Z,2026-05-27T07:23:09.401Z
2034,17.3,69.6,348,50,0.6406,0.2486,72.4,2026-05-27T07:23:18.808Z,2026-05-27T07:23:18.819Z,2026-05-27T07:23:18.819Z
2035,19.1,69.8,0,50,0.5,0.2736,72.4,2026-05-27T07:23:28.091Z,2026-05-27T07:23:28.100Z,2026-05-27T07:23:28.100Z
2036,19.5,69.6,3712,50,0.6562,0.2802,72.4,2026-05-27T07:23:39.852Z,2026-05-27T07:23:39.860Z,2026-05-27T07:23:39.860Z
2037,17.7,69.7,354,50,1.0156,0.2539,72.4,2026-05-27T07:23:49.460Z,2026-05-27T07:23:49.469Z,2026-05-27T07:23:49.469Z
2038,16.9,69.7,412,50,0.7031,0.2425,72.4,2026-05-27T07:23:58.702Z,2026-05-27T07:23:58.711Z,2026-05-27T07:23:58.711Z
2039,20.6,69.8,6566,50,0.9375,0.2951,72.4,2026-05-27T07:24:07.969Z,2026-05-27T07:24:07.980Z,2026-05-27T07:24:07.980Z
2040,18.3,69.9,75112,350.15,0.7031,0.2618,72.4,2026-05-27T07:24:20.240Z,2026-05-27T07:24:20.249Z,2026-05-27T07:24:20.249Z
2041,17.4,69.9,14702,162.5,0.6719,0.2489,72.4,2026-05-27T07:24:29.491Z,2026-05-27T07:24:29.499Z,2026-05-27T07:24:29.499Z
2042,17.5,69.9,530,50,0.6562,0.2504,72.4,2026-05-27T07:24:38.752Z,2026-05-27T07:24:38.760Z,2026-05-27T07:24:38.760Z
2043,19,69.7,13877,50,1,0.2726,72.4,2026-05-27T07:24:50.482Z,2026-05-27T07:24:50.491Z,2026-05-27T07:24:50.491Z
2044,18.3,69.7,0,50,0.9688,0.2626,72.4,2026-05-27T07:25:00.049Z,2026-05-27T07:25:00.059Z,2026-05-27T07:25:00.059Z
2045,19.1,70.1,0,50,0.8438,0.2725,72.4,2026-05-27T07:25:09.302Z,2026-05-27T07:25:09.310Z,2026-05-27T07:25:09.310Z
2046,19.4,70.1,14482,50,0.9062,0.2767,72.4,2026-05-27T07:25:18.757Z,2026-05-27T07:25:18.767Z,2026-05-27T07:25:18.767Z
2047,18.2,70.1,277,50,0.5781,0.2596,72.4,2026-05-27T07:25:30.686Z,2026-05-27T07:25:30.697Z,2026-05-27T07:25:30.697Z
2048,18,70,137,50,0.8438,0.2571,72.4,2026-05-27T07:25:40.050Z,2026-05-27T07:25:40.060Z,2026-05-27T07:25:40.060Z
2049,18.4,70,387,50,0.6875,0.2629,72.4,2026-05-27T07:25:49.556Z,2026-05-27T07:25:49.567Z,2026-05-27T07:25:49.567Z
2050,18.8,69.9,275,50,1.0938,0.269,72.4,2026-05-27T07:26:00.992Z,2026-05-27T07:26:01.000Z,2026-05-27T07:26:01.000Z
2051,18.4,70,0,387.5,1.0781,0.2629,72.4,2026-05-27T07:26:10.635Z,2026-05-27T07:26:10.645Z,2026-05-27T07:26:10.645Z
2052,18.5,70,0,500,0.6719,0.2643,72.4,2026-05-27T07:26:20.136Z,2026-05-27T07:26:20.171Z,2026-05-27T07:26:20.171Z
2053,19.2,70,747,50,0.75,0.2743,72.4,2026-05-27T07:26:31.685Z,2026-05-27T07:26:31.695Z,2026-05-27T07:26:31.695Z
2054,18.2,69.9,3360,50,0.7344,0.2604,72.4,2026-05-27T07:26:41.343Z,2026-05-27T07:26:41.353Z,2026-05-27T07:26:41.353Z
2055,18.1,69.8,358,50,0.6562,0.2593,72.4,2026-05-27T07:26:50.772Z,2026-05-27T07:26:50.781Z,2026-05-27T07:26:50.781Z
2056,17.7,69.8,0,162.5,0.6875,0.2536,72.4,2026-05-27T07:27:00.344Z,2026-05-27T07:27:00.353Z,2026-05-27T07:27:00.353Z
2057,18.5,69.8,3630,50,0.6562,0.265,72.4,2026-05-27T07:27:11.821Z,2026-05-27T07:27:11.834Z,2026-05-27T07:27:11.834Z
2058,18.4,69.9,0,320,1.0781,0.2632,72.4,2026-05-27T07:27:21.431Z,2026-05-27T07:27:21.440Z,2026-05-27T07:27:21.440Z
2059,18.4,69.9,138,50,0.6406,0.2632,72.4,2026-05-27T07:27:30.870Z,2026-05-27T07:27:30.880Z,2026-05-27T07:27:30.880Z
2060,17.8,69.9,0,50,0.6562,0.2546,72.4,2026-05-27T07:27:42.398Z,2026-05-27T07:27:42.408Z,2026-05-27T07:27:42.408Z
2061,18.1,69.9,358,50,0.7188,0.2589,72.4,2026-05-27T07:27:52.007Z,2026-05-27T07:27:52.017Z,2026-05-27T07:27:52.017Z
2062,20.1,69.9,121,50,0.6875,0.2876,72.4,2026-05-27T07:28:01.354Z,2026-05-27T07:28:01.365Z,2026-05-27T07:28:01.365Z
2063,18,69.9,138,50,0.6094,0.2575,72.4,2026-05-27T07:28:10.963Z,2026-05-27T07:28:10.971Z,2026-05-27T07:28:10.971Z
2064,17.6,69.9,0,50,1.0156,0.2518,72.4,2026-05-27T07:28:22.510Z,2026-05-27T07:28:22.520Z,2026-05-27T07:28:22.520Z
2065,19.8,69.9,496,162.5,1.0156,0.2833,72.4,2026-05-27T07:28:31.993Z,2026-05-27T07:28:32.001Z,2026-05-27T07:28:32.001Z
2066,29.8,70.3,371,50,0.5781,0.4239,72.4,2026-05-27T07:28:41.488Z,2026-05-27T07:28:41.498Z,2026-05-27T07:28:41.498Z
2067,18.5,70.3,2292,162.5,0.7188,0.2632,72.4,2026-05-27T07:28:53.011Z,2026-05-27T07:28:53.023Z,2026-05-27T07:28:53.023Z
2068,20.2,70.4,2742,275,0.7812,0.2869,72.4,2026-05-27T07:29:02.620Z,2026-05-27T07:29:02.631Z,2026-05-27T07:29:02.631Z
2069,19,70.5,138,50,0.625,0.2695,72.4,2026-05-27T07:29:12.039Z,2026-05-27T07:29:12.051Z,2026-05-27T07:29:12.051Z
2070,19.1,70.4,1704,50,0.6406,0.2713,72.4,2026-05-27T07:29:23.599Z,2026-05-27T07:29:23.610Z,2026-05-27T07:29:23.610Z
2071,18.6,70.4,138,50,1.0625,0.2642,72.4,2026-05-27T07:29:33.194Z,2026-05-27T07:29:33.206Z,2026-05-27T07:29:33.206Z
2072,17.1,70.6,0,275,0.6406,0.2422,72.4,2026-05-27T07:29:42.575Z,2026-05-27T07:29:42.587Z,2026-05-27T07:29:42.587Z
2073,18.4,70.6,2970,500,0.6094,0.2606,72.4,2026-05-27T07:29:52.133Z,2026-05-27T07:29:52.142Z,2026-05-27T07:29:52.142Z
2074,18.9,70.5,3149,387.5,0.6562,0.2681,72.4,2026-05-27T07:30:03.697Z,2026-05-27T07:30:03.705Z,2026-05-27T07:30:03.705Z
2075,20,70.5,222,50,0.6562,0.2837,72.4,2026-05-27T07:30:13.214Z,2026-05-27T07:30:13.223Z,2026-05-27T07:30:13.223Z
2076,19.1,70.4,3982,50,1.0156,0.2713,72.4,2026-05-27T07:30:22.687Z,2026-05-27T07:30:22.696Z,2026-05-27T07:30:22.696Z
2077,17.5,70.4,138,50,0.625,0.2486,72.4,2026-05-27T07:30:34.244Z,2026-05-27T07:30:34.253Z,2026-05-27T07:30:34.253Z
2078,17.5,70.4,0,50,0.6562,0.2486,72.4,2026-05-27T07:30:43.853Z,2026-05-27T07:30:43.863Z,2026-05-27T07:30:43.863Z
2079,17.6,70.4,380,50,0.6562,0.25,72.4,2026-05-27T07:30:53.252Z,2026-05-27T07:30:53.264Z,2026-05-27T07:30:53.264Z
2080,19.7,70.4,0,50,0.5,0.2798,72.4,2026-05-27T07:31:02.778Z,2026-05-27T07:31:02.787Z,2026-05-27T07:31:02.787Z
2081,19.1,70.4,138,500,1.0938,0.2713,72.4,2026-05-27T07:31:14.475Z,2026-05-27T07:31:14.486Z,2026-05-27T07:31:14.486Z
2082,19.2,70.4,1129,50,0.6094,0.2727,72.4,2026-05-27T07:31:23.905Z,2026-05-27T07:31:23.915Z,2026-05-27T07:31:23.915Z
2083,18.6,70.4,138,50,0.7031,0.2642,72.4,2026-05-27T07:31:33.434Z,2026-05-27T07:31:33.444Z,2026-05-27T07:31:33.444Z
2084,18.5,70.4,84,50,0.5469,0.2628,72.4,2026-05-27T07:31:45.003Z,2026-05-27T07:31:45.012Z,2026-05-27T07:31:45.012Z
2085,18.6,70.4,3751,50,1.1875,0.2642,72.4,2026-05-27T07:31:54.543Z,2026-05-27T07:31:54.553Z,2026-05-27T07:31:54.553Z
2086,17.1,70.4,0,50,0.75,0.2429,72.4,2026-05-27T07:32:03.985Z,2026-05-27T07:32:03.996Z,2026-05-27T07:32:03.996Z
2087,18.6,70.4,54,50,0.5625,0.2642,72.4,2026-05-27T07:32:15.514Z,2026-05-27T07:32:15.522Z,2026-05-27T07:32:15.522Z
2088,17.9,70.5,638,50,0.75,0.2539,72.4,2026-05-27T07:32:25.132Z,2026-05-27T07:32:25.142Z,2026-05-27T07:32:25.142Z
2089,17.9,70.5,904,50,0.6406,0.2539,72.4,2026-05-27T07:32:34.528Z,2026-05-27T07:32:34.541Z,2026-05-27T07:32:34.541Z
2090,18.2,70.4,154,275,1.1094,0.2585,72.4,2026-05-27T07:32:44.140Z,2026-05-27T07:32:44.161Z,2026-05-27T07:32:44.161Z
2091,16.5,70.4,138,50,0.5938,0.2344,72.4,2026-05-27T07:32:55.842Z,2026-05-27T07:32:55.852Z,2026-05-27T07:32:55.852Z
2092,18.9,70.4,14190,50,0.6719,0.2685,72.4,2026-05-27T07:33:05.418Z,2026-05-27T07:33:05.428Z,2026-05-27T07:33:05.428Z
2093,19,70.4,1475,50,0.625,0.2699,72.4,2026-05-27T07:33:15.213Z,2026-05-27T07:33:15.222Z,2026-05-27T07:33:15.222Z
2094,23,71.1,16275,50,1.5312,0.3235,72.4,2026-05-27T07:33:26.368Z,2026-05-27T07:33:26.378Z,2026-05-27T07:33:26.378Z
2095,22.2,70.1,13196,199.85,0.75,0.3167,72.4,2026-05-27T07:33:35.900Z,2026-05-27T07:33:35.913Z,2026-05-27T07:33:35.913Z
2096,19.3,70.1,1678,50,1.2344,0.2753,72.4,2026-05-27T07:33:45.260Z,2026-05-27T07:33:45.268Z,2026-05-27T07:33:45.268Z
2097,17.3,70.1,360,50,0.5312,0.2468,72.4,2026-05-27T07:33:56.989Z,2026-05-27T07:33:57.002Z,2026-05-27T07:33:57.002Z
2098,19,70.2,0,350.15,0.5312,0.2707,72.4,2026-05-27T07:34:06.484Z,2026-05-27T07:34:06.493Z,2026-05-27T07:34:06.493Z
2099,18.7,70.2,0,320,0.625,0.2664,72.4,2026-05-27T07:34:16.033Z,2026-05-27T07:34:16.042Z,2026-05-27T07:34:16.042Z
2100,19.2,70.2,0,50,0.7344,0.2735,72.4,2026-05-27T07:34:25.501Z,2026-05-27T07:34:25.510Z,2026-05-27T07:34:25.510Z
2101,18.6,70.2,248,50,1.1562,0.265,72.4,2026-05-27T07:34:37.230Z,2026-05-27T07:34:37.240Z,2026-05-27T07:34:37.240Z
2102,16.7,70.2,0,50,0.625,0.2379,72.4,2026-05-27T07:34:46.544Z,2026-05-27T07:34:46.554Z,2026-05-27T07:34:46.554Z
2103,20.2,70.2,4105,50,0.9375,0.2877,72.4,2026-05-27T07:34:55.958Z,2026-05-27T07:34:55.970Z,2026-05-27T07:34:55.970Z
2104,18.5,70.2,398,50,0.6719,0.2635,72.4,2026-05-27T07:35:07.781Z,2026-05-27T07:35:07.791Z,2026-05-27T07:35:07.791Z
2105,18.8,70.4,0,50,0.5469,0.267,72.4,2026-05-27T07:35:17.036Z,2026-05-27T07:35:17.047Z,2026-05-27T07:35:17.047Z
2106,18.5,70.4,3076,500,1.0312,0.2628,72.4,2026-05-27T07:35:26.316Z,2026-05-27T07:35:26.327Z,2026-05-27T07:35:26.327Z
2107,16.7,70.4,0,50,0.625,0.2372,72.4,2026-05-27T07:35:35.762Z,2026-05-27T07:35:35.772Z,2026-05-27T07:35:35.772Z
2108,17.5,70.4,259,50,0.7031,0.2486,72.4,2026-05-27T07:35:47.714Z,2026-05-27T07:35:47.722Z,2026-05-27T07:35:47.722Z
2109,18.8,70.4,0,275,0.625,0.267,72.4,2026-05-27T07:35:57.114Z,2026-05-27T07:35:57.123Z,2026-05-27T07:35:57.123Z
2110,18.6,70.4,138,50,0.6094,0.2642,72.4,2026-05-27T07:36:06.650Z,2026-05-27T07:36:06.659Z,2026-05-27T07:36:06.659Z
2111,17.9,70.3,0,50,1.0156,0.2546,72.4,2026-05-27T07:36:18.352Z,2026-05-27T07:36:18.361Z,2026-05-27T07:36:18.361Z
2112,18.9,70.3,1118,50,0.75,0.2688,72.4,2026-05-27T07:36:27.690Z,2026-05-27T07:36:27.699Z,2026-05-27T07:36:27.699Z
2113,18.5,70.2,0,50,0.5938,0.2635,72.4,2026-05-27T07:36:37.131Z,2026-05-27T07:36:37.142Z,2026-05-27T07:36:37.142Z
2114,18.4,69.9,498,50,0.6875,0.2632,72.4,2026-05-27T07:36:48.916Z,2026-05-27T07:36:48.926Z,2026-05-27T07:36:48.926Z
2115,17.9,70,2182,275,0.7656,0.2557,72.4,2026-05-27T07:36:58.470Z,2026-05-27T07:36:58.479Z,2026-05-27T07:36:58.479Z
2116,18.1,70.4,1704,50,1.125,0.2571,72.4,2026-05-27T07:37:07.899Z,2026-05-27T07:37:07.910Z,2026-05-27T07:37:07.910Z
2117,18.6,70.4,0,50,0.6875,0.2642,72.4,2026-05-27T07:37:17.336Z,2026-05-27T07:37:17.346Z,2026-05-27T07:37:17.346Z
2118,19.1,70.4,3121,350.15,0.7812,0.2713,72.4,2026-05-27T07:37:29.025Z,2026-05-27T07:37:29.032Z,2026-05-27T07:37:29.032Z
2119,18,70.3,0,500,0.6562,0.256,72.4,2026-05-27T07:37:38.356Z,2026-05-27T07:37:38.365Z,2026-05-27T07:37:38.365Z
2120,18.4,70.2,324,50,0.9844,0.2621,72.4,2026-05-27T07:37:47.866Z,2026-05-27T07:37:47.875Z,2026-05-27T07:37:47.875Z
2121,16.7,70.3,3118,275,0.7031,0.2376,72.4,2026-05-27T07:37:59.685Z,2026-05-27T07:37:59.693Z,2026-05-27T07:37:59.693Z
2122,19.7,70.2,206,500,0.5625,0.2806,72.4,2026-05-27T07:38:08.998Z,2026-05-27T07:38:09.008Z,2026-05-27T07:38:09.008Z
2123,18.9,70.3,0,50,0.7188,0.2688,72.4,2026-05-27T07:38:18.492Z,2026-05-27T07:38:18.503Z,2026-05-27T07:38:18.503Z
2124,18.6,70.3,3934,275,1.1406,0.2646,72.4,2026-05-27T07:38:27.954Z,2026-05-27T07:38:27.966Z,2026-05-27T07:38:27.966Z
2125,17.9,70.3,0,50,0.5469,0.2546,72.4,2026-05-27T07:38:39.638Z,2026-05-27T07:38:39.649Z,2026-05-27T07:38:39.649Z
2126,17.2,70.3,619,50,0.625,0.2447,72.4,2026-05-27T07:38:49.122Z,2026-05-27T07:38:49.132Z,2026-05-27T07:38:49.132Z
2127,18,70.3,3928,50,0.6094,0.256,72.4,2026-05-27T07:38:58.610Z,2026-05-27T07:38:58.618Z,2026-05-27T07:38:58.618Z
2128,18.3,70.3,358,50,0.8906,0.2603,72.4,2026-05-27T07:39:10.276Z,2026-05-27T07:39:10.283Z,2026-05-27T07:39:10.283Z
2129,16.2,70.3,0,50,0.5625,0.2304,72.4,2026-05-27T07:39:19.658Z,2026-05-27T07:39:19.669Z,2026-05-27T07:39:19.669Z
2130,18.5,70.3,4135,50,0.7188,0.2632,72.4,2026-05-27T07:39:29.021Z,2026-05-27T07:39:29.032Z,2026-05-27T07:39:29.032Z
2131,17.9,70.3,3371,50,0.7344,0.2546,72.4,2026-05-27T07:39:40.922Z,2026-05-27T07:39:40.935Z,2026-05-27T07:39:40.935Z
2132,18.2,70.3,126,500,0.9219,0.2589,72.4,2026-05-27T07:39:50.376Z,2026-05-27T07:39:50.386Z,2026-05-27T07:39:50.386Z
2133,18.4,70.4,3890,50,0.6875,0.2614,72.4,2026-05-27T07:39:59.835Z,2026-05-27T07:39:59.844Z,2026-05-27T07:39:59.844Z
2134,19.3,70.5,34569,162.5,0.7812,0.2738,72.4,2026-05-27T07:40:09.313Z,2026-05-27T07:40:09.324Z,2026-05-27T07:40:09.324Z
2135,17.8,70.5,2958,50,0.6562,0.2525,72.4,2026-05-27T07:40:21.594Z,2026-05-27T07:40:21.605Z,2026-05-27T07:40:21.605Z
2136,18.5,70,882,50,1.0312,0.2643,72.4,2026-05-27T07:40:31.021Z,2026-05-27T07:40:31.031Z,2026-05-27T07:40:31.031Z
2137,17.7,70.1,3801,50,0.7656,0.2525,72.4,2026-05-27T07:40:40.604Z,2026-05-27T07:40:40.613Z,2026-05-27T07:40:40.613Z
2138,18.2,70,358,50,0.6406,0.26,72.4,2026-05-27T07:40:52.225Z,2026-05-27T07:40:52.234Z,2026-05-27T07:40:52.234Z
2139,18.1,70,0,50,0.625,0.2586,72.4,2026-05-27T07:41:01.666Z,2026-05-27T07:41:01.675Z,2026-05-27T07:41:01.675Z
2140,19.1,70.1,0,50,0.5469,0.2725,72.4,2026-05-27T07:41:11.092Z,2026-05-27T07:41:11.102Z,2026-05-27T07:41:11.102Z
2141,18.9,70,10465,50,0.6094,0.27,72.4,2026-05-27T07:41:20.682Z,2026-05-27T07:41:20.693Z,2026-05-27T07:41:20.693Z
2142,18,69.9,358,50,0.6875,0.2575,72.4,2026-05-27T07:41:32.372Z,2026-05-27T07:41:32.382Z,2026-05-27T07:41:32.382Z
2143,18.5,69.9,0,50,0.5938,0.2647,72.4,2026-05-27T07:41:41.774Z,2026-05-27T07:41:41.783Z,2026-05-27T07:41:41.783Z
2144,18.5,69.9,14041,50,0.7344,0.2647,72.4,2026-05-27T07:41:51.232Z,2026-05-27T07:41:51.242Z,2026-05-27T07:41:51.242Z
2145,17.9,70,0,50,1.125,0.2557,72.4,2026-05-27T07:42:02.813Z,2026-05-27T07:42:02.824Z,2026-05-27T07:42:02.824Z
2146,18,70,0,50,0.5938,0.2571,72.4,2026-05-27T07:42:12.248Z,2026-05-27T07:42:12.258Z,2026-05-27T07:42:12.258Z
2147,19.5,70.1,0,50,0.6719,0.2782,72.4,2026-05-27T07:42:21.828Z,2026-05-27T07:42:21.837Z,2026-05-27T07:42:21.837Z
2148,18.2,70.1,1171,162.5,0.7188,0.2596,72.4,2026-05-27T07:42:33.437Z,2026-05-27T07:42:33.448Z,2026-05-27T07:42:33.448Z
2149,18.7,70.1,0,50,0.6719,0.2668,72.4,2026-05-27T07:42:43.201Z,2026-05-27T07:42:43.212Z,2026-05-27T07:42:43.212Z
2150,17.1,70.1,0,230,0.7656,0.2439,72.4,2026-05-27T07:42:52.485Z,2026-05-27T07:42:52.494Z,2026-05-27T07:42:52.494Z
2151,18,70.1,42,50,0.6875,0.2568,72.4,2026-05-27T07:43:01.838Z,2026-05-27T07:43:01.849Z,2026-05-27T07:43:01.849Z
2152,19.5,70.2,3095,50,0.8906,0.2778,72.4,2026-05-27T07:43:13.815Z,2026-05-27T07:43:13.825Z,2026-05-27T07:43:13.825Z
2153,18.3,70.1,0,50,0.6562,0.2611,72.4,2026-05-27T07:43:23.142Z,2026-05-27T07:43:23.152Z,2026-05-27T07:43:23.152Z
2154,32.3,72.2,61193,50,2.3281,0.4474,72.4,2026-05-27T07:43:32.455Z,2026-05-27T07:43:32.483Z,2026-05-27T07:43:32.483Z
2155,26.4,70.2,4268,50,0.8125,0.3761,72.4,2026-05-27T07:43:44.192Z,2026-05-27T07:43:44.202Z,2026-05-27T07:43:44.202Z
2156,19.6,70.2,0,50,0.6406,0.2792,72.4,2026-05-27T07:43:53.812Z,2026-05-27T07:43:53.824Z,2026-05-27T07:43:53.824Z
2157,28.8,70.7,384,50,0.7344,0.4074,72.4,2026-05-27T07:44:03.027Z,2026-05-27T07:44:03.038Z,2026-05-27T07:44:03.038Z
2158,21.8,70.1,0,50,0.6875,0.311,72.4,2026-05-27T07:44:12.582Z,2026-05-27T07:44:12.592Z,2026-05-27T07:44:12.592Z
2159,19,70.2,88644,50,0.75,0.2707,72.4,2026-05-27T07:44:24.464Z,2026-05-27T07:44:24.474Z,2026-05-27T07:44:24.474Z
2160,19.4,70.1,1414,50,1.125,0.2767,72.4,2026-05-27T07:44:33.704Z,2026-05-27T07:44:33.713Z,2026-05-27T07:44:33.713Z
2161,19.2,70.6,0,350.15,0.6875,0.272,72.4,2026-05-27T07:44:42.931Z,2026-05-27T07:44:42.942Z,2026-05-27T07:44:42.942Z
2162,18.3,70.6,84,50,0.5625,0.2592,72.4,2026-05-27T07:44:54.876Z,2026-05-27T07:44:54.886Z,2026-05-27T07:44:54.886Z
2163,18.7,70.6,0,50,0.6719,0.2649,72.4,2026-05-27T07:45:04.309Z,2026-05-27T07:45:04.317Z,2026-05-27T07:45:04.317Z
2164,18.5,70.6,0,50,0.7344,0.262,72.4,2026-05-27T07:45:13.838Z,2026-05-27T07:45:13.849Z,2026-05-27T07:45:13.849Z
2165,19.6,70.8,5462,50,0.6875,0.2768,72.4,2026-05-27T07:45:25.323Z,2026-05-27T07:45:25.333Z,2026-05-27T07:45:25.333Z
2166,18.7,70.8,0,50,0.6562,0.2641,72.4,2026-05-27T07:45:34.889Z,2026-05-27T07:45:34.900Z,2026-05-27T07:45:34.900Z
2167,18.1,70.8,211,275,1.1562,0.2556,72.4,2026-05-27T07:45:44.135Z,2026-05-27T07:45:44.149Z,2026-05-27T07:45:44.149Z
2168,29.2,72.6,612,50,2.4531,0.4022,72.4,2026-05-27T07:45:53.641Z,2026-05-27T07:45:53.654Z,2026-05-27T07:45:53.654Z
2169,27.7,73.1,0,500,3.0781,0.3789,72.4,2026-05-27T07:46:05.676Z,2026-05-27T07:46:05.688Z,2026-05-27T07:46:05.688Z
2170,24.7,72.8,317,50,0.5938,0.3393,72.4,2026-05-27T07:46:14.885Z,2026-05-27T07:46:14.894Z,2026-05-27T07:46:14.894Z
2171,18.2,72.9,437,50,0.6094,0.2497,72.4,2026-05-27T07:46:24.179Z,2026-05-27T07:46:24.220Z,2026-05-27T07:46:24.220Z
2172,20.6,72.8,317,50,0.625,0.283,72.4,2026-05-27T07:46:36.139Z,2026-05-27T07:46:36.148Z,2026-05-27T07:46:36.148Z
2173,20.1,72.8,685,50,0.7656,0.2761,72.4,2026-05-27T07:46:45.686Z,2026-05-27T07:46:45.699Z,2026-05-27T07:46:45.699Z
2174,19.7,72.8,317,500,1.0469,0.2706,72.4,2026-05-27T07:46:54.897Z,2026-05-27T07:46:54.908Z,2026-05-27T07:46:54.908Z
2175,18.3,72.9,437,50,0.75,0.251,72.4,2026-05-27T07:47:04.426Z,2026-05-27T07:47:04.437Z,2026-05-27T07:47:04.437Z
2176,19.3,72.8,68118,50,0.8438,0.2651,72.4,2026-05-27T07:47:16.321Z,2026-05-27T07:47:16.330Z,2026-05-27T07:47:16.330Z
2177,18.9,72.8,0,50,0.625,0.2596,72.4,2026-05-27T07:47:25.593Z,2026-05-27T07:47:25.602Z,2026-05-27T07:47:25.602Z
2178,18.1,72.7,598,199.85,0.6406,0.249,72.4,2026-05-27T07:47:34.799Z,2026-05-27T07:47:34.810Z,2026-05-27T07:47:34.810Z
2179,20.9,72.4,84,275,0.625,0.2887,72.4,2026-05-27T07:47:47.027Z,2026-05-27T07:47:47.038Z,2026-05-27T07:47:47.038Z
2180,18.8,72.4,875,50,0.7031,0.2597,72.4,2026-05-27T07:47:56.415Z,2026-05-27T07:47:56.424Z,2026-05-27T07:47:56.424Z
2181,18.5,72.4,0,50,1.125,0.2555,72.4,2026-05-27T07:48:05.651Z,2026-05-27T07:48:05.659Z,2026-05-27T07:48:05.659Z
2182,20.1,72.4,360,50,0.75,0.2776,72.4,2026-05-27T07:48:17.382Z,2026-05-27T07:48:17.393Z,2026-05-27T07:48:17.393Z
2183,18.7,72.4,4182,350.15,0.7188,0.2583,72.4,2026-05-27T07:48:27.029Z,2026-05-27T07:48:27.039Z,2026-05-27T07:48:27.039Z
2184,29.5,71.9,248,199.85,0.6562,0.4103,72.4,2026-05-27T07:48:36.256Z,2026-05-27T07:48:36.267Z,2026-05-27T07:48:36.267Z
2185,20.4,71.8,9330,50,0.7812,0.2841,72.4,2026-05-27T07:48:45.585Z,2026-05-27T07:48:45.602Z,2026-05-27T07:48:45.602Z
2186,19,71.8,692,50,0.8281,0.2646,72.4,2026-05-27T07:48:57.742Z,2026-05-27T07:48:57.753Z,2026-05-27T07:48:57.753Z
2187,20.5,71.9,0,50,1.1719,0.2851,72.4,2026-05-27T07:49:07.039Z,2026-05-27T07:49:07.050Z,2026-05-27T07:49:07.050Z
2188,18.3,71.9,1363,50,0.7812,0.2545,72.4,2026-05-27T07:49:16.255Z,2026-05-27T07:49:16.267Z,2026-05-27T07:49:16.267Z
2189,20.5,71.9,0,275,0.7031,0.2851,72.4,2026-05-27T07:49:28.368Z,2026-05-27T07:49:28.380Z,2026-05-27T07:49:28.380Z
2190,18.3,71.9,12465,50,0.7344,0.2545,72.4,2026-05-27T07:49:37.845Z,2026-05-27T07:49:37.856Z,2026-05-27T07:49:37.856Z
2191,17.9,71.9,153,50,0.7344,0.249,72.4,2026-05-27T07:49:47.108Z,2026-05-27T07:49:47.117Z,2026-05-27T07:49:47.117Z
2192,19.7,71.7,0,500,0.5625,0.2748,72.4,2026-05-27T07:49:56.568Z,2026-05-27T07:49:56.579Z,2026-05-27T07:49:56.579Z
2193,19.1,71.8,14360,275,1.2188,0.266,72.4,2026-05-27T07:50:08.598Z,2026-05-27T07:50:08.608Z,2026-05-27T07:50:08.608Z
2194,17.6,71.8,68,50,0.6094,0.2451,72.4,2026-05-27T07:50:17.814Z,2026-05-27T07:50:17.824Z,2026-05-27T07:50:17.824Z
2195,18.2,71.9,248,199.85,0.5156,0.2531,72.4,2026-05-27T07:50:27.058Z,2026-05-27T07:50:27.068Z,2026-05-27T07:50:27.068Z
2196,18.4,71.9,248,50,0.6719,0.2559,72.4,2026-05-27T07:50:39.200Z,2026-05-27T07:50:39.210Z,2026-05-27T07:50:39.210Z
2197,19.5,72,0,50,1.0312,0.2708,72.4,2026-05-27T07:50:48.485Z,2026-05-27T07:50:48.496Z,2026-05-27T07:50:48.496Z
2198,19.3,72.1,3217,50,1.4531,0.2677,72.4,2026-05-27T07:50:57.703Z,2026-05-27T07:50:57.712Z,2026-05-27T07:50:57.712Z
2199,22.2,72.1,4438,50,0.9531,0.3079,72.4,2026-05-27T07:51:07.218Z,2026-05-27T07:51:07.227Z,2026-05-27T07:51:07.227Z
2200,18.4,72.1,0,50,0.7031,0.2552,72.4,2026-05-27T07:51:19.140Z,2026-05-27T07:51:19.149Z,2026-05-27T07:51:19.149Z
2201,18.3,72,5136,50,0.8906,0.2542,72.4,2026-05-27T07:51:28.399Z,2026-05-27T07:51:28.411Z,2026-05-27T07:51:28.411Z
2202,18.7,72.1,279,50,1.0156,0.2594,72.4,2026-05-27T07:51:37.959Z,2026-05-27T07:51:37.969Z,2026-05-27T07:51:37.969Z
2203,17.4,72.1,0,50,0.6719,0.2413,72.4,2026-05-27T07:51:49.790Z,2026-05-27T07:51:49.797Z,2026-05-27T07:51:49.797Z
2204,18.3,72.1,3256,50,0.625,0.2538,72.4,2026-05-27T07:51:59.348Z,2026-05-27T07:51:59.360Z,2026-05-27T07:51:59.360Z
2205,23,72.3,0,50,0.6719,0.3181,72.4,2026-05-27T07:52:08.790Z,2026-05-27T07:52:08.800Z,2026-05-27T07:52:08.800Z
2206,20,72,0,50,0.6719,0.2778,72.4,2026-05-27T07:52:20.452Z,2026-05-27T07:52:20.463Z,2026-05-27T07:52:20.463Z
2207,18,72.1,248,275,0.5625,0.2497,72.4,2026-05-27T07:52:29.894Z,2026-05-27T07:52:29.906Z,2026-05-27T07:52:29.906Z
2208,18.8,72,248,50,1.0156,0.2611,72.4,2026-05-27T07:52:39.360Z,2026-05-27T07:52:39.372Z,2026-05-27T07:52:39.372Z
2209,17.8,72.1,54,50,1.0469,0.2469,72.4,2026-05-27T07:52:48.821Z,2026-05-27T07:52:48.831Z,2026-05-27T07:52:48.831Z
2210,17.6,72,0,50,0.7344,0.2444,72.4,2026-05-27T07:53:00.556Z,2026-05-27T07:53:00.567Z,2026-05-27T07:53:00.567Z
2211,19.7,72.1,0,50,0.7188,0.2732,72.4,2026-05-27T07:53:09.890Z,2026-05-27T07:53:09.899Z,2026-05-27T07:53:09.899Z
2212,18.6,72.1,0,50,0.7344,0.258,72.4,2026-05-27T07:53:19.341Z,2026-05-27T07:53:19.352Z,2026-05-27T07:53:19.352Z
2213,19.8,72.2,0,50,0.8594,0.2742,72.4,2026-05-27T07:53:31.115Z,2026-05-27T07:53:31.128Z,2026-05-27T07:53:31.128Z
2214,19.4,72.1,0,50,0.625,0.2691,72.4,2026-05-27T07:53:40.538Z,2026-05-27T07:53:40.547Z,2026-05-27T07:53:40.547Z
2215,18,72.1,0,50,1.1094,0.2497,72.4,2026-05-27T07:53:49.897Z,2026-05-27T07:53:49.908Z,2026-05-27T07:53:49.908Z
2216,19.1,71.8,0,50,0.9375,0.266,72.4,2026-05-27T07:53:59.444Z,2026-05-27T07:53:59.454Z,2026-05-27T07:53:59.454Z
2217,20.3,72.2,2965,50,0.6406,0.2812,72.4,2026-05-27T07:54:11.218Z,2026-05-27T07:54:11.229Z,2026-05-27T07:54:11.229Z
2218,18.3,72.1,0,275,0.5156,0.2538,72.4,2026-05-27T07:54:20.520Z,2026-05-27T07:54:20.531Z,2026-05-27T07:54:20.531Z
2219,12,72.1,110,162.5,0.0469,0.1664,72.4,2026-05-27T07:54:30.081Z,2026-05-27T07:54:30.090Z,2026-05-27T07:54:30.090Z
2220,11.2,72.8,84,50,0.0469,0.1538,72.4,2026-05-27T07:54:41.833Z,2026-05-27T07:54:41.842Z,2026-05-27T07:54:41.842Z
2221,7.4,71.8,0,275,0.0781,0.1031,72.4,2026-05-27T07:54:51.260Z,2026-05-27T07:54:51.268Z,2026-05-27T07:54:51.268Z
2222,5.3,71.8,0,50,0.3125,0.0738,72.4,2026-05-27T07:55:00.671Z,2026-05-27T07:55:00.680Z,2026-05-27T07:55:00.680Z
2223,6.9,71.7,0,50,0.2656,0.0962,72.4,2026-05-27T07:55:12.369Z,2026-05-27T07:55:12.377Z,2026-05-27T07:55:12.377Z
2224,4.2,71.7,561,162.5,0.0469,0.0586,72.4,2026-05-27T07:55:21.974Z,2026-05-27T07:55:21.983Z,2026-05-27T07:55:21.983Z
2225,4.3,71.7,0,50,0.1406,0.06,72.4,2026-05-27T07:55:31.261Z,2026-05-27T07:55:31.272Z,2026-05-27T07:55:31.272Z
2226,2.7,71.7,121,50,0.0156,0.0377,72.4,2026-05-27T07:55:40.800Z,2026-05-27T07:55:40.808Z,2026-05-27T07:55:40.808Z
2227,3.9,71.7,0,500,0.1875,0.0544,72.4,2026-05-27T07:55:52.563Z,2026-05-27T07:55:52.573Z,2026-05-27T07:55:52.573Z
2228,6.6,71.7,0,500,0.1719,0.0921,72.4,2026-05-27T07:56:01.947Z,2026-05-27T07:56:01.957Z,2026-05-27T07:56:01.957Z
2229,4.5,71.7,0,50,0.0312,0.0628,72.4,2026-05-27T07:56:11.432Z,2026-05-27T07:56:11.442Z,2026-05-27T07:56:11.442Z
2230,4.6,71.7,0,50,0.0781,0.0642,72.4,2026-05-27T07:56:23.152Z,2026-05-27T07:56:23.162Z,2026-05-27T07:56:23.162Z
2231,5,71.7,1892,50,0.1719,0.0697,72.4,2026-05-27T07:56:32.687Z,2026-05-27T07:56:32.696Z,2026-05-27T07:56:32.696Z
2232,7.4,71.8,117330,50,0.75,0.1031,72.4,2026-05-27T07:56:42.091Z,2026-05-27T07:56:42.108Z,2026-05-27T07:56:42.108Z
2233,9.2,71.8,0,275,0.1406,0.1281,72.4,2026-05-27T07:56:51.558Z,2026-05-27T07:56:51.567Z,2026-05-27T07:56:51.567Z
2234,3.9,71.9,42,50,0.0469,0.0542,72.4,2026-05-27T07:57:03.426Z,2026-05-27T07:57:03.440Z,2026-05-27T07:57:03.440Z
2235,5.8,71.9,3117,50,0.2031,0.0807,72.4,2026-05-27T07:57:12.753Z,2026-05-27T07:57:12.764Z,2026-05-27T07:57:12.764Z
2236,4.9,71.8,142,50,0.3906,0.0682,72.4,2026-05-27T07:57:22.284Z,2026-05-27T07:57:22.292Z,2026-05-27T07:57:22.292Z
2237,3.1,71.8,610,162.5,0.0312,0.0432,72.4,2026-05-27T07:57:33.987Z,2026-05-27T07:57:33.996Z,2026-05-27T07:57:33.996Z
2238,4.5,71.8,0,50,0.0469,0.0627,72.4,2026-05-27T07:57:43.390Z,2026-05-27T07:57:43.409Z,2026-05-27T07:57:43.409Z
2239,3.2,71.8,15126,50,0.0938,0.0446,72.4,2026-05-27T07:57:52.883Z,2026-05-27T07:57:52.892Z,2026-05-27T07:57:52.892Z
2240,7.8,71.3,371,50,0.2188,0.1094,72.4,2026-05-27T07:58:04.696Z,2026-05-27T07:58:04.707Z,2026-05-27T07:58:04.707Z
2241,3.8,71.5,0,50,0.0469,0.0531,72.4,2026-05-27T07:58:14.045Z,2026-05-27T07:58:14.054Z,2026-05-27T07:58:14.054Z
2242,4.4,71.6,20797,275,0.2188,0.0615,72.4,2026-05-27T07:58:23.435Z,2026-05-27T07:58:23.445Z,2026-05-27T07:58:23.445Z
2243,7.8,71.8,0,50,0.2031,0.1086,72.4,2026-05-27T07:58:33.364Z,2026-05-27T07:58:33.374Z,2026-05-27T07:58:33.374Z
2244,7.7,71.7,0,50,0.4062,0.1074,72.4,2026-05-27T07:58:45.146Z,2026-05-27T07:58:45.159Z,2026-05-27T07:58:45.159Z
2245,6.4,71.7,0,50,0.4062,0.0893,72.4,2026-05-27T07:58:54.618Z,2026-05-27T07:58:54.627Z,2026-05-27T07:58:54.627Z
2246,5.6,71.7,400,50,0.3438,0.0781,72.4,2026-05-27T07:59:03.885Z,2026-05-27T07:59:03.894Z,2026-05-27T07:59:03.894Z
2247,9.2,71.5,7453,50,0.4688,0.1287,72.4,2026-05-27T07:59:15.513Z,2026-05-27T07:59:15.524Z,2026-05-27T07:59:15.524Z
2248,8.1,71.6,438,275,0.2188,0.1131,72.4,2026-05-27T07:59:24.825Z,2026-05-27T07:59:24.835Z,2026-05-27T07:59:24.835Z
2249,6.7,71.6,0,50,0.3125,0.0936,72.4,2026-05-27T07:59:34.078Z,2026-05-27T07:59:34.087Z,2026-05-27T07:59:34.087Z
2250,5.9,71.6,576,50,0.2031,0.0824,72.4,2026-05-27T07:59:43.368Z,2026-05-27T07:59:43.377Z,2026-05-27T07:59:43.377Z
2251,7.4,71.6,441,50,0.3906,0.1034,72.4,2026-05-27T07:59:55.804Z,2026-05-27T07:59:55.813Z,2026-05-27T07:59:55.813Z
2252,7.5,71.6,138,50,0.4375,0.1047,72.4,2026-05-27T08:00:05.182Z,2026-05-27T08:00:05.192Z,2026-05-27T08:00:05.192Z
2253,8.2,71.6,10546,50,0.4219,0.1145,72.4,2026-05-27T08:00:14.819Z,2026-05-27T08:00:14.829Z,2026-05-27T08:00:14.829Z
2254,7.2,71.7,5208,50,0.3906,0.1004,72.4,2026-05-27T08:00:26.614Z,2026-05-27T08:00:26.623Z,2026-05-27T08:00:26.623Z
2255,7,71.7,42,275,0.2188,0.0976,72.4,2026-05-27T08:00:36.009Z,2026-05-27T08:00:36.022Z,2026-05-27T08:00:36.022Z
2256,8.3,71.6,4096,50,0.375,0.1159,72.4,2026-05-27T08:00:45.546Z,2026-05-27T08:00:45.558Z,2026-05-27T08:00:45.558Z
2257,6.8,71.7,333,162.5,0.2656,0.0948,72.4,2026-05-27T08:00:57.382Z,2026-05-27T08:00:57.391Z,2026-05-27T08:00:57.391Z
2258,8.4,71.6,0,50,0.3281,0.1173,72.4,2026-05-27T08:01:06.692Z,2026-05-27T08:01:06.701Z,2026-05-27T08:01:06.701Z
2259,8.9,71.7,0,500,0.6875,0.1241,72.4,2026-05-27T08:01:16.021Z,2026-05-27T08:01:16.033Z,2026-05-27T08:01:16.033Z
2260,8.3,71.7,794,50,0.2969,0.1158,72.4,2026-05-27T08:01:25.548Z,2026-05-27T08:01:25.556Z,2026-05-27T08:01:25.556Z
2261,9.4,71.8,2832,162.5,0.2188,0.1309,72.4,2026-05-27T08:01:37.529Z,2026-05-27T08:01:37.537Z,2026-05-27T08:01:37.537Z
2262,10.7,71.8,154,50,0.2344,0.149,72.4,2026-05-27T08:01:46.819Z,2026-05-27T08:01:46.827Z,2026-05-27T08:01:46.827Z
2263,9.9,71.8,0,50,0.7656,0.1379,72.4,2026-05-27T08:01:56.210Z,2026-05-27T08:01:56.219Z,2026-05-27T08:01:56.219Z
2264,7.4,71.7,2225,50,0.2188,0.1032,72.4,2026-05-27T08:02:08.079Z,2026-05-27T08:02:08.087Z,2026-05-27T08:02:08.087Z
2265,13.3,71.6,17792,50,0.6406,0.1858,72.4,2026-05-27T08:02:17.381Z,2026-05-27T08:02:17.390Z,2026-05-27T08:02:17.390Z
2266,10.7,71.6,248,199.85,0.3125,0.1494,72.4,2026-05-27T08:02:26.669Z,2026-05-27T08:02:26.678Z,2026-05-27T08:02:26.678Z
2267,11.6,71.6,0,50,0.3438,0.162,72.4,2026-05-27T08:02:36.178Z,2026-05-27T08:02:36.187Z,2026-05-27T08:02:36.187Z
2268,10.8,71.6,265,50,0.3594,0.1508,72.4,2026-05-27T08:02:48.220Z,2026-05-27T08:02:48.230Z,2026-05-27T08:02:48.230Z
2269,11,71.6,0,162.5,0.3438,0.1536,72.4,2026-05-27T08:02:57.604Z,2026-05-27T08:02:57.613Z,2026-05-27T08:02:57.613Z
2270,10.5,71.6,1384,50,0.4219,0.1466,72.4,2026-05-27T08:03:07.034Z,2026-05-27T08:03:07.048Z,2026-05-27T08:03:07.048Z
2271,11.4,71.5,42,50,0.625,0.1594,72.4,2026-05-27T08:03:18.913Z,2026-05-27T08:03:18.922Z,2026-05-27T08:03:18.922Z
2272,12.3,71.8,0,275,0.2969,0.1713,72.4,2026-05-27T08:03:28.167Z,2026-05-27T08:03:28.176Z,2026-05-27T08:03:28.176Z
2273,20.6,71.1,0,50,0.4531,0.2897,72.4,2026-05-27T08:03:37.405Z,2026-05-27T08:03:37.416Z,2026-05-27T08:03:37.416Z
2274,11.6,71.1,360,50,0.4531,0.1632,72.4,2026-05-27T08:03:49.579Z,2026-05-27T08:03:49.592Z,2026-05-27T08:03:49.592Z
2275,12.5,71.1,0,50,1.0312,0.1758,72.4,2026-05-27T08:03:58.880Z,2026-05-27T08:03:58.890Z,2026-05-27T08:03:58.890Z
2276,12.9,71.1,11896,50,0.5625,0.1814,72.4,2026-05-27T08:04:08.300Z,2026-05-27T08:04:08.322Z,2026-05-27T08:04:08.322Z
2277,14.5,71.2,0,50,0.6562,0.2037,72.4,2026-05-27T08:04:17.714Z,2026-05-27T08:04:17.723Z,2026-05-27T08:04:17.723Z
2278,14,71.3,332,50,0.4062,0.1964,72.4,2026-05-27T08:04:29.556Z,2026-05-27T08:04:29.567Z,2026-05-27T08:04:29.567Z
2279,12.3,71.3,0,50,0.4219,0.1725,72.4,2026-05-27T08:04:38.849Z,2026-05-27T08:04:38.860Z,2026-05-27T08:04:38.860Z
2280,12.5,71,248,50,0.4375,0.1761,72.4,2026-05-27T08:04:48.260Z,2026-05-27T08:04:48.271Z,2026-05-27T08:04:48.271Z
2281,16,71,0,50,0.5469,0.2254,72.4,2026-05-27T08:05:00.253Z,2026-05-27T08:05:00.261Z,2026-05-27T08:05:00.261Z
2282,13,71.5,0,50,0.5469,0.1818,72.4,2026-05-27T08:05:09.558Z,2026-05-27T08:05:09.567Z,2026-05-27T08:05:09.567Z
2283,13.1,71.4,0,50,0.4844,0.1835,72.4,2026-05-27T08:05:18.947Z,2026-05-27T08:05:18.955Z,2026-05-27T08:05:18.955Z
2284,14.3,71.4,4992,275,0.5938,0.2003,72.4,2026-05-27T08:05:28.404Z,2026-05-27T08:05:28.414Z,2026-05-27T08:05:28.414Z
2285,12.7,71.4,0,387.5,0.4062,0.1779,72.4,2026-05-27T08:05:40.231Z,2026-05-27T08:05:40.253Z,2026-05-27T08:05:40.253Z
2286,14,71.4,121,162.5,0.4062,0.1961,72.4,2026-05-27T08:05:49.676Z,2026-05-27T08:05:49.685Z,2026-05-27T08:05:49.685Z
2287,14.8,71.4,8596,275,0.5781,0.2073,72.4,2026-05-27T08:05:59.081Z,2026-05-27T08:05:59.089Z,2026-05-27T08:05:59.089Z
2288,25.2,71.6,0,162.5,0.4844,0.352,72.4,2026-05-27T08:06:10.996Z,2026-05-27T08:06:11.006Z,2026-05-27T08:06:11.006Z
2289,14.6,71.4,0,199.85,0.5312,0.2045,72.4,2026-05-27T08:06:20.593Z,2026-05-27T08:06:20.603Z,2026-05-27T08:06:20.603Z
2290,13,71.4,248,50,0.5156,0.1821,72.4,2026-05-27T08:06:29.819Z,2026-05-27T08:06:29.828Z,2026-05-27T08:06:29.828Z
2291,13.5,71.4,32099,50,0.5469,0.1891,72.4,2026-05-27T08:06:39.307Z,2026-05-27T08:06:39.316Z,2026-05-27T08:06:39.316Z
2292,13.6,71.4,0,50,0.4688,0.1905,72.4,2026-05-27T08:06:51.261Z,2026-05-27T08:06:51.269Z,2026-05-27T08:06:51.269Z
2293,14.2,71.2,461,50,0.5312,0.1994,72.4,2026-05-27T08:07:00.488Z,2026-05-27T08:07:00.496Z,2026-05-27T08:07:00.496Z
2294,18.2,71.5,10029,50,0.5938,0.2545,72.4,2026-05-27T08:07:09.722Z,2026-05-27T08:07:09.732Z,2026-05-27T08:07:09.732Z
2295,14.4,71.5,441,50,0.5,0.2014,72.4,2026-05-27T08:07:21.610Z,2026-05-27T08:07:21.618Z,2026-05-27T08:07:21.618Z
2296,15.2,71.5,0,50,0.5938,0.2126,72.4,2026-05-27T08:07:31.059Z,2026-05-27T08:07:31.067Z,2026-05-27T08:07:31.067Z
2297,15.4,71.4,831,50,0.5469,0.2157,72.4,2026-05-27T08:07:40.322Z,2026-05-27T08:07:40.331Z,2026-05-27T08:07:40.331Z
2298,14.8,71.4,180,500,0.6094,0.2073,72.4,2026-05-27T08:07:52.120Z,2026-05-27T08:07:52.129Z,2026-05-27T08:07:52.129Z
2299,15.8,71.4,321,50,1.0156,0.2213,72.4,2026-05-27T08:08:01.875Z,2026-05-27T08:08:01.883Z,2026-05-27T08:08:01.883Z
2300,16.2,71.4,42,50,0.4688,0.2269,72.4,2026-05-27T08:08:11.124Z,2026-05-27T08:08:11.135Z,2026-05-27T08:08:11.135Z
2301,15.8,71.4,0,50,0.6406,0.2213,72.4,2026-05-27T08:08:20.440Z,2026-05-27T08:08:20.451Z,2026-05-27T08:08:20.451Z
2302,14.5,71.5,3639,50,0.6719,0.2028,72.4,2026-05-27T08:08:32.547Z,2026-05-27T08:08:32.557Z,2026-05-27T08:08:32.557Z
2303,15.8,71.5,320,50,0.6875,0.221,72.4,2026-05-27T08:08:41.791Z,2026-05-27T08:08:41.801Z,2026-05-27T08:08:41.801Z
2304,16,71.3,0,50,1.0781,0.2244,72.4,2026-05-27T08:08:51.032Z,2026-05-27T08:08:51.041Z,2026-05-27T08:08:51.041Z
2305,14.8,71.3,3540,50,0.6719,0.2076,72.4,2026-05-27T08:09:02.934Z,2026-05-27T08:09:02.945Z,2026-05-27T08:09:02.945Z
2306,18,71.7,0,50,0.7812,0.251,72.4,2026-05-27T08:09:12.644Z,2026-05-27T08:09:12.654Z,2026-05-27T08:09:12.654Z
2307,17.3,71.6,1018,50,0.5938,0.2416,72.4,2026-05-27T08:09:21.860Z,2026-05-27T08:09:21.870Z,2026-05-27T08:09:21.870Z
2308,16.3,71.6,139,50,1.0156,0.2277,72.4,2026-05-27T08:09:31.246Z,2026-05-27T08:09:31.256Z,2026-05-27T08:09:31.256Z
2309,15.9,71.5,762,50,0.5938,0.2224,72.4,2026-05-27T08:09:43.311Z,2026-05-27T08:09:43.323Z,2026-05-27T08:09:43.323Z
2310,17.6,71.6,2391,50,0.8125,0.2458,72.4,2026-05-27T08:09:52.544Z,2026-05-27T08:09:52.558Z,2026-05-27T08:09:52.558Z
2311,17.6,71.6,0,50,1,0.2458,72.4,2026-05-27T08:10:01.760Z,2026-05-27T08:10:01.772Z,2026-05-27T08:10:01.772Z
2312,16,71.6,0,50,0.7031,0.2235,72.4,2026-05-27T08:10:13.728Z,2026-05-27T08:10:13.738Z,2026-05-27T08:10:13.738Z
2313,18.3,71.6,106,50,0.6562,0.2556,72.4,2026-05-27T08:10:23.146Z,2026-05-27T08:10:23.155Z,2026-05-27T08:10:23.155Z
2314,17.3,71.5,0,50,0.5938,0.242,72.4,2026-05-27T08:10:32.354Z,2026-05-27T08:10:32.364Z,2026-05-27T08:10:32.364Z
2315,15.3,71.5,180,50,0.5156,0.214,72.4,2026-05-27T08:10:41.720Z,2026-05-27T08:10:41.731Z,2026-05-27T08:10:41.731Z
2316,17.3,71.5,84,50,1.0625,0.242,72.4,2026-05-27T08:10:53.894Z,2026-05-27T08:10:53.905Z,2026-05-27T08:10:53.905Z
2317,15.2,71.5,0,50,0.6094,0.2126,72.4,2026-05-27T08:11:03.112Z,2026-05-27T08:11:03.121Z,2026-05-27T08:11:03.121Z
2318,16.8,71.5,155,50,0.7656,0.235,72.4,2026-05-27T08:11:12.500Z,2026-05-27T08:11:12.521Z,2026-05-27T08:11:12.521Z
2319,19.1,71,168,50,0.6406,0.269,72.4,2026-05-27T08:11:24.635Z,2026-05-27T08:11:24.646Z,2026-05-27T08:11:24.646Z
2320,23.5,71.2,0,275,0.5312,0.3301,72.4,2026-05-27T08:11:33.916Z,2026-05-27T08:11:33.927Z,2026-05-27T08:11:33.927Z
2321,17.3,71.2,0,50,0.6094,0.243,72.4,2026-05-27T08:11:43.152Z,2026-05-27T08:11:43.162Z,2026-05-27T08:11:43.162Z
2322,16.4,71.2,0,50,0.5469,0.2303,72.4,2026-05-27T08:11:55.041Z,2026-05-27T08:11:55.052Z,2026-05-27T08:11:55.052Z
2323,18.2,71.3,0,50,0.7031,0.2553,72.4,2026-05-27T08:12:04.529Z,2026-05-27T08:12:04.541Z,2026-05-27T08:12:04.541Z
2324,18.3,71.3,7060,50,0.7344,0.2567,72.4,2026-05-27T08:12:13.885Z,2026-05-27T08:12:13.893Z,2026-05-27T08:12:13.893Z
2325,23.4,71.3,7100,50,0.5781,0.3282,72.4,2026-05-27T08:12:23.249Z,2026-05-27T08:12:23.258Z,2026-05-27T08:12:23.258Z
2326,17,71.3,4204,50,1.0156,0.2384,72.4,2026-05-27T08:12:35.285Z,2026-05-27T08:12:35.294Z,2026-05-27T08:12:35.294Z
2327,16,71.2,0,50,0.5938,0.2247,72.4,2026-05-27T08:12:44.520Z,2026-05-27T08:12:44.529Z,2026-05-27T08:12:44.529Z
2328,18,71.5,0,50,0.625,0.2517,72.4,2026-05-27T08:12:53.801Z,2026-05-27T08:12:53.811Z,2026-05-27T08:12:53.811Z
2329,15.9,71.4,2134,50,0.7031,0.2227,72.4,2026-05-27T08:13:05.904Z,2026-05-27T08:13:05.914Z,2026-05-27T08:13:05.914Z
2330,20.3,71.4,773,50,0.8125,0.2843,72.4,2026-05-27T08:13:15.315Z,2026-05-27T08:13:15.327Z,2026-05-27T08:13:15.327Z
2331,19.2,71.6,15651,50,0.9688,0.2682,72.4,2026-05-27T08:13:24.788Z,2026-05-27T08:13:24.799Z,2026-05-27T08:13:24.799Z
2332,19.5,71.5,4323,50,0.5938,0.2727,72.4,2026-05-27T08:13:34.267Z,2026-05-27T08:13:34.277Z,2026-05-27T08:13:34.277Z
2333,19,71.5,4334,50,1.1406,0.2657,72.4,2026-05-27T08:13:45.860Z,2026-05-27T08:13:45.870Z,2026-05-27T08:13:45.870Z
2334,16.4,71.5,0,50,0.7031,0.2294,72.4,2026-05-27T08:13:55.287Z,2026-05-27T08:13:55.297Z,2026-05-27T08:13:55.297Z
2335,17.3,71.6,0,50,0.6406,0.2416,72.4,2026-05-27T08:14:04.812Z,2026-05-27T08:14:04.822Z,2026-05-27T08:14:04.822Z
2336,22.1,71.6,84,50,1.1562,0.3087,72.4,2026-05-27T08:14:16.402Z,2026-05-27T08:14:16.413Z,2026-05-27T08:14:16.413Z
2337,17.3,71.7,6513,50,0.5781,0.2413,72.4,2026-05-27T08:14:25.892Z,2026-05-27T08:14:25.902Z,2026-05-27T08:14:25.902Z
2338,17.5,71.7,0,275,0.7656,0.2441,72.4,2026-05-27T08:14:35.337Z,2026-05-27T08:14:35.346Z,2026-05-27T08:14:35.346Z
2339,17.3,71.8,248,162.5,0.5781,0.2409,72.4,2026-05-27T08:14:46.871Z,2026-05-27T08:14:46.880Z,2026-05-27T08:14:46.880Z
2340,17.1,71.7,14259,50,0.7031,0.2385,72.4,2026-05-27T08:14:56.471Z,2026-05-27T08:14:56.480Z,2026-05-27T08:14:56.480Z
2341,16.7,71.7,121,50,1.0312,0.2329,72.4,2026-05-27T08:15:05.818Z,2026-05-27T08:15:05.827Z,2026-05-27T08:15:05.827Z
2342,20.4,71.9,0,50,0.5938,0.2837,72.4,2026-05-27T08:15:15.420Z,2026-05-27T08:15:15.430Z,2026-05-27T08:15:15.430Z
2343,18.7,71.9,4065,50,0.8594,0.2601,72.4,2026-05-27T08:15:26.986Z,2026-05-27T08:15:26.995Z,2026-05-27T08:15:26.995Z
2344,18,71.8,0,50,0.6875,0.2507,72.4,2026-05-27T08:15:36.452Z,2026-05-27T08:15:36.460Z,2026-05-27T08:15:36.460Z
2345,17.9,71.8,66,50,0.5469,0.2493,72.4,2026-05-27T08:15:45.973Z,2026-05-27T08:15:45.984Z,2026-05-27T08:15:45.984Z
2346,18.4,71.8,372,50,0.7031,0.2563,72.4,2026-05-27T08:15:57.587Z,2026-05-27T08:15:57.600Z,2026-05-27T08:15:57.600Z
2347,16.3,71.8,0,50,0.5625,0.227,72.4,2026-05-27T08:16:07.201Z,2026-05-27T08:16:07.211Z,2026-05-27T08:16:07.211Z
2348,18.1,71.7,4190,50,0.6875,0.2524,72.4,2026-05-27T08:16:16.561Z,2026-05-27T08:16:16.570Z,2026-05-27T08:16:16.570Z
2349,19.6,71.7,497,50,0.9844,0.2734,72.4,2026-05-27T08:16:28.209Z,2026-05-27T08:16:28.218Z,2026-05-27T08:16:28.218Z
2350,16.8,71.8,977,500,0.6875,0.234,72.4,2026-05-27T08:16:37.797Z,2026-05-27T08:16:37.807Z,2026-05-27T08:16:37.807Z
2351,18.8,71.8,4441,50,0.875,0.2618,72.4,2026-05-27T08:16:47.239Z,2026-05-27T08:16:47.247Z,2026-05-27T08:16:47.247Z
2352,29.4,72,0,50,0.5625,0.4083,72.4,2026-05-27T08:16:56.755Z,2026-05-27T08:16:56.766Z,2026-05-27T08:16:56.766Z
2353,18.8,71.9,137,275,1.0781,0.2615,72.4,2026-05-27T08:17:08.348Z,2026-05-27T08:17:08.358Z,2026-05-27T08:17:08.358Z
2354,17.5,71.8,1626,50,0.625,0.2437,72.4,2026-05-27T08:17:17.894Z,2026-05-27T08:17:17.910Z,2026-05-27T08:17:17.910Z
2355,20,71.3,3164,350.15,0.6094,0.2805,72.4,2026-05-27T08:17:27.354Z,2026-05-27T08:17:27.365Z,2026-05-27T08:17:27.365Z
2356,18.3,71.4,0,50,0.7031,0.2563,72.4,2026-05-27T08:17:38.922Z,2026-05-27T08:17:38.934Z,2026-05-27T08:17:38.934Z
2357,17,71.5,0,50,1.0312,0.2378,72.4,2026-05-27T08:17:48.498Z,2026-05-27T08:17:48.511Z,2026-05-27T08:17:48.511Z
2358,20.6,71.8,121,50,0.5781,0.2869,72.4,2026-05-27T08:17:57.862Z,2026-05-27T08:17:57.874Z,2026-05-27T08:17:57.874Z
2359,18.5,71.8,29191,50,0.8281,0.2577,72.4,2026-05-27T08:18:07.393Z,2026-05-27T08:18:07.405Z,2026-05-27T08:18:07.405Z
2360,17.3,71.7,0,275,0.7812,0.2413,72.4,2026-05-27T08:18:19.045Z,2026-05-27T08:18:19.054Z,2026-05-27T08:18:19.054Z
2361,17.7,71.8,0,50,0.5781,0.2465,72.4,2026-05-27T08:18:28.468Z,2026-05-27T08:18:28.476Z,2026-05-27T08:18:28.476Z
2362,22.1,72.4,248,350.15,1.5312,0.3052,72.4,2026-05-27T08:18:37.965Z,2026-05-27T08:18:37.976Z,2026-05-27T08:18:37.976Z
2363,23.9,71.5,426,50,0.5312,0.3343,72.4,2026-05-27T08:18:49.518Z,2026-05-27T08:18:49.528Z,2026-05-27T08:18:49.528Z
2364,19.5,71.6,18802,50,1.0781,0.2723,72.4,2026-05-27T08:18:59.197Z,2026-05-27T08:18:59.207Z,2026-05-27T08:18:59.207Z
2365,17.4,71.7,2339,50,0.7031,0.2427,72.4,2026-05-27T08:19:08.721Z,2026-05-27T08:19:08.731Z,2026-05-27T08:19:08.731Z
2366,18,71.5,402,350.15,0.625,0.2517,72.4,2026-05-27T08:19:20.346Z,2026-05-27T08:19:20.358Z,2026-05-27T08:19:20.358Z
2367,19,71.5,0,50,0.5625,0.2657,72.4,2026-05-27T08:19:29.947Z,2026-05-27T08:19:29.955Z,2026-05-27T08:19:29.955Z
2368,18.1,71.6,0,50,1.0469,0.2528,72.4,2026-05-27T08:19:39.416Z,2026-05-27T08:19:39.426Z,2026-05-27T08:19:39.426Z
2369,16.8,71.5,180,50,0.8438,0.235,72.4,2026-05-27T08:19:49.745Z,2026-05-27T08:19:49.757Z,2026-05-27T08:19:49.757Z
2370,19.8,71.5,137,50,0.6406,0.2769,72.4,2026-05-27T08:20:01.112Z,2026-05-27T08:20:01.121Z,2026-05-27T08:20:01.121Z
2371,17.2,71.5,0,50,0.625,0.2406,72.4,2026-05-27T08:20:10.887Z,2026-05-27T08:20:10.897Z,2026-05-27T08:20:10.897Z
2372,18.3,71.5,137,275,1.2344,0.2559,72.4,2026-05-27T08:20:20.919Z,2026-05-27T08:20:20.929Z,2026-05-27T08:20:20.929Z
2373,17.3,71.5,290,50,0.625,0.242,72.4,2026-05-27T08:20:31.272Z,2026-05-27T08:20:31.282Z,2026-05-27T08:20:31.282Z
2374,17.4,71.6,137,50,0.6406,0.243,72.4,2026-05-27T08:20:41.502Z,2026-05-27T08:20:41.514Z,2026-05-27T08:20:41.514Z
2375,18.2,71.3,0,275,0.5625,0.2553,72.4,2026-05-27T08:20:51.708Z,2026-05-27T08:20:51.718Z,2026-05-27T08:20:51.718Z
2376,18,71.3,387,50,1.0156,0.2525,72.4,2026-05-27T08:21:01.808Z,2026-05-27T08:21:01.821Z,2026-05-27T08:21:01.821Z
2377,18,71.7,0,50,0.6719,0.251,72.4,2026-05-27T08:21:11.986Z,2026-05-27T08:21:11.999Z,2026-05-27T08:21:11.999Z
2378,19.3,71.6,0,50,0.5938,0.2696,72.4,2026-05-27T08:21:22.163Z,2026-05-27T08:21:22.173Z,2026-05-27T08:21:22.173Z
2379,19.3,71.6,0,50,0.6406,0.2696,72.4,2026-05-27T08:21:32.273Z,2026-05-27T08:21:32.284Z,2026-05-27T08:21:32.284Z
2380,18.2,71.6,42,50,0.9844,0.2542,72.4,2026-05-27T08:21:42.517Z,2026-05-27T08:21:42.529Z,2026-05-27T08:21:42.529Z
2381,16.4,71.5,678,50,0.6094,0.2294,72.4,2026-05-27T08:21:52.678Z,2026-05-27T08:21:52.690Z,2026-05-27T08:21:52.690Z
2382,19.6,71.6,3064,275,0.7188,0.2737,72.4,2026-05-27T08:22:02.791Z,2026-05-27T08:22:02.803Z,2026-05-27T08:22:02.803Z
2383,19,71.6,84,50,0.6719,0.2654,72.4,2026-05-27T08:22:12.909Z,2026-05-27T08:22:12.920Z,2026-05-27T08:22:12.920Z
2384,17.1,71.5,693,50,0.6094,0.2392,72.4,2026-05-27T08:22:23.015Z,2026-05-27T08:22:23.026Z,2026-05-27T08:22:23.026Z
2385,20,71.6,38657,50,0.875,0.2793,72.4,2026-05-27T08:22:33.130Z,2026-05-27T08:22:33.139Z,2026-05-27T08:22:33.139Z
2386,19.4,71.5,0,50,1.0156,0.2713,72.4,2026-05-27T08:22:43.243Z,2026-05-27T08:22:43.253Z,2026-05-27T08:22:43.253Z
2387,16.7,71.5,691,50,0.6406,0.2336,72.4,2026-05-27T08:22:53.359Z,2026-05-27T08:22:53.371Z,2026-05-27T08:22:53.371Z
2388,18.4,71.5,222,162.5,0.6094,0.2573,72.4,2026-05-27T08:23:03.453Z,2026-05-27T08:23:03.464Z,2026-05-27T08:23:03.464Z
2389,17.9,71.6,14054,350.15,0.8906,0.25,72.4,2026-05-27T08:23:13.672Z,2026-05-27T08:23:13.689Z,2026-05-27T08:23:13.689Z
2390,16.4,71.6,2905,50,0.6875,0.2291,72.4,2026-05-27T08:23:23.783Z,2026-05-27T08:23:23.792Z,2026-05-27T08:23:23.792Z
2391,19.6,71.6,276,50,0.7188,0.2737,72.4,2026-05-27T08:23:33.898Z,2026-05-27T08:23:33.906Z,2026-05-27T08:23:33.906Z
2392,17.4,71.6,13954,50,0.5781,0.243,72.4,2026-05-27T08:23:44.104Z,2026-05-27T08:23:44.115Z,2026-05-27T08:23:44.115Z
2393,18,71.8,3970,50,0.6563,0.2507,72.4,2026-05-27T08:23:54.184Z,2026-05-27T08:23:54.195Z,2026-05-27T08:23:54.195Z
2394,19.6,71.8,521,50,0.7656,0.273,72.4,2026-05-27T08:24:04.288Z,2026-05-27T08:24:04.297Z,2026-05-27T08:24:04.297Z
2395,18.2,71.8,0,50,0.6562,0.2535,72.4,2026-05-27T08:24:14.418Z,2026-05-27T08:24:14.429Z,2026-05-27T08:24:14.429Z
2396,17.6,71.9,759,350.15,0.5156,0.2448,72.4,2026-05-27T08:24:24.535Z,2026-05-27T08:24:24.545Z,2026-05-27T08:24:24.545Z
2397,17.5,71.9,138,500,1.0781,0.2434,72.4,2026-05-27T08:24:34.634Z,2026-05-27T08:24:34.644Z,2026-05-27T08:24:34.644Z
2398,17.3,71.9,590,50,0.6562,0.2406,72.4,2026-05-27T08:24:44.727Z,2026-05-27T08:24:44.740Z,2026-05-27T08:24:44.740Z
2399,17.4,71.9,849,50,0.6562,0.242,72.4,2026-05-27T08:24:54.823Z,2026-05-27T08:24:54.833Z,2026-05-27T08:24:54.833Z
2400,16.4,71.9,2881,50,0.6562,0.2281,72.4,2026-05-27T08:25:04.931Z,2026-05-27T08:25:04.943Z,2026-05-27T08:25:04.943Z
2401,17.9,71.9,0,50,0.6406,0.249,72.4,2026-05-27T08:25:15.020Z,2026-05-27T08:25:15.030Z,2026-05-27T08:25:15.030Z
2402,17.9,71.9,1554,50,1.1406,0.249,72.4,2026-05-27T08:25:25.116Z,2026-05-27T08:25:25.126Z,2026-05-27T08:25:25.126Z
2403,16.2,71.8,4149,350.15,0.75,0.2256,72.4,2026-05-27T08:25:35.227Z,2026-05-27T08:25:35.237Z,2026-05-27T08:25:35.237Z
2404,18.3,71.8,121,50,0.6406,0.2549,72.4,2026-05-27T08:25:45.313Z,2026-05-27T08:25:45.322Z,2026-05-27T08:25:45.322Z
2405,16.9,71.8,716,50,0.7188,0.2354,72.4,2026-05-27T08:25:55.411Z,2026-05-27T08:25:55.428Z,2026-05-27T08:25:55.428Z
2406,18.8,71.8,0,50,0.6094,0.2618,72.4,2026-05-27T08:26:05.486Z,2026-05-27T08:26:05.497Z,2026-05-27T08:26:05.497Z
2407,18.6,71.8,832,50,0.7656,0.2591,72.4,2026-05-27T08:26:15.562Z,2026-05-27T08:26:15.573Z,2026-05-27T08:26:15.573Z
2408,16.4,71.9,726,162.5,0.5781,0.2281,72.4,2026-05-27T08:26:25.676Z,2026-05-27T08:26:25.697Z,2026-05-27T08:26:25.697Z
2409,18.7,71.9,5570,50,0.625,0.2601,72.4,2026-05-27T08:26:35.766Z,2026-05-27T08:26:35.779Z,2026-05-27T08:26:35.779Z
2410,17.6,71.9,0,500,1.0469,0.2448,72.4,2026-05-27T08:26:45.855Z,2026-05-27T08:26:45.864Z,2026-05-27T08:26:45.864Z
2411,16.4,71.9,726,50,0.7031,0.2281,72.4,2026-05-27T08:26:55.979Z,2026-05-27T08:26:55.991Z,2026-05-27T08:26:55.991Z
2412,18,71.9,0,50,0.5,0.2503,72.4,2026-05-27T08:27:06.074Z,2026-05-27T08:27:06.087Z,2026-05-27T08:27:06.087Z
2413,17.9,71.9,0,50,0.7188,0.249,72.4,2026-05-27T08:27:16.160Z,2026-05-27T08:27:16.173Z,2026-05-27T08:27:16.173Z
2414,17.8,71.9,728,50,0.6875,0.2476,72.4,2026-05-27T08:27:26.260Z,2026-05-27T08:27:26.272Z,2026-05-27T08:27:26.272Z
2415,18.1,71.9,0,50,0.6875,0.2517,72.4,2026-05-27T08:27:36.369Z,2026-05-27T08:27:36.379Z,2026-05-27T08:27:36.379Z
2416,16.7,71.9,0,50,0.6406,0.2323,72.4,2026-05-27T08:27:46.454Z,2026-05-27T08:27:46.464Z,2026-05-27T08:27:46.464Z
2417,17.7,71.9,2571,50,0.6875,0.2462,72.4,2026-05-27T08:27:56.556Z,2026-05-27T08:27:56.568Z,2026-05-27T08:27:56.568Z
2418,20,71.8,0,50,1.3438,0.2786,72.4,2026-05-27T08:28:06.669Z,2026-05-27T08:28:06.679Z,2026-05-27T08:28:06.679Z
2419,18.9,71.7,438,275,0.6875,0.2636,72.4,2026-05-27T08:28:16.756Z,2026-05-27T08:28:16.768Z,2026-05-27T08:28:16.768Z
2420,19.1,71.8,18772,50,0.6875,0.266,72.4,2026-05-27T08:28:26.869Z,2026-05-27T08:28:26.881Z,2026-05-27T08:28:26.881Z
2421,19.8,71.8,438,275,0.7656,0.2758,72.4,2026-05-27T08:28:36.954Z,2026-05-27T08:28:36.964Z,2026-05-27T08:28:36.964Z
2422,17.1,71.9,248,162.5,0.5781,0.2378,72.4,2026-05-27T08:28:47.051Z,2026-05-27T08:28:47.060Z,2026-05-27T08:28:47.060Z
2423,18,71.9,19908,50,0.75,0.2503,72.4,2026-05-27T08:28:57.196Z,2026-05-27T08:28:57.205Z,2026-05-27T08:28:57.205Z
2424,18.4,72,0,50,0.8125,0.2556,72.4,2026-05-27T08:29:07.305Z,2026-05-27T08:29:07.314Z,2026-05-27T08:29:07.314Z
2425,18.3,71.9,0,50,0.5469,0.2545,72.4,2026-05-27T08:29:17.407Z,2026-05-27T08:29:17.417Z,2026-05-27T08:29:17.417Z
2426,18.2,71.9,3942,275,0.7969,0.2531,72.4,2026-05-27T08:29:27.532Z,2026-05-27T08:29:27.542Z,2026-05-27T08:29:27.542Z
2427,19.6,71.2,121,275,0.5938,0.2753,72.4,2026-05-27T08:29:37.656Z,2026-05-27T08:29:37.668Z,2026-05-27T08:29:37.668Z
2428,16.5,71.3,3096,350.15,0.6719,0.2314,72.4,2026-05-27T08:29:47.814Z,2026-05-27T08:29:47.823Z,2026-05-27T08:29:47.823Z
2429,18.1,71.3,3887,50,0.6406,0.2539,72.4,2026-05-27T08:29:57.906Z,2026-05-27T08:29:57.915Z,2026-05-27T08:29:57.915Z
2430,18,71.3,0,50,0.4688,0.2525,72.4,2026-05-27T08:30:08.014Z,2026-05-27T08:30:08.022Z,2026-05-27T08:30:08.022Z
2431,17.7,71.3,4634,50,0.6094,0.2482,72.4,2026-05-27T08:30:18.095Z,2026-05-27T08:30:18.106Z,2026-05-27T08:30:18.106Z
2432,18.3,71.4,8658,275,0.7188,0.2563,72.4,2026-05-27T08:30:28.175Z,2026-05-27T08:30:28.185Z,2026-05-27T08:30:28.185Z
2433,17.5,71.4,248,275,0.5469,0.2451,72.4,2026-05-27T08:30:38.260Z,2026-05-27T08:30:38.271Z,2026-05-27T08:30:38.271Z
2434,17.8,71.4,720,50,1.0469,0.2493,72.4,2026-05-27T08:30:48.375Z,2026-05-27T08:30:48.383Z,2026-05-27T08:30:48.383Z
2435,17.9,71.5,17577,275,0.7188,0.2503,72.4,2026-05-27T08:30:58.449Z,2026-05-27T08:30:58.460Z,2026-05-27T08:30:58.460Z
2436,19,71.5,318,50,0.625,0.2657,72.4,2026-05-27T08:31:08.550Z,2026-05-27T08:31:08.563Z,2026-05-27T08:31:08.563Z
2437,18.5,71.4,1339,275,1.0156,0.2591,72.4,2026-05-27T08:31:18.652Z,2026-05-27T08:31:18.687Z,2026-05-27T08:31:18.687Z
2438,18.4,71.4,11276,275,0.7188,0.2577,72.4,2026-05-27T08:31:28.791Z,2026-05-27T08:31:28.803Z,2026-05-27T08:31:28.803Z
2439,17.7,71.4,0,50,0.6719,0.2479,72.4,2026-05-27T08:31:38.878Z,2026-05-27T08:31:38.888Z,2026-05-27T08:31:38.888Z
2440,17.8,71.5,0,50,1.1406,0.249,72.4,2026-05-27T08:31:49.036Z,2026-05-27T08:31:49.050Z,2026-05-27T08:31:49.050Z
2441,18.2,71.5,3893,50,0.9062,0.2545,72.4,2026-05-27T08:31:59.166Z,2026-05-27T08:31:59.184Z,2026-05-27T08:31:59.184Z
2442,19.9,71.5,1252,50,0.6719,0.2783,72.4,2026-05-27T08:32:09.274Z,2026-05-27T08:32:09.284Z,2026-05-27T08:32:09.284Z
2443,17.6,71.4,121,50,0.5938,0.2465,72.4,2026-05-27T08:32:19.356Z,2026-05-27T08:32:19.366Z,2026-05-27T08:32:19.366Z
2444,17.5,71.5,3869,50,0.8281,0.2448,72.4,2026-05-27T08:32:29.459Z,2026-05-27T08:32:29.470Z,2026-05-27T08:32:29.470Z
2445,18.2,71.2,530,500,0.7344,0.2556,72.4,2026-05-27T08:32:39.560Z,2026-05-27T08:32:39.572Z,2026-05-27T08:32:39.572Z
2446,18.5,71.3,3972,50,0.8125,0.2595,72.4,2026-05-27T08:32:49.736Z,2026-05-27T08:32:49.745Z,2026-05-27T08:32:49.745Z
2447,18.2,71.3,3286,50,1.3438,0.2553,72.4,2026-05-27T08:32:59.829Z,2026-05-27T08:32:59.838Z,2026-05-27T08:32:59.838Z
2448,19.3,71.7,0,50,0.7656,0.2692,72.4,2026-05-27T08:33:09.989Z,2026-05-27T08:33:09.999Z,2026-05-27T08:33:09.999Z
2449,17.9,71.7,6688,50,0.6719,0.2497,72.4,2026-05-27T08:33:20.116Z,2026-05-27T08:33:20.125Z,2026-05-27T08:33:20.125Z
2450,19.1,71.7,4613,50,1.2812,0.2664,72.4,2026-05-27T08:33:30.312Z,2026-05-27T08:33:30.325Z,2026-05-27T08:33:30.325Z
2451,18.4,71.6,0,50,0.7656,0.257,72.4,2026-05-27T08:33:40.419Z,2026-05-27T08:33:40.427Z,2026-05-27T08:33:40.427Z
2452,27.6,71.1,1388,50,0.5938,0.3882,72.4,2026-05-27T08:33:50.527Z,2026-05-27T08:33:50.537Z,2026-05-27T08:33:50.537Z
2453,19.3,71.1,1875,50,0.8906,0.2714,72.4,2026-05-27T08:34:00.884Z,2026-05-27T08:34:00.897Z,2026-05-27T08:34:00.897Z
2454,21.1,71.4,0,50,0.9844,0.2955,72.4,2026-05-27T08:34:10.976Z,2026-05-27T08:34:10.985Z,2026-05-27T08:34:10.985Z
2455,17.5,71.2,0,50,0.6406,0.2458,72.4,2026-05-27T08:34:21.075Z,2026-05-27T08:34:21.086Z,2026-05-27T08:34:21.086Z
2456,19.1,71.2,371,50,0.6094,0.2683,72.4,2026-05-27T08:34:31.151Z,2026-05-27T08:34:31.162Z,2026-05-27T08:34:31.162Z
2457,19,71.2,248,50,0.625,0.2669,72.4,2026-05-27T08:34:41.301Z,2026-05-27T08:34:41.310Z,2026-05-27T08:34:41.310Z
2458,18,71,0,50,1.0156,0.2535,72.4,2026-05-27T08:34:51.389Z,2026-05-27T08:34:51.400Z,2026-05-27T08:34:51.400Z
2459,19.2,70.9,121,275,0.7031,0.2708,72.4,2026-05-27T08:35:01.515Z,2026-05-27T08:35:01.524Z,2026-05-27T08:35:01.524Z
2460,20.3,71.5,0,50,0.6875,0.2839,72.4,2026-05-27T08:35:11.640Z,2026-05-27T08:35:11.650Z,2026-05-27T08:35:11.650Z
2461,18.1,71.5,0,50,0.7188,0.2531,72.4,2026-05-27T08:35:21.743Z,2026-05-27T08:35:21.756Z,2026-05-27T08:35:21.756Z
2462,19.9,71.5,48880,162.5,1.1094,0.2783,72.4,2026-05-27T08:35:31.865Z,2026-05-27T08:35:31.874Z,2026-05-27T08:35:31.874Z
2463,16.9,71.4,0,50,0.5625,0.2367,72.4,2026-05-27T08:35:41.970Z,2026-05-27T08:35:41.982Z,2026-05-27T08:35:41.982Z
2464,18.4,71.4,439,50,0.625,0.2577,72.4,2026-05-27T08:35:52.088Z,2026-05-27T08:35:52.099Z,2026-05-27T08:35:52.099Z
2465,18.8,71.4,0,50,0.625,0.2633,72.4,2026-05-27T08:36:02.219Z,2026-05-27T08:36:02.230Z,2026-05-27T08:36:02.230Z
2466,18.3,71.4,2462,50,1.0781,0.2563,72.4,2026-05-27T08:36:12.344Z,2026-05-27T08:36:12.355Z,2026-05-27T08:36:12.355Z
2467,17.9,71.4,0,350.15,0.6719,0.2507,72.4,2026-05-27T08:36:22.461Z,2026-05-27T08:36:22.471Z,2026-05-27T08:36:22.471Z
2468,18.8,71.4,881,50,0.6719,0.2633,72.4,2026-05-27T08:36:32.581Z,2026-05-27T08:36:32.592Z,2026-05-27T08:36:32.592Z
2469,18.1,71.1,0,50,0.625,0.2546,72.4,2026-05-27T08:36:42.677Z,2026-05-27T08:36:42.688Z,2026-05-27T08:36:42.688Z
2470,16.3,71.1,440,50,0.5938,0.2293,72.4,2026-05-27T08:36:52.782Z,2026-05-27T08:36:52.792Z,2026-05-27T08:36:52.792Z
2471,18.4,71.1,0,162.5,0.5156,0.2588,72.4,2026-05-27T08:37:02.883Z,2026-05-27T08:37:02.894Z,2026-05-27T08:37:02.894Z
2472,19.5,71.5,440,50,0.6719,0.2727,72.4,2026-05-27T08:37:13.004Z,2026-05-27T08:37:13.013Z,2026-05-27T08:37:13.013Z
2473,18.1,71.5,121,50,1.0469,0.2531,72.4,2026-05-27T08:37:23.138Z,2026-05-27T08:37:23.149Z,2026-05-27T08:37:23.149Z
2474,17.9,71.5,296,50,0.6094,0.2503,72.4,2026-05-27T08:37:33.292Z,2026-05-27T08:37:33.301Z,2026-05-27T08:37:33.301Z
2475,18.4,71.3,0,50,0.7656,0.2581,72.4,2026-05-27T08:37:43.402Z,2026-05-27T08:37:43.412Z,2026-05-27T08:37:43.412Z
2476,17.3,71.4,0,50,0.6562,0.2423,72.4,2026-05-27T08:37:53.505Z,2026-05-27T08:37:53.514Z,2026-05-27T08:37:53.514Z
2477,18.1,71.4,5988,50,0.6875,0.2535,72.4,2026-05-27T08:38:03.680Z,2026-05-27T08:38:03.693Z,2026-05-27T08:38:03.693Z
2478,17.6,71.4,0,50,0.5781,0.2465,72.4,2026-05-27T08:38:13.767Z,2026-05-27T08:38:13.778Z,2026-05-27T08:38:13.778Z
2479,18.8,71.4,0,50,0.6875,0.2633,72.4,2026-05-27T08:38:23.880Z,2026-05-27T08:38:23.889Z,2026-05-27T08:38:23.889Z
2480,17.9,71.4,3097,500,0.7031,0.2507,72.4,2026-05-27T08:38:33.969Z,2026-05-27T08:38:33.979Z,2026-05-27T08:38:33.979Z
2481,18.5,71,391,50,0.6406,0.2606,72.4,2026-05-27T08:38:44.088Z,2026-05-27T08:38:44.099Z,2026-05-27T08:38:44.099Z
2482,17,71.2,0,50,0.5312,0.2388,72.4,2026-05-27T08:38:54.247Z,2026-05-27T08:38:54.258Z,2026-05-27T08:38:54.258Z
2483,18.1,71.2,0,50,0.625,0.2542,72.4,2026-05-27T08:39:04.360Z,2026-05-27T08:39:04.369Z,2026-05-27T08:39:04.369Z
2484,21.1,71.7,13881,50,0.5938,0.2943,72.4,2026-05-27T08:39:14.451Z,2026-05-27T08:39:14.462Z,2026-05-27T08:39:14.462Z
2485,18.9,71.7,0,230,0.5469,0.2636,72.4,2026-05-27T08:39:24.557Z,2026-05-27T08:39:24.568Z,2026-05-27T08:39:24.568Z
2486,18.4,71.7,42,350.15,0.625,0.2566,72.4,2026-05-27T08:39:34.662Z,2026-05-27T08:39:34.673Z,2026-05-27T08:39:34.673Z
2487,19,71.5,6067,50,0.6875,0.2657,72.4,2026-05-27T08:39:44.797Z,2026-05-27T08:39:44.808Z,2026-05-27T08:39:44.808Z
2488,18.4,71.5,0,50,1.0781,0.2573,72.4,2026-05-27T08:39:54.889Z,2026-05-27T08:39:54.898Z,2026-05-27T08:39:54.898Z
2489,18.2,71.5,0,230,0.6719,0.2545,72.4,2026-05-27T08:40:04.987Z,2026-05-27T08:40:04.997Z,2026-05-27T08:40:04.997Z
2490,18.3,71.5,138,50,0.5469,0.2559,72.4,2026-05-27T08:40:15.100Z,2026-05-27T08:40:15.108Z,2026-05-27T08:40:15.108Z
2491,19.9,71.5,0,50,1.0312,0.2783,72.4,2026-05-27T08:40:25.191Z,2026-05-27T08:40:25.201Z,2026-05-27T08:40:25.201Z
2492,18.8,71.5,0,50,0.5781,0.2629,72.4,2026-05-27T08:40:35.294Z,2026-05-27T08:40:35.306Z,2026-05-27T08:40:35.306Z
2493,18.1,71.5,0,50,0.6562,0.2531,72.4,2026-05-27T08:40:45.398Z,2026-05-27T08:40:45.407Z,2026-05-27T08:40:45.407Z
2494,17.3,71.5,180,50,0.5469,0.242,72.4,2026-05-27T08:40:55.482Z,2026-05-27T08:40:55.494Z,2026-05-27T08:40:55.494Z
2495,17.4,71.5,4133,275,0.7344,0.2434,72.4,2026-05-27T08:41:05.613Z,2026-05-27T08:41:05.622Z,2026-05-27T08:41:05.622Z
2496,17.7,71.5,138,50,0.625,0.2476,72.4,2026-05-27T08:41:15.707Z,2026-05-27T08:41:15.717Z,2026-05-27T08:41:15.717Z
2497,18.4,71.5,0,50,0.5781,0.2573,72.4,2026-05-27T08:41:25.799Z,2026-05-27T08:41:25.816Z,2026-05-27T08:41:25.816Z
2498,19.2,71.5,2276,50,1.0156,0.2685,72.4,2026-05-27T08:41:35.969Z,2026-05-27T08:41:35.980Z,2026-05-27T08:41:35.980Z
2499,17.1,71.2,0,50,0.7812,0.2402,72.4,2026-05-27T08:41:46.086Z,2026-05-27T08:41:46.099Z,2026-05-27T08:41:46.099Z
2500,18.9,71.3,2746,50,0.9062,0.2651,72.4,2026-05-27T08:41:56.180Z,2026-05-27T08:41:56.190Z,2026-05-27T08:41:56.190Z
2501,16.8,71.3,0,50,0.6719,0.2356,72.4,2026-05-27T08:42:06.271Z,2026-05-27T08:42:06.282Z,2026-05-27T08:42:06.282Z
2502,18.3,71.7,0,50,0.5312,0.2552,72.4,2026-05-27T08:42:16.366Z,2026-05-27T08:42:16.375Z,2026-05-27T08:42:16.375Z
2503,17.8,71.6,0,50,1.1562,0.2486,72.4,2026-05-27T08:42:26.443Z,2026-05-27T08:42:26.452Z,2026-05-27T08:42:26.452Z
2504,18.4,71.6,0,50,0.6719,0.257,72.4,2026-05-27T08:42:36.533Z,2026-05-27T08:42:36.542Z,2026-05-27T08:42:36.542Z
2505,18.7,71.5,390,50,0.6719,0.2615,72.4,2026-05-27T08:42:46.666Z,2026-05-27T08:42:46.676Z,2026-05-27T08:42:46.676Z
2506,15.9,71.5,0,50,0.5625,0.2224,72.4,2026-05-27T08:42:56.775Z,2026-05-27T08:42:56.785Z,2026-05-27T08:42:56.785Z
2507,18.4,71.5,0,50,0.625,0.2573,72.4,2026-05-27T08:43:06.902Z,2026-05-27T08:43:06.913Z,2026-05-27T08:43:06.913Z
2508,19,71.4,0,50,1.2344,0.2661,72.4,2026-05-27T08:43:16.998Z,2026-05-27T08:43:17.009Z,2026-05-27T08:43:17.009Z
2509,18.3,71.7,12726,50,0.5156,0.2552,72.4,2026-05-27T08:43:27.093Z,2026-05-27T08:43:27.104Z,2026-05-27T08:43:27.104Z
2510,30.5,72.2,42,275,0.5156,0.4224,72.4,2026-05-27T08:43:37.189Z,2026-05-27T08:43:37.199Z,2026-05-27T08:43:37.199Z
2511,19.2,71.9,0,50,0.5625,0.267,72.4,2026-05-27T08:43:47.320Z,2026-05-27T08:43:47.329Z,2026-05-27T08:43:47.329Z
2512,22.4,72,57304,50,2.375,0.3111,72.4,2026-05-27T08:43:57.420Z,2026-05-27T08:43:57.432Z,2026-05-27T08:43:57.432Z
2513,26.4,72.1,2832,50,1.6562,0.3662,72.4,2026-05-27T08:44:07.535Z,2026-05-27T08:44:07.555Z,2026-05-27T08:44:07.555Z
2514,19.6,72,15748,50,0.7969,0.2722,72.4,2026-05-27T08:44:17.635Z,2026-05-27T08:44:17.646Z,2026-05-27T08:44:17.646Z
2515,19.9,72,1388,50,0.7188,0.2764,72.4,2026-05-27T08:44:27.718Z,2026-05-27T08:44:27.729Z,2026-05-27T08:44:27.729Z
2516,18.3,72,29965,275,0.7031,0.2542,72.4,2026-05-27T08:44:37.832Z,2026-05-27T08:44:37.843Z,2026-05-27T08:44:37.843Z
2517,19,71.8,151,50,0.6562,0.2646,72.4,2026-05-27T08:44:47.937Z,2026-05-27T08:44:47.946Z,2026-05-27T08:44:47.946Z
2518,18,71.9,436,50,0.6094,0.2503,72.4,2026-05-27T08:44:58.061Z,2026-05-27T08:44:58.073Z,2026-05-27T08:44:58.073Z
2519,17.4,71.9,121,50,0.7344,0.242,72.4,2026-05-27T08:45:08.168Z,2026-05-27T08:45:08.179Z,2026-05-27T08:45:08.179Z
2520,18.3,71.8,1676,162.5,0.5156,0.2549,72.4,2026-05-27T08:45:18.261Z,2026-05-27T08:45:18.273Z,2026-05-27T08:45:18.273Z
2521,18.6,71.8,358,50,0.6719,0.2591,72.4,2026-05-27T08:45:28.350Z,2026-05-27T08:45:28.359Z,2026-05-27T08:45:28.359Z
2522,17.1,71.8,0,50,0.5625,0.2382,72.4,2026-05-27T08:45:38.433Z,2026-05-27T08:45:38.443Z,2026-05-27T08:45:38.443Z
2523,18.4,71.9,18792,275,0.7656,0.2559,72.4,2026-05-27T08:45:48.544Z,2026-05-27T08:45:48.555Z,2026-05-27T08:45:48.555Z
2524,17.3,71.8,0,50,0.625,0.2409,72.4,2026-05-27T08:45:58.640Z,2026-05-27T08:45:58.650Z,2026-05-27T08:45:58.650Z
2525,18.3,71.8,946,500,0.7969,0.2549,72.4,2026-05-27T08:46:08.756Z,2026-05-27T08:46:08.769Z,2026-05-27T08:46:08.769Z
2526,18.2,71.7,1966,50,0.7031,0.2538,72.4,2026-05-27T08:46:18.865Z,2026-05-27T08:46:18.877Z,2026-05-27T08:46:18.877Z
2527,23.2,72,248,50,0.7031,0.3222,72.4,2026-05-27T08:46:28.967Z,2026-05-27T08:46:28.977Z,2026-05-27T08:46:28.977Z
2528,18.7,71.9,314,50,1.1406,0.2601,72.4,2026-05-27T08:46:39.105Z,2026-05-27T08:46:39.113Z,2026-05-27T08:46:39.113Z
2529,17.8,71.7,0,275,0.6094,0.2483,72.4,2026-05-27T08:46:49.222Z,2026-05-27T08:46:49.231Z,2026-05-27T08:46:49.231Z
2530,18.3,71.7,15700,50,0.6719,0.2552,72.4,2026-05-27T08:46:59.308Z,2026-05-27T08:46:59.318Z,2026-05-27T08:46:59.318Z
2531,20.3,72,1647,50,1.8125,0.2819,72.4,2026-05-27T08:47:09.398Z,2026-05-27T08:47:09.407Z,2026-05-27T08:47:09.407Z
2532,17.7,71.9,137,50,0.7031,0.2462,72.4,2026-05-27T08:47:19.498Z,2026-05-27T08:47:19.508Z,2026-05-27T08:47:19.508Z
2533,17.8,72,0,162.5,0.5938,0.2472,72.4,2026-05-27T08:47:29.602Z,2026-05-27T08:47:29.612Z,2026-05-27T08:47:29.612Z
2534,17.7,71.9,137,50,1.0312,0.2462,72.4,2026-05-27T08:47:39.678Z,2026-05-27T08:47:39.689Z,2026-05-27T08:47:39.689Z
2535,17.3,71.7,0,50,0.5469,0.2413,72.4,2026-05-27T08:47:49.771Z,2026-05-27T08:47:49.783Z,2026-05-27T08:47:49.783Z
2536,18.9,71.6,0,50,0.7031,0.264,72.4,2026-05-27T08:47:59.896Z,2026-05-27T08:47:59.905Z,2026-05-27T08:47:59.905Z
2537,21,72.1,139,50,1.25,0.2913,72.4,2026-05-27T08:48:10.004Z,2026-05-27T08:48:10.015Z,2026-05-27T08:48:10.015Z
2538,16.9,71.9,763,50,0.6094,0.235,72.4,2026-05-27T08:48:20.097Z,2026-05-27T08:48:20.107Z,2026-05-27T08:48:20.107Z
2539,18.9,72,248,162.5,0.7031,0.2625,72.4,2026-05-27T08:48:30.196Z,2026-05-27T08:48:30.206Z,2026-05-27T08:48:30.206Z
2540,19.2,72.1,0,50,0.6875,0.2663,72.4,2026-05-27T08:48:40.299Z,2026-05-27T08:48:40.308Z,2026-05-27T08:48:40.308Z
2541,23.8,72.6,3993,50,1.6406,0.3278,72.4,2026-05-27T08:48:50.385Z,2026-05-27T08:48:50.397Z,2026-05-27T08:48:50.397Z
2542,20.9,71.6,0,275,0.6562,0.2919,72.4,2026-05-27T08:49:00.512Z,2026-05-27T08:49:00.522Z,2026-05-27T08:49:00.522Z
2543,23,72,0,500,0.6406,0.3194,72.4,2026-05-27T08:49:10.629Z,2026-05-27T08:49:10.638Z,2026-05-27T08:49:10.638Z
2544,17.4,71.9,547,50,0.7344,0.242,72.4,2026-05-27T08:49:20.745Z,2026-05-27T08:49:20.756Z,2026-05-27T08:49:20.756Z
2545,18.5,72,0,387.5,0.6562,0.2569,72.4,2026-05-27T08:49:30.826Z,2026-05-27T08:49:30.835Z,2026-05-27T08:49:30.835Z
2546,17.9,71.9,0,500,0.5781,0.249,72.4,2026-05-27T08:49:40.911Z,2026-05-27T08:49:40.920Z,2026-05-27T08:49:40.920Z
2547,16.6,72,0,50,0.5938,0.2306,72.4,2026-05-27T08:49:51.010Z,2026-05-27T08:49:51.021Z,2026-05-27T08:49:51.021Z
2548,21.6,71.9,0,275,1.1406,0.3004,72.4,2026-05-27T08:50:01.119Z,2026-05-27T08:50:01.131Z,2026-05-27T08:50:01.131Z
2549,18,71.9,0,50,1.1562,0.2503,72.4,2026-05-27T08:50:11.213Z,2026-05-27T08:50:11.222Z,2026-05-27T08:50:11.222Z
2550,17.7,71.8,0,50,0.6719,0.2465,72.4,2026-05-27T08:50:21.312Z,2026-05-27T08:50:21.321Z,2026-05-27T08:50:21.321Z
2551,18.5,71.8,0,50,0.6719,0.2577,72.4,2026-05-27T08:50:31.448Z,2026-05-27T08:50:31.459Z,2026-05-27T08:50:31.459Z
2552,18.5,71.8,0,50,1.0781,0.2577,72.4,2026-05-27T08:50:41.562Z,2026-05-27T08:50:41.574Z,2026-05-27T08:50:41.574Z
2553,17.4,71.8,0,50,0.875,0.2423,72.4,2026-05-27T08:50:51.673Z,2026-05-27T08:50:51.684Z,2026-05-27T08:50:51.684Z
2554,18.3,71.9,0,50,0.5938,0.2545,72.4,2026-05-27T08:51:01.787Z,2026-05-27T08:51:01.798Z,2026-05-27T08:51:01.798Z
2555,18.2,71.9,0,50,0.6719,0.2531,72.4,2026-05-27T08:51:11.908Z,2026-05-27T08:51:11.917Z,2026-05-27T08:51:11.917Z
2556,18,71.9,0,50,0.5938,0.2503,72.4,2026-05-27T08:51:22.032Z,2026-05-27T08:51:22.045Z,2026-05-27T08:51:22.045Z
2557,18.8,71.9,0,50,0.6875,0.2615,72.4,2026-05-27T08:51:32.124Z,2026-05-27T08:51:32.132Z,2026-05-27T08:51:32.132Z
2558,17.1,71.9,371,350.15,0.6094,0.2378,72.4,2026-05-27T08:51:42.220Z,2026-05-27T08:51:42.229Z,2026-05-27T08:51:42.229Z
2559,17.8,71.9,0,50,0.625,0.2476,72.4,2026-05-27T08:51:52.318Z,2026-05-27T08:51:52.327Z,2026-05-27T08:51:52.327Z
2560,20.8,72,0,50,1.7969,0.2889,72.4,2026-05-27T08:52:02.406Z,2026-05-27T08:52:02.414Z,2026-05-27T08:52:02.414Z
2561,17.2,72,0,275,0.6562,0.2389,72.4,2026-05-27T08:52:12.506Z,2026-05-27T08:52:12.514Z,2026-05-27T08:52:12.514Z
2562,17.8,71.9,0,50,0.6406,0.2476,72.4,2026-05-27T08:52:22.623Z,2026-05-27T08:52:22.635Z,2026-05-27T08:52:22.635Z
2563,16.7,71.9,0,50,0.6875,0.2323,72.4,2026-05-27T08:52:32.728Z,2026-05-27T08:52:32.739Z,2026-05-27T08:52:32.739Z
2564,19.1,71.9,16993,50,0.7656,0.2656,72.4,2026-05-27T08:52:42.875Z,2026-05-27T08:52:42.887Z,2026-05-27T08:52:42.887Z
2565,17,72,0,50,0.6406,0.2361,72.4,2026-05-27T08:52:52.955Z,2026-05-27T08:52:52.969Z,2026-05-27T08:52:52.969Z
2566,17.9,71.9,995,50,0.5469,0.249,72.4,2026-05-27T08:53:03.099Z,2026-05-27T08:53:03.108Z,2026-05-27T08:53:03.108Z
2567,18.8,71.9,318,50,1.0312,0.2615,72.4,2026-05-27T08:53:13.223Z,2026-05-27T08:53:13.232Z,2026-05-27T08:53:13.232Z
2568,17.5,71.9,0,50,0.7812,0.2434,72.4,2026-05-27T08:53:23.349Z,2026-05-27T08:53:23.358Z,2026-05-27T08:53:23.358Z
2569,19.4,72,19674,50,0.7812,0.2694,72.4,2026-05-27T08:53:33.464Z,2026-05-27T08:53:33.475Z,2026-05-27T08:53:33.475Z
2570,18.3,72,0,50,0.8281,0.2542,72.4,2026-05-27T08:53:43.600Z,2026-05-27T08:53:43.608Z,2026-05-27T08:53:43.608Z
2571,17.2,72,242,50,0.5312,0.2389,72.4,2026-05-27T08:53:53.700Z,2026-05-27T08:53:53.708Z,2026-05-27T08:53:53.708Z
2572,18.4,72,2283,140,0.7344,0.2556,72.4,2026-05-27T08:54:03.818Z,2026-05-27T08:54:03.828Z,2026-05-27T08:54:03.828Z
2573,20.1,72.1,0,50,0.6094,0.2788,72.4,2026-05-27T08:54:13.908Z,2026-05-27T08:54:13.920Z,2026-05-27T08:54:13.920Z
2574,18.7,72.1,1762,50,0.6719,0.2594,72.4,2026-05-27T08:54:24.013Z,2026-05-27T08:54:24.024Z,2026-05-27T08:54:24.024Z
2575,8.5,72,0,50,0.375,0.1181,72.4,2026-05-27T08:54:34.140Z,2026-05-27T08:54:34.164Z,2026-05-27T08:54:34.164Z
2576,15.4,72,30357,50,0.7344,0.2139,72.4,2026-05-27T08:54:44.281Z,2026-05-27T08:54:44.291Z,2026-05-27T08:54:44.291Z
2577,5,72,2832,50,0.1094,0.0694,72.4,2026-05-27T08:54:54.416Z,2026-05-27T08:54:54.424Z,2026-05-27T08:54:54.424Z
2578,3.2,72,5842,50,0.0156,0.0444,72.4,2026-05-27T08:55:04.527Z,2026-05-27T08:55:04.535Z,2026-05-27T08:55:04.535Z
2579,6.3,71.8,0,50,0.1562,0.0877,72.4,2026-05-27T08:55:14.653Z,2026-05-27T08:55:14.665Z,2026-05-27T08:55:14.665Z
2580,5.5,71.6,138,50,0.3438,0.0768,72.4,2026-05-27T08:55:24.758Z,2026-05-27T08:55:24.767Z,2026-05-27T08:55:24.767Z
2581,3.4,71.6,0,162.5,0.1094,0.0475,72.4,2026-05-27T08:55:34.899Z,2026-05-27T08:55:34.909Z,2026-05-27T08:55:34.909Z
2582,5.3,71.4,138,50,0.2031,0.0742,72.4,2026-05-27T08:55:45.109Z,2026-05-27T08:55:45.122Z,2026-05-27T08:55:45.122Z
2583,6.4,71.4,0,50,0.2812,0.0896,72.4,2026-05-27T08:55:55.227Z,2026-05-27T08:55:55.236Z,2026-05-27T08:55:55.236Z
2584,4.8,71.4,138,50,0.0938,0.0672,72.4,2026-05-27T08:56:05.353Z,2026-05-27T08:56:05.362Z,2026-05-27T08:56:05.362Z
2585,5.3,71.8,0,50,0.0938,0.0738,72.4,2026-05-27T08:56:15.472Z,2026-05-27T08:56:15.481Z,2026-05-27T08:56:15.481Z
2586,7.4,71.7,138,50,0.375,0.1032,72.4,2026-05-27T08:56:25.588Z,2026-05-27T08:56:25.597Z,2026-05-27T08:56:25.597Z
2587,5.5,71.7,5551,50,0.3906,0.0767,72.4,2026-05-27T08:56:35.700Z,2026-05-27T08:56:35.713Z,2026-05-27T08:56:35.713Z
2588,7.9,71.6,7830,50,0.0469,0.1103,72.4,2026-05-27T08:56:45.834Z,2026-05-27T08:56:45.846Z,2026-05-27T08:56:45.846Z
2589,6.2,71.6,0,50,0.1562,0.0866,72.4,2026-05-27T08:56:55.967Z,2026-05-27T08:56:55.979Z,2026-05-27T08:56:55.979Z
2590,7.9,71.7,18533,50,0.4375,0.1102,72.4,2026-05-27T08:57:06.173Z,2026-05-27T08:57:06.183Z,2026-05-27T08:57:06.183Z
2591,10.4,71.7,0,50,0.7969,0.145,72.4,2026-05-27T08:57:16.284Z,2026-05-27T08:57:16.294Z,2026-05-27T08:57:16.294Z
2592,4.6,71.6,84,50,0.1406,0.0642,72.4,2026-05-27T08:57:26.407Z,2026-05-27T08:57:26.416Z,2026-05-27T08:57:26.416Z
2593,6.5,71.6,0,500,0.5469,0.0908,72.4,2026-05-27T08:57:36.631Z,2026-05-27T08:57:36.654Z,2026-05-27T08:57:36.654Z
2594,7.5,71.6,0,275,0.2344,0.1047,72.4,2026-05-27T08:57:46.781Z,2026-05-27T08:57:46.792Z,2026-05-27T08:57:46.792Z
2595,7.5,71.6,0,50,0.7031,0.1047,72.4,2026-05-27T08:57:56.917Z,2026-05-27T08:57:56.926Z,2026-05-27T08:57:56.926Z
2596,6.1,71.6,0,162.5,0.4062,0.0852,72.4,2026-05-27T08:58:07.041Z,2026-05-27T08:58:07.053Z,2026-05-27T08:58:07.053Z
2597,9,71.6,84,50,0.7812,0.1257,72.4,2026-05-27T08:58:17.156Z,2026-05-27T08:58:17.165Z,2026-05-27T08:58:17.165Z
2598,7.2,71.6,2235,50,0.2188,0.1006,72.4,2026-05-27T08:58:27.271Z,2026-05-27T08:58:27.280Z,2026-05-27T08:58:27.280Z
2599,10.7,71.8,0,50,0.6094,0.149,72.4,2026-05-27T08:58:37.385Z,2026-05-27T08:58:37.396Z,2026-05-27T08:58:37.396Z
2600,9.7,71.7,248,50,0.7188,0.1353,72.4,2026-05-27T08:58:47.508Z,2026-05-27T08:58:47.517Z,2026-05-27T08:58:47.517Z
2601,9.4,71.7,0,50,0.4219,0.1311,72.4,2026-05-27T08:58:57.684Z,2026-05-27T08:58:57.695Z,2026-05-27T08:58:57.695Z
2602,9.1,71.7,0,50,0.3906,0.1269,72.4,2026-05-27T08:59:07.789Z,2026-05-27T08:59:07.800Z,2026-05-27T08:59:07.800Z
2603,10.5,71.5,274,50,0.9688,0.1469,72.4,2026-05-27T08:59:17.909Z,2026-05-27T08:59:17.920Z,2026-05-27T08:59:17.920Z
2604,8.6,71.7,84,50,0.3594,0.1199,72.4,2026-05-27T08:59:28.115Z,2026-05-27T08:59:28.131Z,2026-05-27T08:59:28.131Z
2605,9.6,71.7,121,50,0.3281,0.1339,72.4,2026-05-27T08:59:38.231Z,2026-05-27T08:59:38.240Z,2026-05-27T08:59:38.240Z
2606,9.5,71.7,154,50,0.2656,0.1325,72.4,2026-05-27T08:59:48.355Z,2026-05-27T08:59:48.365Z,2026-05-27T08:59:48.365Z
2607,9.9,71.8,0,50,0.3906,0.1379,72.4,2026-05-27T08:59:58.459Z,2026-05-27T08:59:58.472Z,2026-05-27T08:59:58.472Z
2608,12.4,71.8,0,50,0.4688,0.1727,72.4,2026-05-27T09:00:08.559Z,2026-05-27T09:00:08.570Z,2026-05-27T09:00:08.570Z
2609,15.7,71.7,1363,275,0.875,0.219,72.4,2026-05-27T09:00:18.657Z,2026-05-27T09:00:18.667Z,2026-05-27T09:00:18.667Z
2610,11.2,71.8,248,50,0.4219,0.156,72.4,2026-05-27T09:00:28.771Z,2026-05-27T09:00:28.781Z,2026-05-27T09:00:28.781Z
2611,10,71.8,371,50,0.4688,0.1393,72.4,2026-05-27T09:00:38.890Z,2026-05-27T09:00:38.899Z,2026-05-27T09:00:38.899Z
2612,11.4,71.8,290,50,0.2969,0.1588,72.4,2026-05-27T09:00:49.045Z,2026-05-27T09:00:49.053Z,2026-05-27T09:00:49.053Z
2613,10,71.8,0,50,0.4062,0.1393,72.4,2026-05-27T09:00:59.172Z,2026-05-27T09:00:59.181Z,2026-05-27T09:00:59.181Z
2614,12.7,71.8,1589,50,0.5625,0.1769,72.4,2026-05-27T09:01:09.370Z,2026-05-27T09:01:09.387Z,2026-05-27T09:01:09.387Z
2615,10.4,71.7,317,50,0.2969,0.145,72.4,2026-05-27T09:01:19.464Z,2026-05-27T09:01:19.474Z,2026-05-27T09:01:19.474Z
2616,10.3,71.8,0,500,0.3125,0.1435,72.4,2026-05-27T09:01:29.666Z,2026-05-27T09:01:29.680Z,2026-05-27T09:01:29.680Z
2617,10.3,71.8,121,50,0.75,0.1435,72.4,2026-05-27T09:01:39.757Z,2026-05-27T09:01:39.766Z,2026-05-27T09:01:39.766Z
2618,10.9,71.8,3010,50,0.4219,0.1518,72.4,2026-05-27T09:01:49.853Z,2026-05-27T09:01:49.867Z,2026-05-27T09:01:49.867Z
2619,13,71.8,136,50,0.2812,0.1811,72.4,2026-05-27T09:01:59.951Z,2026-05-27T09:01:59.963Z,2026-05-27T09:01:59.963Z
2620,11.5,71.8,0,50,0.3906,0.1602,72.4,2026-05-27T09:02:10.087Z,2026-05-27T09:02:10.099Z,2026-05-27T09:02:10.099Z
2621,18,71.7,9343,50,2.2031,0.251,72.4,2026-05-27T09:02:20.186Z,2026-05-27T09:02:20.196Z,2026-05-27T09:02:20.196Z
2622,13,71.8,566,50,0.4844,0.1811,72.4,2026-05-27T09:02:30.342Z,2026-05-27T09:02:30.356Z,2026-05-27T09:02:30.356Z
2623,12.6,71.8,0,50,0.4062,0.1755,72.4,2026-05-27T09:02:40.471Z,2026-05-27T09:02:40.481Z,2026-05-27T09:02:40.481Z
2624,12.1,71.7,566,199.85,0.4062,0.1688,72.4,2026-05-27T09:02:50.559Z,2026-05-27T09:02:50.569Z,2026-05-27T09:02:50.569Z
2625,12.8,71.7,13875,50,0.5,0.1785,72.4,2026-05-27T09:03:00.684Z,2026-05-27T09:03:00.695Z,2026-05-27T09:03:00.695Z
2626,12.9,71.6,318,50,0.4062,0.1802,72.4,2026-05-27T09:03:10.789Z,2026-05-27T09:03:10.798Z,2026-05-27T09:03:10.798Z
2627,14,71.6,0,50,0.5781,0.1955,72.4,2026-05-27T09:03:20.890Z,2026-05-27T09:03:20.899Z,2026-05-27T09:03:20.899Z
2628,13.9,71.7,17676,50,0.5781,0.1939,72.4,2026-05-27T09:03:31.005Z,2026-05-27T09:03:31.013Z,2026-05-27T09:03:31.013Z
2629,15.3,71.7,0,50,0.5625,0.2134,72.4,2026-05-27T09:03:41.145Z,2026-05-27T09:03:41.157Z,2026-05-27T09:03:41.157Z
2630,12.6,72.1,84,50,0.5156,0.1748,72.4,2026-05-27T09:03:51.289Z,2026-05-27T09:03:51.299Z,2026-05-27T09:03:51.299Z
2631,18.9,71.2,0,50,0.5625,0.2654,72.4,2026-05-27T09:04:01.378Z,2026-05-27T09:04:01.389Z,2026-05-27T09:04:01.389Z
2632,13.6,71.3,55,50,0.9844,0.1907,72.4,2026-05-27T09:04:11.492Z,2026-05-27T09:04:11.502Z,2026-05-27T09:04:11.502Z
2633,13.5,71.3,0,50,0.3906,0.1893,72.4,2026-05-27T09:04:21.662Z,2026-05-27T09:04:21.673Z,2026-05-27T09:04:21.673Z
2634,13.1,71.3,248,50,0.4375,0.1837,72.4,2026-05-27T09:04:31.746Z,2026-05-27T09:04:31.757Z,2026-05-27T09:04:31.757Z
2635,13.3,71.3,0,50,0.3906,0.1865,72.4,2026-05-27T09:04:41.881Z,2026-05-27T09:04:41.891Z,2026-05-27T09:04:41.891Z
2636,13.9,71.5,924,50,0.5938,0.1944,72.4,2026-05-27T09:04:51.959Z,2026-05-27T09:04:51.970Z,2026-05-27T09:04:51.970Z
2637,14.5,71.4,0,50,0.4219,0.2031,72.4,2026-05-27T09:05:02.058Z,2026-05-27T09:05:02.069Z,2026-05-27T09:05:02.069Z
2638,14.8,71.4,0,50,0.375,0.2073,72.4,2026-05-27T09:05:12.176Z,2026-05-27T09:05:12.188Z,2026-05-27T09:05:12.188Z
2639,16.5,71.3,5158,50,0.6406,0.2314,72.4,2026-05-27T09:05:22.279Z,2026-05-27T09:05:22.289Z,2026-05-27T09:05:22.289Z
2640,13.6,71.3,2567,50,0.5625,0.1907,72.4,2026-05-27T09:05:32.386Z,2026-05-27T09:05:32.395Z,2026-05-27T09:05:32.395Z
2641,14.5,71.3,0,50,0.5781,0.2034,72.4,2026-05-27T09:05:42.458Z,2026-05-27T09:05:42.471Z,2026-05-27T09:05:42.471Z
2642,13.8,71.3,1428,50,0.6094,0.1935,72.4,2026-05-27T09:05:52.572Z,2026-05-27T09:05:52.584Z,2026-05-27T09:05:52.584Z
2643,23.4,71.8,0,50,2.4688,0.3259,72.4,2026-05-27T09:06:02.686Z,2026-05-27T09:06:02.703Z,2026-05-27T09:06:02.703Z
2644,17.8,71.5,0,50,0.4375,0.249,72.4,2026-05-27T09:06:12.781Z,2026-05-27T09:06:12.790Z,2026-05-27T09:06:12.790Z
2645,14.9,71.4,0,50,0.5469,0.2087,72.4,2026-05-27T09:06:22.877Z,2026-05-27T09:06:22.887Z,2026-05-27T09:06:22.887Z
2646,15.9,71.4,260,50,0.5,0.2227,72.4,2026-05-27T09:06:32.983Z,2026-05-27T09:06:32.992Z,2026-05-27T09:06:32.992Z
2647,15.6,71.5,0,275,0.5938,0.2182,72.4,2026-05-27T09:06:43.083Z,2026-05-27T09:06:43.093Z,2026-05-27T09:06:43.093Z
2648,13.8,71.5,0,50,0.4688,0.193,72.4,2026-05-27T09:06:53.188Z,2026-05-27T09:06:53.198Z,2026-05-27T09:06:53.198Z
2649,16,71.5,139,50,0.9531,0.2238,72.4,2026-05-27T09:07:03.290Z,2026-05-27T09:07:03.300Z,2026-05-27T09:07:03.300Z
2650,14.7,71.5,0,50,0.5625,0.2056,72.4,2026-05-27T09:07:13.379Z,2026-05-27T09:07:13.388Z,2026-05-27T09:07:13.388Z
2651,16.2,71.5,121,50,0.6094,0.2266,72.4,2026-05-27T09:07:23.490Z,2026-05-27T09:07:23.499Z,2026-05-27T09:07:23.499Z
2652,15.3,71.5,0,50,0.6562,0.214,72.4,2026-05-27T09:07:33.610Z,2026-05-27T09:07:33.620Z,2026-05-27T09:07:33.620Z
2653,14.6,71.5,124,50,0.5469,0.2042,72.4,2026-05-27T09:07:43.896Z,2026-05-27T09:07:43.907Z,2026-05-27T09:07:43.907Z
2654,16,71.5,0,50,0.4844,0.2238,72.4,2026-05-27T09:07:54.001Z,2026-05-27T09:07:54.013Z,2026-05-27T09:07:54.013Z
2655,15.8,71.5,495,50,0.5781,0.221,72.4,2026-05-27T09:08:04.112Z,2026-05-27T09:08:04.120Z,2026-05-27T09:08:04.120Z
2656,15.9,71.5,0,50,0.5781,0.2224,72.4,2026-05-27T09:08:14.208Z,2026-05-27T09:08:14.217Z,2026-05-27T09:08:14.217Z
2657,17.5,71.5,137,50,0.6562,0.2448,72.4,2026-05-27T09:08:24.324Z,2026-05-27T09:08:24.334Z,2026-05-27T09:08:24.334Z
2658,14.8,71.4,0,50,0.6719,0.2073,72.4,2026-05-27T09:08:34.443Z,2026-05-27T09:08:34.455Z,2026-05-27T09:08:34.455Z
2659,16.4,71.4,137,50,0.5938,0.2297,72.4,2026-05-27T09:08:44.579Z,2026-05-27T09:08:44.589Z,2026-05-27T09:08:44.589Z
2660,16.5,71.5,0,162.5,0.5156,0.2308,72.4,2026-05-27T09:08:54.658Z,2026-05-27T09:08:54.668Z,2026-05-27T09:08:54.668Z
2661,16.2,71.5,66,50,0.5781,0.2266,72.4,2026-05-27T09:09:04.762Z,2026-05-27T09:09:04.774Z,2026-05-27T09:09:04.774Z
2662,18.4,71.5,0,500,0.6094,0.2573,72.4,2026-05-27T09:09:14.853Z,2026-05-27T09:09:14.862Z,2026-05-27T09:09:14.862Z
2663,15.5,71.5,0,50,0.4688,0.2168,72.4,2026-05-27T09:09:24.951Z,2026-05-27T09:09:24.964Z,2026-05-27T09:09:24.964Z
2664,17,71.5,1143,50,0.5625,0.2378,72.4,2026-05-27T09:09:35.061Z,2026-05-27T09:09:35.073Z,2026-05-27T09:09:35.073Z
2665,17.3,71.5,137,50,0.7031,0.242,72.4,2026-05-27T09:09:45.150Z,2026-05-27T09:09:45.162Z,2026-05-27T09:09:45.162Z
2666,16.4,71.5,0,162.5,0.6562,0.2294,72.4,2026-05-27T09:09:55.247Z,2026-05-27T09:09:55.258Z,2026-05-27T09:09:55.258Z
2667,18.1,71.7,3974,50,0.7031,0.2524,72.4,2026-05-27T09:10:05.359Z,2026-05-27T09:10:05.372Z,2026-05-27T09:10:05.372Z
2668,17.4,71.7,84,50,0.7188,0.2427,72.4,2026-05-27T09:10:15.478Z,2026-05-27T09:10:15.488Z,2026-05-27T09:10:15.488Z
2669,16.7,71.6,137,50,0.6562,0.2332,72.4,2026-05-27T09:10:25.582Z,2026-05-27T09:10:25.591Z,2026-05-27T09:10:25.591Z
2670,16.1,71.6,674,50,0.5938,0.2249,72.4,2026-05-27T09:10:35.660Z,2026-05-27T09:10:35.672Z,2026-05-27T09:10:35.672Z
2671,18.2,71.7,6648,50,1.0625,0.2538,72.4,2026-05-27T09:10:45.744Z,2026-05-27T09:10:45.755Z,2026-05-27T09:10:45.755Z
2672,16.4,71.7,106,50,0.7188,0.2287,72.4,2026-05-27T09:10:55.852Z,2026-05-27T09:10:55.862Z,2026-05-27T09:10:55.862Z
2673,16.7,71.7,138,50,0.6562,0.2329,72.4,2026-05-27T09:11:05.967Z,2026-05-27T09:11:05.977Z,2026-05-27T09:11:05.977Z
2674,17.5,71.7,15217,50,0.6406,0.2441,72.4,2026-05-27T09:11:16.068Z,2026-05-27T09:11:16.078Z,2026-05-27T09:11:16.078Z
2675,22.8,72,71,387.5,2.6406,0.3167,72.4,2026-05-27T09:11:26.178Z,2026-05-27T09:11:26.207Z,2026-05-27T09:11:26.207Z
2676,18.1,71.7,0,500,0.6875,0.2524,72.4,2026-05-27T09:11:36.301Z,2026-05-27T09:11:36.310Z,2026-05-27T09:11:36.310Z
2677,17.9,71.7,0,50,0.5625,0.2497,72.4,2026-05-27T09:11:46.430Z,2026-05-27T09:11:46.439Z,2026-05-27T09:11:46.439Z
2678,18.1,71.7,0,162.5,1.0938,0.2524,72.4,2026-05-27T09:11:56.540Z,2026-05-27T09:11:56.550Z,2026-05-27T09:11:56.550Z
2679,16.8,71.7,9732,50,0.5625,0.2343,72.4,2026-05-27T09:12:06.635Z,2026-05-27T09:12:06.645Z,2026-05-27T09:12:06.645Z
2680,30.8,72,0,199.85,1.7344,0.4278,72.4,2026-05-27T09:12:16.728Z,2026-05-27T09:12:16.737Z,2026-05-27T09:12:16.737Z
2681,17.8,71.7,585,50,0.625,0.2483,72.4,2026-05-27T09:12:26.841Z,2026-05-27T09:12:26.853Z,2026-05-27T09:12:26.853Z
2682,17.7,71.7,3243,50,0.6875,0.2469,72.4,2026-05-27T09:12:36.953Z,2026-05-27T09:12:36.964Z,2026-05-27T09:12:36.964Z
2683,17.5,71.7,426,50,1.0156,0.2441,72.4,2026-05-27T09:12:47.087Z,2026-05-27T09:12:47.097Z,2026-05-27T09:12:47.097Z
2684,16.6,71.7,0,50,0.625,0.2315,72.4,2026-05-27T09:12:57.177Z,2026-05-27T09:12:57.186Z,2026-05-27T09:12:57.186Z
2685,17.4,71.7,4147,50,0.7812,0.2427,72.4,2026-05-27T09:13:07.289Z,2026-05-27T09:13:07.301Z,2026-05-27T09:13:07.301Z
2686,17.6,71.7,0,350.15,0.7031,0.2455,72.4,2026-05-27T09:13:17.488Z,2026-05-27T09:13:17.514Z,2026-05-27T09:13:17.514Z
2687,19.8,71.8,12821,50,0.625,0.2758,72.4,2026-05-27T09:13:27.590Z,2026-05-27T09:13:27.601Z,2026-05-27T09:13:27.601Z
2688,18.3,71.7,0,50,0.6719,0.2552,72.4,2026-05-27T09:13:37.694Z,2026-05-27T09:13:37.703Z,2026-05-27T09:13:37.703Z
2689,18.1,71.7,0,50,0.5312,0.2524,72.4,2026-05-27T09:13:47.797Z,2026-05-27T09:13:47.807Z,2026-05-27T09:13:47.807Z
2690,17.2,71.7,0,50,0.5781,0.2399,72.4,2026-05-27T09:13:57.908Z,2026-05-27T09:13:57.916Z,2026-05-27T09:13:57.916Z
2691,18.1,71.8,0,50,0.7188,0.2521,72.4,2026-05-27T09:14:08.005Z,2026-05-27T09:14:08.015Z,2026-05-27T09:14:08.015Z
2692,21,71.9,1250,50,1.0312,0.2921,72.4,2026-05-27T09:14:18.085Z,2026-05-27T09:14:18.098Z,2026-05-27T09:14:18.098Z
2693,18.1,71.9,1864,50,0.6406,0.2517,72.4,2026-05-27T09:14:28.175Z,2026-05-27T09:14:28.185Z,2026-05-27T09:14:28.185Z
2694,17.9,71.8,248,500,0.6719,0.2493,72.4,2026-05-27T09:14:38.286Z,2026-05-27T09:14:38.296Z,2026-05-27T09:14:38.296Z
2695,18.7,71.8,399,50,0.5625,0.2604,72.4,2026-05-27T09:14:48.375Z,2026-05-27T09:14:48.385Z,2026-05-27T09:14:48.385Z
2696,18.1,71.8,0,50,1.0781,0.2521,72.4,2026-05-27T09:14:58.460Z,2026-05-27T09:14:58.472Z,2026-05-27T09:14:58.472Z
2697,17,71.9,2143,50,0.7188,0.2364,72.4,2026-05-27T09:15:08.604Z,2026-05-27T09:15:08.613Z,2026-05-27T09:15:08.613Z
2698,21.7,72,1138,50,0.6875,0.3014,72.4,2026-05-27T09:15:18.704Z,2026-05-27T09:15:18.713Z,2026-05-27T09:15:18.713Z
2699,18.1,72,502,162.5,0.7031,0.2514,72.4,2026-05-27T09:15:28.826Z,2026-05-27T09:15:28.836Z,2026-05-27T09:15:28.836Z
2700,17.1,71.9,0,50,0.7188,0.2378,72.4,2026-05-27T09:15:38.946Z,2026-05-27T09:15:38.958Z,2026-05-27T09:15:38.958Z
2701,17.8,71.9,0,162.5,0.625,0.2476,72.4,2026-05-27T09:15:49.085Z,2026-05-27T09:15:49.096Z,2026-05-27T09:15:49.096Z
2702,18.5,71.9,0,50,0.6406,0.2573,72.4,2026-05-27T09:15:59.162Z,2026-05-27T09:15:59.174Z,2026-05-27T09:15:59.174Z
2703,19.5,72.1,2662,275,1.1875,0.2705,72.4,2026-05-27T09:16:09.261Z,2026-05-27T09:16:09.273Z,2026-05-27T09:16:09.273Z
2704,20.9,71.9,1436,50,0.6406,0.2907,72.4,2026-05-27T09:16:19.348Z,2026-05-27T09:16:19.361Z,2026-05-27T09:16:19.361Z
2705,18.9,71.8,1954,50,1.0781,0.2632,72.4,2026-05-27T09:16:29.439Z,2026-05-27T09:16:29.449Z,2026-05-27T09:16:29.449Z
2706,16.8,72,248,50,0.6875,0.2333,72.4,2026-05-27T09:16:39.581Z,2026-05-27T09:16:39.592Z,2026-05-27T09:16:39.592Z
2707,24.3,72.3,7400,50,2.75,0.3361,72.4,2026-05-27T09:16:49.737Z,2026-05-27T09:16:49.747Z,2026-05-27T09:16:49.747Z
2708,26.9,72.1,0,50,0.5312,0.3731,72.4,2026-05-27T09:16:59.824Z,2026-05-27T09:16:59.835Z,2026-05-27T09:16:59.835Z
2709,19,72,33188,50,0.7031,0.2639,72.4,2026-05-27T09:17:09.941Z,2026-05-27T09:17:09.951Z,2026-05-27T09:17:09.951Z
2710,18.8,71.9,763,50,1.0938,0.2615,72.4,2026-05-27T09:17:20.084Z,2026-05-27T09:17:20.093Z,2026-05-27T09:17:20.093Z
2711,17.6,71.9,316,50,0.5781,0.2448,72.4,2026-05-27T09:17:30.209Z,2026-05-27T09:17:30.219Z,2026-05-27T09:17:30.219Z
2712,17.9,71.9,17987,50,0.6875,0.249,72.4,2026-05-27T09:17:40.288Z,2026-05-27T09:17:40.300Z,2026-05-27T09:17:40.300Z
2713,17.4,71.9,4319,50,0.6875,0.242,72.4,2026-05-27T09:17:50.475Z,2026-05-27T09:17:50.488Z,2026-05-27T09:17:50.488Z
2714,19.2,71.9,136,50,0.9062,0.267,72.4,2026-05-27T09:18:00.628Z,2026-05-27T09:18:00.641Z,2026-05-27T09:18:00.641Z
2715,18.9,71.8,0,50,1.0469,0.2632,72.4,2026-05-27T09:18:10.812Z,2026-05-27T09:18:10.824Z,2026-05-27T09:18:10.824Z
2716,18.2,71.8,980,275,0.5938,0.2535,72.4,2026-05-27T09:18:20.909Z,2026-05-27T09:18:20.920Z,2026-05-27T09:18:20.920Z
2717,17.7,71.8,619,50,0.6406,0.2465,72.4,2026-05-27T09:18:31.023Z,2026-05-27T09:18:31.035Z,2026-05-27T09:18:31.035Z
2718,25.8,72,248,50,0.7031,0.3583,72.4,2026-05-27T09:18:41.148Z,2026-05-27T09:18:41.157Z,2026-05-27T09:18:41.157Z
2719,18.5,72,0,50,0.6562,0.2569,72.4,2026-05-27T09:18:51.297Z,2026-05-27T09:18:51.308Z,2026-05-27T09:18:51.308Z
2720,24.2,71.6,15093,50,1.125,0.338,72.4,2026-05-27T09:19:01.426Z,2026-05-27T09:19:01.437Z,2026-05-27T09:19:01.437Z
2721,17.3,71.7,121,50,0.75,0.2413,72.4,2026-05-27T09:19:11.528Z,2026-05-27T09:19:11.539Z,2026-05-27T09:19:11.539Z
2722,21.1,71.6,116,50,0.6562,0.2947,72.4,2026-05-27T09:19:21.633Z,2026-05-27T09:19:21.641Z,2026-05-27T09:19:21.641Z
2723,20.2,71.7,8942,50,0.7656,0.2817,72.4,2026-05-27T09:19:31.740Z,2026-05-27T09:19:31.750Z,2026-05-27T09:19:31.750Z
2724,18.6,71.7,42,387.5,0.5938,0.2594,72.4,2026-05-27T09:19:41.856Z,2026-05-27T09:19:41.868Z,2026-05-27T09:19:41.868Z
2725,19.9,71.7,126,50,0.7344,0.2775,72.4,2026-05-27T09:19:51.959Z,2026-05-27T09:19:51.970Z,2026-05-27T09:19:51.970Z
2726,20.3,71.7,875,50,0.6406,0.2831,72.4,2026-05-27T09:20:02.081Z,2026-05-27T09:20:02.089Z,2026-05-27T09:20:02.089Z
2727,19.8,71.7,1915,50,1.2656,0.2762,72.4,2026-05-27T09:20:12.193Z,2026-05-27T09:20:12.221Z,2026-05-27T09:20:12.221Z
2728,22.1,72.1,875,50,0.7812,0.3065,72.4,2026-05-27T09:20:22.303Z,2026-05-27T09:20:22.313Z,2026-05-27T09:20:22.313Z
2729,18.2,72.1,248,50,0.7812,0.2524,72.4,2026-05-27T09:20:32.387Z,2026-05-27T09:20:32.398Z,2026-05-27T09:20:32.398Z
2730,17.8,72.1,437,275,0.6562,0.2469,72.4,2026-05-27T09:20:42.494Z,2026-05-27T09:20:42.503Z,2026-05-27T09:20:42.503Z
2731,18,72,3981,50,0.6094,0.25,72.4,2026-05-27T09:20:52.608Z,2026-05-27T09:20:52.617Z,2026-05-27T09:20:52.617Z
2732,18,72,0,275,0.9844,0.25,72.4,2026-05-27T09:21:02.735Z,2026-05-27T09:21:02.747Z,2026-05-27T09:21:02.747Z
2733,17.9,72.1,121,50,0.5938,0.2483,72.4,2026-05-27T09:21:12.840Z,2026-05-27T09:21:12.850Z,2026-05-27T09:21:12.850Z
2734,19.2,72,2217,50,0.75,0.2667,72.4,2026-05-27T09:21:22.964Z,2026-05-27T09:21:22.975Z,2026-05-27T09:21:22.975Z
2735,18.7,72,0,50,0.5781,0.2597,72.4,2026-05-27T09:21:33.047Z,2026-05-27T09:21:33.058Z,2026-05-27T09:21:33.058Z
2736,17.7,72,400,50,1.0312,0.2458,72.4,2026-05-27T09:21:43.148Z,2026-05-27T09:21:43.159Z,2026-05-27T09:21:43.159Z
2737,16.8,72.1,0,50,0.6094,0.233,72.4,2026-05-27T09:21:53.271Z,2026-05-27T09:21:53.280Z,2026-05-27T09:21:53.280Z
2738,18.5,72.1,0,50,0.6406,0.2566,72.4,2026-05-27T09:22:03.394Z,2026-05-27T09:22:03.407Z,2026-05-27T09:22:03.407Z
2739,18.2,72.1,0,275,0.5781,0.2524,72.4,2026-05-27T09:22:13.512Z,2026-05-27T09:22:13.522Z,2026-05-27T09:22:13.522Z
2740,18.5,72.1,0,50,0.7031,0.2566,72.4,2026-05-27T09:22:23.612Z,2026-05-27T09:22:23.623Z,2026-05-27T09:22:23.623Z
2741,18.4,72.1,138,50,1.0781,0.2552,72.4,2026-05-27T09:22:33.713Z,2026-05-27T09:22:33.724Z,2026-05-27T09:22:33.724Z
2742,16.3,72.1,0,50,0.6094,0.2261,72.4,2026-05-27T09:22:43.791Z,2026-05-27T09:22:43.802Z,2026-05-27T09:22:43.802Z
2743,18.8,72.1,0,350.15,0.7344,0.2607,72.4,2026-05-27T09:22:53.877Z,2026-05-27T09:22:53.888Z,2026-05-27T09:22:53.888Z
2744,19.7,71.8,0,50,0.5938,0.2744,72.4,2026-05-27T09:23:03.974Z,2026-05-27T09:23:03.985Z,2026-05-27T09:23:03.985Z
2745,20.7,72.2,0,50,0.7969,0.2867,72.4,2026-05-27T09:23:14.084Z,2026-05-27T09:23:14.093Z,2026-05-27T09:23:14.093Z
2746,19.4,72.2,138,50,0.9375,0.2687,72.4,2026-05-27T09:23:24.207Z,2026-05-27T09:23:24.217Z,2026-05-27T09:23:24.217Z
2747,20.2,72.3,84,50,1.125,0.2794,72.4,2026-05-27T09:23:34.291Z,2026-05-27T09:23:34.305Z,2026-05-27T09:23:34.305Z
2748,18.1,72.2,180,50,0.75,0.2507,72.4,2026-05-27T09:23:44.373Z,2026-05-27T09:23:44.385Z,2026-05-27T09:23:44.385Z
2749,18.8,72.2,0,50,0.6875,0.2604,72.4,2026-05-27T09:23:54.501Z,2026-05-27T09:23:54.511Z,2026-05-27T09:23:54.511Z
2750,19,72.2,138,162.5,0.6875,0.2632,72.4,2026-05-27T09:24:04.594Z,2026-05-27T09:24:04.605Z,2026-05-27T09:24:04.605Z
2751,19.5,72.2,0,50,0.8125,0.2701,72.4,2026-05-27T09:24:14.720Z,2026-05-27T09:24:14.739Z,2026-05-27T09:24:14.739Z
2752,20.6,72.2,0,50,0.4844,0.2853,72.4,2026-05-27T09:24:24.840Z,2026-05-27T09:24:24.853Z,2026-05-27T09:24:24.853Z
2753,18.8,72.1,0,50,1,0.2607,72.4,2026-05-27T09:24:34.989Z,2026-05-27T09:24:35.002Z,2026-05-27T09:24:35.002Z
2754,18.7,72.1,74198,50,0.8594,0.2594,72.4,2026-05-27T09:24:45.103Z,2026-05-27T09:24:45.114Z,2026-05-27T09:24:45.114Z
2755,18.4,72.1,0,50,0.6562,0.2552,72.4,2026-05-27T09:24:55.199Z,2026-05-27T09:24:55.208Z,2026-05-27T09:24:55.208Z
2756,18.5,72.1,138,50,0.5312,0.2566,72.4,2026-05-27T09:25:05.308Z,2026-05-27T09:25:05.317Z,2026-05-27T09:25:05.317Z
2757,19.2,72.1,0,50,1.2969,0.2663,72.4,2026-05-27T09:25:15.385Z,2026-05-27T09:25:15.396Z,2026-05-27T09:25:15.396Z
2758,17.3,72.1,0,350.15,0.5469,0.2399,72.4,2026-05-27T09:25:25.512Z,2026-05-27T09:25:25.522Z,2026-05-27T09:25:25.522Z
2759,17.6,72.1,3840,275,0.75,0.2441,72.4,2026-05-27T09:25:35.636Z,2026-05-27T09:25:35.648Z,2026-05-27T09:25:35.648Z
2760,19.2,72.1,0,50,0.8125,0.2663,72.4,2026-05-27T09:25:45.727Z,2026-05-27T09:25:45.737Z,2026-05-27T09:25:45.737Z
2761,18.2,72.1,0,50,1.0312,0.2524,72.4,2026-05-27T09:25:55.842Z,2026-05-27T09:25:55.852Z,2026-05-27T09:25:55.852Z
2762,18.5,72.1,2140,500,0.6875,0.2566,72.4,2026-05-27T09:26:05.992Z,2026-05-27T09:26:06.000Z,2026-05-27T09:26:06.000Z
2763,19.2,72.2,0,275,0.6719,0.2659,72.4,2026-05-27T09:26:16.097Z,2026-05-27T09:26:16.106Z,2026-05-27T09:26:16.106Z
2764,18.7,72.2,0,50,0.7656,0.259,72.4,2026-05-27T09:26:26.193Z,2026-05-27T09:26:26.202Z,2026-05-27T09:26:26.202Z
2765,18.6,72.2,2953,50,1.125,0.2576,72.4,2026-05-27T09:26:36.304Z,2026-05-27T09:26:36.314Z,2026-05-27T09:26:36.314Z
2766,17.3,72.2,17076,50,0.5781,0.2396,72.4,2026-05-27T09:26:46.414Z,2026-05-27T09:26:46.424Z,2026-05-27T09:26:46.424Z
2767,18.8,72.2,2832,50,0.6562,0.2604,72.4,2026-05-27T09:26:56.520Z,2026-05-27T09:26:56.530Z,2026-05-27T09:26:56.530Z
2768,18.7,72.2,2816,50,0.6406,0.259,72.4,2026-05-27T09:27:06.654Z,2026-05-27T09:27:06.667Z,2026-05-27T09:27:06.667Z
2769,22.5,72.3,4913,199.85,1.0469,0.3112,72.4,2026-05-27T09:27:16.733Z,2026-05-27T09:27:16.745Z,2026-05-27T09:27:16.745Z
2770,18.4,72.2,0,50,0.7344,0.2548,72.4,2026-05-27T09:27:26.857Z,2026-05-27T09:27:26.867Z,2026-05-27T09:27:26.867Z
2771,18.6,72.2,2344,50,0.6719,0.2576,72.4,2026-05-27T09:27:36.942Z,2026-05-27T09:27:36.953Z,2026-05-27T09:27:36.953Z
2772,18.7,72.1,172,50,0.625,0.2594,72.4,2026-05-27T09:27:47.091Z,2026-05-27T09:27:47.101Z,2026-05-27T09:27:47.101Z
2773,17.7,72.1,358,50,0.5469,0.2455,72.4,2026-05-27T09:27:57.182Z,2026-05-27T09:27:57.194Z,2026-05-27T09:27:57.194Z
2774,18.2,71.6,0,50,0.5781,0.2542,72.4,2026-05-27T09:28:07.280Z,2026-05-27T09:28:07.292Z,2026-05-27T09:28:07.292Z
2775,19.4,71.8,0,50,0.5625,0.2702,72.4,2026-05-27T09:28:17.362Z,2026-05-27T09:28:17.375Z,2026-05-27T09:28:17.375Z
2776,18.3,71.9,475,50,0.6406,0.2545,72.4,2026-05-27T09:28:27.462Z,2026-05-27T09:28:27.475Z,2026-05-27T09:28:27.475Z
2777,19.5,71.9,3704,50,1.2031,0.2712,72.4,2026-05-27T09:28:37.550Z,2026-05-27T09:28:37.562Z,2026-05-27T09:28:37.562Z
2778,18.2,71.9,248,350.15,0.6719,0.2531,72.4,2026-05-27T09:28:47.651Z,2026-05-27T09:28:47.662Z,2026-05-27T09:28:47.662Z
2779,22.1,72,5356,50,1.8438,0.3069,72.4,2026-05-27T09:28:57.762Z,2026-05-27T09:28:57.776Z,2026-05-27T09:28:57.776Z
2780,18.5,72,1751,50,0.7031,0.2569,72.4,2026-05-27T09:29:07.859Z,2026-05-27T09:29:07.871Z,2026-05-27T09:29:07.871Z
2781,20.6,72,1079,50,1.0781,0.2861,72.4,2026-05-27T09:29:17.997Z,2026-05-27T09:29:18.007Z,2026-05-27T09:29:18.007Z
2782,16.3,72,0,50,0.7031,0.2264,72.4,2026-05-27T09:29:28.134Z,2026-05-27T09:29:28.155Z,2026-05-27T09:29:28.155Z
2783,21.4,72.3,1783,500,0.75,0.296,72.4,2026-05-27T09:29:38.258Z,2026-05-27T09:29:38.269Z,2026-05-27T09:29:38.269Z
2784,20,72.4,155,50,0.6562,0.2762,72.4,2026-05-27T09:29:48.398Z,2026-05-27T09:29:48.408Z,2026-05-27T09:29:48.408Z
2785,18.5,72.4,0,50,1.0781,0.2555,72.4,2026-05-27T09:29:58.514Z,2026-05-27T09:29:58.523Z,2026-05-27T09:29:58.523Z
2786,17.1,72.4,0,50,0.625,0.2362,72.4,2026-05-27T09:30:08.608Z,2026-05-27T09:30:08.618Z,2026-05-27T09:30:08.618Z
2787,20,72.3,1406,50,0.7031,0.2766,72.4,2026-05-27T09:30:18.722Z,2026-05-27T09:30:18.733Z,2026-05-27T09:30:18.733Z
2788,19.6,72.4,527,50,0.7031,0.2707,72.4,2026-05-27T09:30:28.838Z,2026-05-27T09:30:28.855Z,2026-05-27T09:30:28.855Z
2789,18.3,72.3,0,50,0.5781,0.2531,72.4,2026-05-27T09:30:38.964Z,2026-05-27T09:30:38.974Z,2026-05-27T09:30:38.974Z
2790,19.4,72.3,2190,50,0.6875,0.2683,72.4,2026-05-27T09:30:49.041Z,2026-05-27T09:30:49.051Z,2026-05-27T09:30:49.051Z
2791,20.1,72.4,0,50,1.25,0.2776,72.4,2026-05-27T09:30:59.149Z,2026-05-27T09:30:59.158Z,2026-05-27T09:30:59.158Z
2792,16.9,72.4,8773,50,0.8594,0.2334,72.4,2026-05-27T09:31:09.291Z,2026-05-27T09:31:09.303Z,2026-05-27T09:31:09.303Z
2793,19.8,72.3,0,50,0.6562,0.2739,72.4,2026-05-27T09:31:19.408Z,2026-05-27T09:31:19.418Z,2026-05-27T09:31:19.418Z
2794,19,72.4,0,50,0.6562,0.2624,72.4,2026-05-27T09:31:29.508Z,2026-05-27T09:31:29.517Z,2026-05-27T09:31:29.517Z
2795,18.4,72.4,508,50,0.7344,0.2541,72.4,2026-05-27T09:31:39.616Z,2026-05-27T09:31:39.625Z,2026-05-27T09:31:39.625Z
2796,18.7,72.4,0,50,1.0625,0.2583,72.4,2026-05-27T09:31:49.695Z,2026-05-27T09:31:49.705Z,2026-05-27T09:31:49.705Z
2797,16.9,72.3,0,50,0.6094,0.2337,72.4,2026-05-27T09:31:59.782Z,2026-05-27T09:31:59.793Z,2026-05-27T09:31:59.793Z
2798,19.3,72.4,1259,199.85,0.7031,0.2666,72.4,2026-05-27T09:32:09.860Z,2026-05-27T09:32:09.869Z,2026-05-27T09:32:09.869Z
2799,18.6,72.4,319,50,0.5938,0.2569,72.4,2026-05-27T09:32:19.993Z,2026-05-27T09:32:20.002Z,2026-05-27T09:32:20.002Z
2800,18.4,72.4,2468,50,0.7812,0.2541,72.4,2026-05-27T09:32:30.101Z,2026-05-27T09:32:30.112Z,2026-05-27T09:32:30.112Z
2801,19.7,72.5,567,50,1.0469,0.2717,72.4,2026-05-27T09:32:40.200Z,2026-05-27T09:32:40.211Z,2026-05-27T09:32:40.211Z
2802,18.8,72.5,248,275,0.9688,0.2593,72.4,2026-05-27T09:32:50.359Z,2026-05-27T09:32:50.370Z,2026-05-27T09:32:50.370Z
2803,17.4,72.5,84,50,0.5781,0.24,72.4,2026-05-27T09:33:00.466Z,2026-05-27T09:33:00.478Z,2026-05-27T09:33:00.478Z
2804,19.9,72.5,0,50,0.9062,0.2745,72.4,2026-05-27T09:33:10.573Z,2026-05-27T09:33:10.585Z,2026-05-27T09:33:10.585Z
2805,19.6,72.3,4038,50,0.7969,0.2711,72.4,2026-05-27T09:33:20.668Z,2026-05-27T09:33:20.680Z,2026-05-27T09:33:20.680Z
2806,19.7,72.7,0,50,0.5938,0.271,72.4,2026-05-27T09:33:30.741Z,2026-05-27T09:33:30.750Z,2026-05-27T09:33:30.750Z
2807,19.1,72.5,0,50,1.0938,0.2634,72.4,2026-05-27T09:33:40.857Z,2026-05-27T09:33:40.868Z,2026-05-27T09:33:40.868Z
2808,17.6,72.5,2806,350.15,0.7812,0.2428,72.4,2026-05-27T09:33:50.984Z,2026-05-27T09:33:51.001Z,2026-05-27T09:33:51.001Z
2809,24.8,72,0,275,0.6719,0.3444,72.4,2026-05-27T09:34:01.105Z,2026-05-27T09:34:01.113Z,2026-05-27T09:34:01.113Z
2810,18.7,72.2,0,50,0.6094,0.259,72.4,2026-05-27T09:34:11.196Z,2026-05-27T09:34:11.206Z,2026-05-27T09:34:11.206Z
2811,19.8,72.1,0,50,1.1094,0.2746,72.4,2026-05-27T09:34:21.278Z,2026-05-27T09:34:21.290Z,2026-05-27T09:34:21.290Z
2812,19,72.1,15415,50,1.1719,0.2635,72.4,2026-05-27T09:34:31.408Z,2026-05-27T09:34:31.417Z,2026-05-27T09:34:31.417Z
2813,16.6,72.2,688,199.85,0.6562,0.2299,72.4,2026-05-27T09:34:41.510Z,2026-05-27T09:34:41.520Z,2026-05-27T09:34:41.520Z
2814,19.6,72.2,0,50,0.6406,0.2715,72.4,2026-05-27T09:34:51.606Z,2026-05-27T09:34:51.614Z,2026-05-27T09:34:51.614Z
2815,19.8,72.1,582,50,0.5625,0.2746,72.4,2026-05-27T09:35:01.693Z,2026-05-27T09:35:01.706Z,2026-05-27T09:35:01.706Z
2816,20.2,72.1,0,50,0.7188,0.2802,72.4,2026-05-27T09:35:11.778Z,2026-05-27T09:35:11.789Z,2026-05-27T09:35:11.789Z
2817,19.5,72.1,0,50,0.5781,0.2705,72.4,2026-05-27T09:35:21.878Z,2026-05-27T09:35:21.891Z,2026-05-27T09:35:21.891Z
2818,18.4,72.1,121,50,1.0312,0.2552,72.4,2026-05-27T09:35:31.973Z,2026-05-27T09:35:31.983Z,2026-05-27T09:35:31.983Z
2819,17.8,72.1,371,500,1.0469,0.2469,72.4,2026-05-27T09:35:42.098Z,2026-05-27T09:35:42.108Z,2026-05-27T09:35:42.108Z
2820,17.4,72.1,121,50,0.6406,0.2413,72.4,2026-05-27T09:35:52.234Z,2026-05-27T09:35:52.244Z,2026-05-27T09:35:52.244Z
2821,20.3,72.3,798,50,1.0312,0.2808,72.4,2026-05-27T09:36:02.434Z,2026-05-27T09:36:02.445Z,2026-05-27T09:36:02.445Z
2822,20,72.3,0,50,0.7031,0.2766,72.4,2026-05-27T09:36:12.543Z,2026-05-27T09:36:12.553Z,2026-05-27T09:36:12.553Z
2823,19.3,72.1,4178,50,0.9219,0.2677,72.4,2026-05-27T09:36:22.633Z,2026-05-27T09:36:22.645Z,2026-05-27T09:36:22.645Z
2824,19.4,72.2,0,50,0.5625,0.2687,72.4,2026-05-27T09:36:32.776Z,2026-05-27T09:36:32.788Z,2026-05-27T09:36:32.788Z
2825,18.9,72.2,0,50,0.625,0.2618,72.4,2026-05-27T09:36:42.858Z,2026-05-27T09:36:42.870Z,2026-05-27T09:36:42.870Z
2826,19.6,72.3,2965,50,1.1406,0.2711,72.4,2026-05-27T09:36:53.007Z,2026-05-27T09:36:53.019Z,2026-05-27T09:36:53.019Z
2827,17,72.3,139,50,0.625,0.2351,72.4,2026-05-27T09:37:03.310Z,2026-05-27T09:37:03.319Z,2026-05-27T09:37:03.319Z
2828,20.7,72.3,0,50,0.6406,0.2863,72.4,2026-05-27T09:37:13.423Z,2026-05-27T09:37:13.432Z,2026-05-27T09:37:13.432Z
2829,20,72.2,121,350.15,0.5781,0.277,72.4,2026-05-27T09:37:23.509Z,2026-05-27T09:37:23.520Z,2026-05-27T09:37:23.520Z
2830,19.1,72.1,139,50,0.6719,0.2649,72.4,2026-05-27T09:37:33.662Z,2026-05-27T09:37:33.672Z,2026-05-27T09:37:33.672Z
2831,18.5,72.1,0,50,0.625,0.2566,72.4,2026-05-27T09:37:43.763Z,2026-05-27T09:37:43.773Z,2026-05-27T09:37:43.773Z
2832,20.6,72.1,0,50,0.6094,0.2857,72.4,2026-05-27T09:37:53.903Z,2026-05-27T09:37:53.913Z,2026-05-27T09:37:53.913Z
2833,19.5,72.1,0,50,0.7031,0.2705,72.4,2026-05-27T09:38:04.014Z,2026-05-27T09:38:04.023Z,2026-05-27T09:38:04.023Z
2834,32.5,72.6,0,500,1.5312,0.4477,72.4,2026-05-27T09:38:14.122Z,2026-05-27T09:38:14.131Z,2026-05-27T09:38:14.131Z
2835,58.9,73.2,0,350.15,1.5625,0.8046,72.4,2026-05-27T09:38:24.219Z,2026-05-27T09:38:24.233Z,2026-05-27T09:38:24.233Z
2836,40.8,73.2,593,50,1.7656,0.5574,72.4,2026-05-27T09:38:34.319Z,2026-05-27T09:38:34.329Z,2026-05-27T09:38:34.329Z
2837,39.7,73.1,0,500,1.5469,0.5431,72.4,2026-05-27T09:38:44.410Z,2026-05-27T09:38:44.421Z,2026-05-27T09:38:44.421Z
2838,42.2,72.7,66,50,1.8281,0.5805,72.4,2026-05-27T09:38:54.493Z,2026-05-27T09:38:54.504Z,2026-05-27T09:38:54.504Z
2839,41.5,72.7,607,50,1.5781,0.5708,72.4,2026-05-27T09:39:04.589Z,2026-05-27T09:39:04.601Z,2026-05-27T09:39:04.601Z
2840,44.3,73,0,50,1.7031,0.6068,72.4,2026-05-27T09:39:14.697Z,2026-05-27T09:39:14.710Z,2026-05-27T09:39:14.710Z
2841,42.3,73,0,50,1.5781,0.5795,72.4,2026-05-27T09:39:24.787Z,2026-05-27T09:39:24.797Z,2026-05-27T09:39:24.797Z
2842,35.1,73.3,688,50,1.1094,0.4789,72.4,2026-05-27T09:39:34.927Z,2026-05-27T09:39:34.938Z,2026-05-27T09:39:34.938Z
2843,33.7,73.9,42,500,1.125,0.456,72.5,2026-05-27T09:39:45.024Z,2026-05-27T09:39:45.034Z,2026-05-27T09:39:45.034Z
2844,40.3,74.2,0,50,1.6562,0.5431,72.5,2026-05-27T09:39:55.112Z,2026-05-27T09:39:55.125Z,2026-05-27T09:39:55.125Z
2845,43,74.2,1019,50,1.6562,0.5795,72.5,2026-05-27T09:40:05.258Z,2026-05-27T09:40:05.277Z,2026-05-27T09:40:05.277Z
2846,43.4,74.3,0,50,2.0156,0.5841,72.5,2026-05-27T09:40:15.358Z,2026-05-27T09:40:15.373Z,2026-05-27T09:40:15.373Z
2847,43.8,74.3,320,50,1.625,0.5895,72.5,2026-05-27T09:40:25.457Z,2026-05-27T09:40:25.472Z,2026-05-27T09:40:25.472Z
2848,39.4,74.4,3031,50,1.4375,0.5296,72.5,2026-05-27T09:40:35.561Z,2026-05-27T09:40:35.575Z,2026-05-27T09:40:35.575Z
2849,60.1,75,14823,50,1.5469,0.8013,72.5,2026-05-27T09:40:45.689Z,2026-05-27T09:40:45.700Z,2026-05-27T09:40:45.700Z
2850,40.7,74.2,0,50,1.625,0.5485,72.5,2026-05-27T09:40:55.804Z,2026-05-27T09:40:55.815Z,2026-05-27T09:40:55.815Z
2851,74.4,74.2,6041,50,4.125,1.0027,72.5,2026-05-27T09:41:05.970Z,2026-05-27T09:41:05.992Z,2026-05-27T09:41:05.992Z
2852,98.3,75.7,0,500,4.0156,1.2985,72.5,2026-05-27T09:41:16.147Z,2026-05-27T09:41:16.179Z,2026-05-27T09:41:16.179Z
2853,93.5,75.2,0,50,3.6562,1.2434,72.5,2026-05-27T09:41:26.257Z,2026-05-27T09:41:26.280Z,2026-05-27T09:41:26.280Z
2854,56.9,75,6501,275,1.5938,0.7587,72.5,2026-05-27T09:41:36.370Z,2026-05-27T09:41:36.385Z,2026-05-27T09:41:36.385Z
2855,39.7,75.1,0,50,1.5938,0.5286,72.5,2026-05-27T09:41:46.516Z,2026-05-27T09:41:46.526Z,2026-05-27T09:41:46.526Z
2856,40,75.1,0,275,1.8594,0.5326,72.5,2026-05-27T09:41:56.631Z,2026-05-27T09:41:56.644Z,2026-05-27T09:41:56.644Z
2857,40.2,74.7,4827,50,1.625,0.5382,72.5,2026-05-27T09:42:06.878Z,2026-05-27T09:42:06.891Z,2026-05-27T09:42:06.891Z
2858,40.3,74.8,0,50,1.4844,0.5388,72.5,2026-05-27T09:42:16.959Z,2026-05-27T09:42:16.972Z,2026-05-27T09:42:16.972Z
2859,41.5,74.7,320,50,1.5469,0.5556,72.5,2026-05-27T09:42:27.066Z,2026-05-27T09:42:27.075Z,2026-05-27T09:42:27.075Z
2860,81.1,74.8,3986,50,4.0625,1.0842,72.5,2026-05-27T09:42:37.204Z,2026-05-27T09:42:37.248Z,2026-05-27T09:42:37.248Z
2861,54.9,74.1,19738,50,1.75,0.7409,72.5,2026-05-27T09:42:47.432Z,2026-05-27T09:42:47.446Z,2026-05-27T09:42:47.446Z
2862,49,74.1,0,50,0.7188,0.6613,72.5,2026-05-27T09:42:57.558Z,2026-05-27T09:42:57.569Z,2026-05-27T09:42:57.569Z
2863,23.4,74,4069,50,0.6406,0.3162,72.5,2026-05-27T09:43:07.687Z,2026-05-27T09:43:07.696Z,2026-05-27T09:43:07.696Z
2864,20.5,73.9,11241,50,0.7344,0.2774,72.5,2026-05-27T09:43:17.819Z,2026-05-27T09:43:17.828Z,2026-05-27T09:43:17.828Z
2865,22.1,74,17642,50,0.6406,0.2986,72.5,2026-05-27T09:43:27.940Z,2026-05-27T09:43:27.951Z,2026-05-27T09:43:27.951Z
2866,28.7,75,4411,50,1.0781,0.3827,72.5,2026-05-27T09:43:38.055Z,2026-05-27T09:43:38.068Z,2026-05-27T09:43:38.068Z
2867,21.6,74.1,197,50,1.1094,0.2915,72.5,2026-05-27T09:43:48.158Z,2026-05-27T09:43:48.169Z,2026-05-27T09:43:48.169Z
2868,18.4,74,0,50,0.7188,0.2486,72.5,2026-05-27T09:43:58.420Z,2026-05-27T09:43:58.442Z,2026-05-27T09:43:58.442Z
2869,29.6,74.6,3653,500,0.9844,0.3968,72.5,2026-05-27T09:44:08.529Z,2026-05-27T09:44:08.539Z,2026-05-27T09:44:08.539Z
2870,21.7,74.1,1452,500,0.7031,0.2928,72.5,2026-05-27T09:44:18.665Z,2026-05-27T09:44:18.676Z,2026-05-27T09:44:18.676Z
2871,20.9,74.1,248,199.85,0.6406,0.2821,72.5,2026-05-27T09:44:28.753Z,2026-05-27T09:44:28.764Z,2026-05-27T09:44:28.764Z
2872,19.6,74,4152,50,0.75,0.2649,72.5,2026-05-27T09:44:38.845Z,2026-05-27T09:44:38.855Z,2026-05-27T09:44:38.855Z
2873,22.5,74,75789,50,0.7031,0.3041,72.5,2026-05-27T09:44:48.933Z,2026-05-27T09:44:48.944Z,2026-05-27T09:44:48.944Z
2874,19.2,73.9,0,50,0.6719,0.2598,72.5,2026-05-27T09:44:59.057Z,2026-05-27T09:44:59.070Z,2026-05-27T09:44:59.070Z
2875,19.4,73.9,6157,50,1.2188,0.2625,72.5,2026-05-27T09:45:09.158Z,2026-05-27T09:45:09.169Z,2026-05-27T09:45:09.169Z
2876,18,73.7,0,50,1.125,0.2442,72.5,2026-05-27T09:45:19.236Z,2026-05-27T09:45:19.248Z,2026-05-27T09:45:19.248Z
2877,18.5,73.8,445,50,0.625,0.2507,72.5,2026-05-27T09:45:29.329Z,2026-05-27T09:45:29.339Z,2026-05-27T09:45:29.339Z
2878,20.2,73.8,3123,500,0.7812,0.2737,72.5,2026-05-27T09:45:39.425Z,2026-05-27T09:45:39.434Z,2026-05-27T09:45:39.434Z
2879,18.2,73.7,121,230,0.5938,0.2469,72.5,2026-05-27T09:45:49.557Z,2026-05-27T09:45:49.568Z,2026-05-27T09:45:49.568Z
2880,19.5,73.7,294,275,0.7656,0.2646,72.5,2026-05-27T09:45:59.702Z,2026-05-27T09:45:59.712Z,2026-05-27T09:45:59.712Z
2881,17.2,73.6,1365,199.85,0.7344,0.2337,72.5,2026-05-27T09:46:09.784Z,2026-05-27T09:46:09.795Z,2026-05-27T09:46:09.795Z
2882,20,73.5,0,50,0.7188,0.2721,72.5,2026-05-27T09:46:19.887Z,2026-05-27T09:46:19.898Z,2026-05-27T09:46:19.898Z
2883,18.9,73.6,0,50,0.625,0.2568,72.5,2026-05-27T09:46:29.968Z,2026-05-27T09:46:29.980Z,2026-05-27T09:46:29.980Z
2884,19.5,73.6,1132,50,0.7969,0.2649,72.5,2026-05-27T09:46:40.084Z,2026-05-27T09:46:40.094Z,2026-05-27T09:46:40.094Z
2885,19.1,73.6,21947,50,1.1094,0.2595,72.5,2026-05-27T09:46:50.284Z,2026-05-27T09:46:50.296Z,2026-05-27T09:46:50.296Z
2886,17.6,73.6,0,500,0.7344,0.2391,72.5,2026-05-27T09:47:00.408Z,2026-05-27T09:47:00.417Z,2026-05-27T09:47:00.417Z
2887,18.8,73.6,0,50,0.7344,0.2554,72.5,2026-05-27T09:47:10.487Z,2026-05-27T09:47:10.499Z,2026-05-27T09:47:10.499Z
2888,21.5,73.5,1142,50,0.8281,0.2925,72.5,2026-05-27T09:47:20.570Z,2026-05-27T09:47:20.580Z,2026-05-27T09:47:20.580Z
2889,19,73.5,0,50,1.0938,0.2585,72.5,2026-05-27T09:47:30.672Z,2026-05-27T09:47:30.681Z,2026-05-27T09:47:30.681Z
2890,17.7,73.5,0,50,0.6406,0.2408,72.5,2026-05-27T09:47:40.801Z,2026-05-27T09:47:40.810Z,2026-05-27T09:47:40.810Z
2891,19.1,73.3,1701,50,0.6406,0.2606,72.5,2026-05-27T09:47:50.908Z,2026-05-27T09:47:50.918Z,2026-05-27T09:47:50.918Z
2892,18.4,73.2,1532,500,0.6875,0.2514,72.5,2026-05-27T09:48:01.004Z,2026-05-27T09:48:01.012Z,2026-05-27T09:48:01.012Z
2893,22.2,73.6,1436,50,1.0156,0.3016,72.5,2026-05-27T09:48:11.092Z,2026-05-27T09:48:11.103Z,2026-05-27T09:48:11.103Z
2894,18.1,73.5,2816,50,0.75,0.2463,72.5,2026-05-27T09:48:21.191Z,2026-05-27T09:48:21.208Z,2026-05-27T09:48:21.208Z
2895,18.7,73.6,0,140,0.5781,0.2541,72.5,2026-05-27T09:48:31.286Z,2026-05-27T09:48:31.296Z,2026-05-27T09:48:31.296Z
2896,20,73.5,248,50,0.7188,0.2721,72.5,2026-05-27T09:48:41.383Z,2026-05-27T09:48:41.392Z,2026-05-27T09:48:41.392Z
2897,18.8,73.5,0,50,1.3438,0.2558,72.5,2026-05-27T09:48:51.469Z,2026-05-27T09:48:51.480Z,2026-05-27T09:48:51.480Z
2898,20,74,0,50,1.4844,0.2703,72.5,2026-05-27T09:49:01.556Z,2026-05-27T09:49:01.569Z,2026-05-27T09:49:01.569Z
2899,22,72.9,121,50,0.6094,0.3018,72.5,2026-05-27T09:49:11.652Z,2026-05-27T09:49:11.662Z,2026-05-27T09:49:11.662Z
2900,19.5,72.9,3836,50,0.9062,0.2675,72.5,2026-05-27T09:49:21.762Z,2026-05-27T09:49:21.774Z,2026-05-27T09:49:21.774Z
2901,18.1,73,0,50,1.0625,0.2479,72.5,2026-05-27T09:49:31.902Z,2026-05-27T09:49:31.911Z,2026-05-27T09:49:31.911Z
2902,17.4,73,0,50,0.6406,0.2384,72.5,2026-05-27T09:49:42.002Z,2026-05-27T09:49:42.013Z,2026-05-27T09:49:42.013Z
2903,19.8,73,3981,50,1.0469,0.2712,72.5,2026-05-27T09:49:52.086Z,2026-05-27T09:49:52.098Z,2026-05-27T09:49:52.098Z
2904,23.1,72.9,0,275,0.625,0.3169,72.5,2026-05-27T09:50:02.225Z,2026-05-27T09:50:02.236Z,2026-05-27T09:50:02.236Z
2905,17.9,72.9,138,50,0.625,0.2455,72.5,2026-05-27T09:50:12.331Z,2026-05-27T09:50:12.341Z,2026-05-27T09:50:12.341Z
2906,19.6,72.8,0,275,0.9375,0.2692,72.5,2026-05-27T09:50:22.456Z,2026-05-27T09:50:22.467Z,2026-05-27T09:50:22.467Z
2907,19,73,14687,162.5,0.6406,0.2603,72.5,2026-05-27T09:50:32.559Z,2026-05-27T09:50:32.569Z,2026-05-27T09:50:32.569Z
2908,18.1,73,0,275,1,0.2479,72.5,2026-05-27T09:50:42.664Z,2026-05-27T09:50:42.673Z,2026-05-27T09:50:42.673Z
2909,17.3,73,575,50,0.7969,0.237,72.5,2026-05-27T09:50:52.801Z,2026-05-27T09:50:52.811Z,2026-05-27T09:50:52.811Z
2910,19.3,72.9,22423,50,0.875,0.2647,72.5,2026-05-27T09:51:02.911Z,2026-05-27T09:51:02.920Z,2026-05-27T09:51:02.920Z
2911,18.7,72.9,18534,50,0.7656,0.2565,72.5,2026-05-27T09:51:13.057Z,2026-05-27T09:51:13.068Z,2026-05-27T09:51:13.068Z
2912,22.3,73.3,0,50,1.2031,0.3042,72.5,2026-05-27T09:51:23.136Z,2026-05-27T09:51:23.149Z,2026-05-27T09:51:23.149Z
2913,17.7,73.4,13272,275,0.6875,0.2411,72.5,2026-05-27T09:51:33.254Z,2026-05-27T09:51:33.266Z,2026-05-27T09:51:33.266Z
2914,19.1,73.4,178,350.15,0.6094,0.2602,72.5,2026-05-27T09:51:43.357Z,2026-05-27T09:51:43.368Z,2026-05-27T09:51:43.368Z
2915,18.7,73.4,363,50,0.6875,0.2548,72.5,2026-05-27T09:51:53.497Z,2026-05-27T09:51:53.507Z,2026-05-27T09:51:53.507Z
2916,19.9,73.4,0,500,0.9844,0.2711,72.5,2026-05-27T09:52:03.670Z,2026-05-27T09:52:03.684Z,2026-05-27T09:52:03.684Z
2917,17.9,73.5,10786,50,0.6719,0.2435,72.5,2026-05-27T09:52:13.760Z,2026-05-27T09:52:13.771Z,2026-05-27T09:52:13.771Z
2918,20.1,73.4,2954,50,0.8438,0.2738,72.5,2026-05-27T09:52:23.876Z,2026-05-27T09:52:23.886Z,2026-05-27T09:52:23.886Z
2919,18.4,73.4,0,50,0.7187,0.2507,72.5,2026-05-27T09:52:33.977Z,2026-05-27T09:52:33.989Z,2026-05-27T09:52:33.989Z
2920,18.3,73.4,0,50,1.1719,0.2493,72.5,2026-05-27T09:52:44.115Z,2026-05-27T09:52:44.124Z,2026-05-27T09:52:44.124Z
2921,17.7,73.4,4404,50,0.7344,0.2411,72.5,2026-05-27T09:52:54.214Z,2026-05-27T09:52:54.225Z,2026-05-27T09:52:54.225Z
2922,18.8,73.5,0,50,0.5781,0.2558,72.5,2026-05-27T09:53:04.310Z,2026-05-27T09:53:04.320Z,2026-05-27T09:53:04.320Z
2923,20.2,73.4,17758,275,0.6094,0.2752,72.5,2026-05-27T09:53:14.430Z,2026-05-27T09:53:14.442Z,2026-05-27T09:53:14.442Z
2924,18.4,73.4,0,50,0.6719,0.2507,72.5,2026-05-27T09:53:24.614Z,2026-05-27T09:53:24.635Z,2026-05-27T09:53:24.635Z
2925,28,73.7,371,50,1.25,0.3799,72.5,2026-05-27T09:53:34.730Z,2026-05-27T09:53:34.743Z,2026-05-27T09:53:34.743Z
2926,18,73.6,0,500,0.5938,0.2446,72.5,2026-05-27T09:53:44.826Z,2026-05-27T09:53:44.837Z,2026-05-27T09:53:44.837Z
2927,18.6,73.5,0,275,0.5781,0.2531,72.5,2026-05-27T09:53:54.933Z,2026-05-27T09:53:54.943Z,2026-05-27T09:53:54.943Z
2928,18.7,73.4,139,50,1.1719,0.2548,72.5,2026-05-27T09:54:05.028Z,2026-05-27T09:54:05.038Z,2026-05-27T09:54:05.038Z
2929,17.7,73.5,0,50,0.5781,0.2408,72.5,2026-05-27T09:54:15.121Z,2026-05-27T09:54:15.130Z,2026-05-27T09:54:15.130Z
2930,21.6,73.6,26927,50,1.3281,0.2935,72.5,2026-05-27T09:54:25.338Z,2026-05-27T09:54:25.349Z,2026-05-27T09:54:25.349Z
2931,5.4,73.4,121,50,0.2188,0.0736,72.5,2026-05-27T09:54:35.474Z,2026-05-27T09:54:35.484Z,2026-05-27T09:54:35.484Z
2932,10.8,73.9,0,50,0.1406,0.1461,72.5,2026-05-27T09:54:45.590Z,2026-05-27T09:54:45.601Z,2026-05-27T09:54:45.601Z
2933,4.9,73.9,442,50,0.25,0.0663,72.5,2026-05-27T09:54:55.708Z,2026-05-27T09:54:55.718Z,2026-05-27T09:54:55.718Z
2934,7,73.9,1578,50,0.1094,0.0947,72.5,2026-05-27T09:55:05.843Z,2026-05-27T09:55:05.852Z,2026-05-27T09:55:05.852Z
2935,5.3,73.7,0,162.5,0.1719,0.0719,72.5,2026-05-27T09:55:15.972Z,2026-05-27T09:55:15.982Z,2026-05-27T09:55:15.982Z
2936,7.1,73.7,0,50,0.2344,0.0963,72.5,2026-05-27T09:55:26.101Z,2026-05-27T09:55:26.115Z,2026-05-27T09:55:26.115Z
2937,3.5,73.8,121,50,0.2656,0.0474,72.5,2026-05-27T09:55:36.244Z,2026-05-27T09:55:36.255Z,2026-05-27T09:55:36.255Z
2938,6,73.5,2134,162.5,0.6719,0.0816,72.5,2026-05-27T09:55:46.379Z,2026-05-27T09:55:46.387Z,2026-05-27T09:55:46.387Z
2939,3.9,73.5,16142,162.5,0.3438,0.0531,72.5,2026-05-27T09:55:56.513Z,2026-05-27T09:55:56.522Z,2026-05-27T09:55:56.522Z
2940,4.5,73.5,42,275,0.1875,0.0612,72.5,2026-05-27T09:56:06.624Z,2026-05-27T09:56:06.636Z,2026-05-27T09:56:06.636Z
2941,5.2,73.3,0,275,0.1406,0.0709,72.5,2026-05-27T09:56:16.761Z,2026-05-27T09:56:16.770Z,2026-05-27T09:56:16.770Z
2942,5.1,73.1,0,500,0.1094,0.0698,72.5,2026-05-27T09:56:26.877Z,2026-05-27T09:56:26.887Z,2026-05-27T09:56:26.887Z
2943,3.3,73.2,0,199.85,0.1562,0.0451,72.5,2026-05-27T09:56:37.013Z,2026-05-27T09:56:37.021Z,2026-05-27T09:56:37.021Z
2944,4.4,73.2,387,162.5,0.0625,0.0601,72.5,2026-05-27T09:56:47.135Z,2026-05-27T09:56:47.146Z,2026-05-27T09:56:47.146Z
2945,4.9,73.2,0,50,0.2344,0.0669,72.5,2026-05-27T09:56:57.249Z,2026-05-27T09:56:57.259Z,2026-05-27T09:56:57.259Z
2946,6.1,73.2,0,50,0.1875,0.0833,72.5,2026-05-27T09:57:07.374Z,2026-05-27T09:57:07.385Z,2026-05-27T09:57:07.385Z
2947,6.3,73.2,0,275,0.0938,0.0861,72.5,2026-05-27T09:57:17.505Z,2026-05-27T09:57:17.515Z,2026-05-27T09:57:17.515Z
2948,6.7,73.2,0,50,0.1094,0.0915,72.5,2026-05-27T09:57:27.613Z,2026-05-27T09:57:27.622Z,2026-05-27T09:57:27.622Z
2949,4,73.2,3847,275,0.4531,0.0546,72.5,2026-05-27T09:57:37.754Z,2026-05-27T09:57:37.768Z,2026-05-27T09:57:37.768Z
2950,8.1,72.5,0,50,0.6406,0.1117,72.5,2026-05-27T09:57:47.857Z,2026-05-27T09:57:47.867Z,2026-05-27T09:57:47.867Z
2951,4.6,72.6,0,50,0.2188,0.0634,72.5,2026-05-27T09:57:57.982Z,2026-05-27T09:57:57.993Z,2026-05-27T09:57:57.993Z
2952,4.3,72.6,3668,50,0.3594,0.0592,72.5,2026-05-27T09:58:08.100Z,2026-05-27T09:58:08.110Z,2026-05-27T09:58:08.110Z
2953,7,72.6,0,162.5,0.4531,0.0964,72.5,2026-05-27T09:58:18.232Z,2026-05-27T09:58:18.241Z,2026-05-27T09:58:18.241Z
2954,7.6,72.6,14143,275,0.4531,0.1047,72.5,2026-05-27T09:58:28.352Z,2026-05-27T09:58:28.362Z,2026-05-27T09:58:28.362Z
2955,9.1,72.8,1684,50,0.3594,0.125,72.5,2026-05-27T09:58:38.479Z,2026-05-27T09:58:38.490Z,2026-05-27T09:58:38.490Z
2956,6.2,72.8,17310,50,0.3281,0.0852,72.5,2026-05-27T09:58:48.600Z,2026-05-27T09:58:48.610Z,2026-05-27T09:58:48.610Z
2957,5.4,72.5,2816,50,0.2969,0.0745,72.5,2026-05-27T09:58:58.744Z,2026-05-27T09:58:58.756Z,2026-05-27T09:58:58.756Z
2958,9.8,72.9,4450,50,0.9219,0.1344,72.5,2026-05-27T09:59:08.873Z,2026-05-27T09:59:08.895Z,2026-05-27T09:59:08.895Z
2959,8,73.1,15045,50,0.3906,0.1094,72.5,2026-05-27T09:59:18.993Z,2026-05-27T09:59:19.002Z,2026-05-27T09:59:19.002Z
2960,5.4,72.9,0,50,0.4531,0.0741,72.5,2026-05-27T09:59:29.109Z,2026-05-27T09:59:29.120Z,2026-05-27T09:59:29.120Z
2961,6,72.9,121,162.5,0.3125,0.0823,72.5,2026-05-27T09:59:39.262Z,2026-05-27T09:59:39.276Z,2026-05-27T09:59:39.276Z
2962,7.4,72.9,181,50,0.3438,0.1015,72.5,2026-05-27T09:59:49.376Z,2026-05-27T09:59:49.387Z,2026-05-27T09:59:49.387Z
2963,6.2,73,0,50,0.2812,0.0849,72.5,2026-05-27T09:59:59.514Z,2026-05-27T09:59:59.524Z,2026-05-27T09:59:59.524Z
2964,8.7,73.1,45326,50,0.9688,0.119,72.5,2026-05-27T10:00:09.648Z,2026-05-27T10:00:09.658Z,2026-05-27T10:00:09.658Z
2965,8.6,73.1,0,275,0.2656,0.1176,72.5,2026-05-27T10:00:19.784Z,2026-05-27T10:00:19.793Z,2026-05-27T10:00:19.793Z
2966,8.9,73.1,0,275,0.125,0.1218,72.5,2026-05-27T10:00:29.909Z,2026-05-27T10:00:29.921Z,2026-05-27T10:00:29.921Z
2967,6.6,73,1023,275,0.4531,0.0904,72.5,2026-05-27T10:00:40.003Z,2026-05-27T10:00:40.017Z,2026-05-27T10:00:40.017Z
2968,6.8,73,402,50,0.1562,0.0932,72.5,2026-05-27T10:00:50.138Z,2026-05-27T10:00:50.149Z,2026-05-27T10:00:50.149Z
2969,6.5,73,358,50,0.1406,0.089,72.5,2026-05-27T10:01:00.274Z,2026-05-27T10:01:00.283Z,2026-05-27T10:01:00.283Z
2970,7.5,73.1,3711,275,0.3281,0.1026,72.5,2026-05-27T10:01:10.400Z,2026-05-27T10:01:10.408Z,2026-05-27T10:01:10.408Z
2971,8.3,73,1250,50,0.7812,0.1137,72.5,2026-05-27T10:01:20.532Z,2026-05-27T10:01:20.541Z,2026-05-27T10:01:20.541Z
2972,6.7,73.1,0,50,0.3438,0.0917,72.5,2026-05-27T10:01:30.648Z,2026-05-27T10:01:30.657Z,2026-05-27T10:01:30.657Z
2973,4.6,73.1,703,50,0.2188,0.0629,72.5,2026-05-27T10:01:40.779Z,2026-05-27T10:01:40.788Z,2026-05-27T10:01:40.788Z
2974,4.5,73.1,154,275,0.0625,0.0616,72.5,2026-05-27T10:01:50.898Z,2026-05-27T10:01:50.909Z,2026-05-27T10:01:50.909Z
2975,6.8,73.1,136,50,0.2656,0.093,72.5,2026-05-27T10:02:01.013Z,2026-05-27T10:02:01.022Z,2026-05-27T10:02:01.022Z
2976,4.2,73,21529,50,0.375,0.0575,72.5,2026-05-27T10:02:11.120Z,2026-05-27T10:02:11.129Z,2026-05-27T10:02:11.129Z
2977,4.7,72.9,0,162.5,0.1719,0.0645,72.5,2026-05-27T10:02:21.241Z,2026-05-27T10:02:21.251Z,2026-05-27T10:02:21.251Z
2978,6.9,72.9,371,50,0.1406,0.0947,72.5,2026-05-27T10:02:31.370Z,2026-05-27T10:02:31.381Z,2026-05-27T10:02:31.381Z
2979,3.4,73,606,50,0.0625,0.0466,72.5,2026-05-27T10:02:41.480Z,2026-05-27T10:02:41.488Z,2026-05-27T10:02:41.488Z
2980,4.6,73,0,50,0.125,0.063,72.5,2026-05-27T10:02:51.612Z,2026-05-27T10:02:51.622Z,2026-05-27T10:02:51.622Z
2981,7.3,73,19269,50,0.2969,0.1,72.5,2026-05-27T10:03:01.713Z,2026-05-27T10:03:01.722Z,2026-05-27T10:03:01.722Z
2982,4.9,72.9,0,162.5,0.2344,0.0672,72.5,2026-05-27T10:03:11.910Z,2026-05-27T10:03:11.952Z,2026-05-27T10:03:11.952Z
2983,8.8,72.8,439,50,0.1875,0.1209,72.5,2026-05-27T10:03:22.032Z,2026-05-27T10:03:22.042Z,2026-05-27T10:03:22.042Z
2984,8.7,73,0,50,0.625,0.1192,72.5,2026-05-27T10:03:32.165Z,2026-05-27T10:03:32.176Z,2026-05-27T10:03:32.176Z
2985,6,73,482,50,0.2969,0.0822,72.5,2026-05-27T10:03:42.280Z,2026-05-27T10:03:42.289Z,2026-05-27T10:03:42.289Z
2986,7,73,0,162.5,0.2969,0.0959,72.5,2026-05-27T10:03:52.505Z,2026-05-27T10:03:52.517Z,2026-05-27T10:03:52.517Z
2987,9.6,73,440,50,1.1562,0.1315,72.5,2026-05-27T10:04:02.707Z,2026-05-27T10:04:02.718Z,2026-05-27T10:04:02.718Z
2988,15.6,72.2,0,50,0.1094,0.2161,72.5,2026-05-27T10:04:12.828Z,2026-05-27T10:04:12.836Z,2026-05-27T10:04:12.836Z
2989,8.3,72.1,440,162.5,0.2344,0.1151,72.5,2026-05-27T10:04:23.059Z,2026-05-27T10:04:23.076Z,2026-05-27T10:04:23.076Z
2990,9.6,72.4,0,50,0.0938,0.1326,72.5,2026-05-27T10:04:33.264Z,2026-05-27T10:04:33.276Z,2026-05-27T10:04:33.276Z
2991,5,72.4,1854,50,0.2188,0.0691,72.5,2026-05-27T10:04:43.505Z,2026-05-27T10:04:43.522Z,2026-05-27T10:04:43.522Z
2992,7.8,72.4,0,50,0.2344,0.1077,72.5,2026-05-27T10:04:53.655Z,2026-05-27T10:04:53.664Z,2026-05-27T10:04:53.664Z
2993,8.5,72,621,50,0.3125,0.1181,72.5,2026-05-27T10:05:03.792Z,2026-05-27T10:05:03.801Z,2026-05-27T10:05:03.801Z
2994,9.4,72,0,50,0.1094,0.1306,72.5,2026-05-27T10:05:13.915Z,2026-05-27T10:05:13.925Z,2026-05-27T10:05:13.925Z
2995,6.5,72,2301,50,0.2656,0.0903,72.5,2026-05-27T10:05:24.020Z,2026-05-27T10:05:24.028Z,2026-05-27T10:05:24.028Z
2996,8.6,72.1,0,50,0.2031,0.1193,72.5,2026-05-27T10:05:34.139Z,2026-05-27T10:05:34.148Z,2026-05-27T10:05:34.148Z
2997,6.8,72.1,0,50,0.2344,0.0943,72.5,2026-05-27T10:05:44.243Z,2026-05-27T10:05:44.253Z,2026-05-27T10:05:44.253Z
2998,6.5,72.1,121,50,0.2344,0.0902,72.5,2026-05-27T10:05:54.361Z,2026-05-27T10:05:54.371Z,2026-05-27T10:05:54.371Z
2999,20.2,72.4,1978,162.5,0.5312,0.279,72.5,2026-05-27T10:06:04.477Z,2026-05-27T10:06:04.486Z,2026-05-27T10:06:04.486Z
3000,10.8,72.6,0,275,0.4219,0.1488,72.5,2026-05-27T10:06:14.605Z,2026-05-27T10:06:14.617Z,2026-05-27T10:06:14.617Z
3001,11.4,72.4,19039,50,0.9688,0.1575,72.5,2026-05-27T10:06:24.797Z,2026-05-27T10:06:24.807Z,2026-05-27T10:06:24.807Z
3002,7.9,72.5,0,162.5,0.2812,0.109,72.5,2026-05-27T10:06:34.992Z,2026-05-27T10:06:35.001Z,2026-05-27T10:06:35.001Z
3003,11.4,72.4,320,50,0.4688,0.1575,72.5,2026-05-27T10:06:45.198Z,2026-05-27T10:06:45.210Z,2026-05-27T10:06:45.210Z
3004,9.6,72.3,4005,50,0.4844,0.1328,72.5,2026-05-27T10:06:55.395Z,2026-05-27T10:06:55.405Z,2026-05-27T10:06:55.405Z
3005,8.2,72.3,14205,50,0.7031,0.1134,72.5,2026-05-27T10:07:05.611Z,2026-05-27T10:07:05.622Z,2026-05-27T10:07:05.622Z
3006,10.6,72.3,180,275,0.3125,0.1466,72.5,2026-05-27T10:07:15.740Z,2026-05-27T10:07:15.750Z,2026-05-27T10:07:15.750Z
3007,11.4,72.3,1608,50,0.3281,0.1577,72.5,2026-05-27T10:07:25.910Z,2026-05-27T10:07:25.920Z,2026-05-27T10:07:25.920Z
3008,11.6,72.3,358,275,0.5156,0.1604,72.5,2026-05-27T10:07:36.108Z,2026-05-27T10:07:36.120Z,2026-05-27T10:07:36.120Z
3009,9.3,72.3,760,50,0.4688,0.1286,72.5,2026-05-27T10:07:46.243Z,2026-05-27T10:07:46.253Z,2026-05-27T10:07:46.253Z
3010,11.1,72.3,0,50,0.4844,0.1535,72.5,2026-05-27T10:07:56.347Z,2026-05-27T10:07:56.357Z,2026-05-27T10:07:56.357Z
3011,12,72.3,14314,275,0.5156,0.166,72.5,2026-05-27T10:08:06.558Z,2026-05-27T10:08:06.580Z,2026-05-27T10:08:06.580Z
3012,11.3,72.3,0,50,0.2969,0.1563,72.5,2026-05-27T10:08:16.661Z,2026-05-27T10:08:16.671Z,2026-05-27T10:08:16.671Z
3013,11.1,72.3,6482,50,0.4375,0.1535,72.5,2026-05-27T10:08:26.862Z,2026-05-27T10:08:26.876Z,2026-05-27T10:08:26.876Z
3014,12.4,72.4,15247,50,0.8438,0.1713,72.5,2026-05-27T10:08:37.062Z,2026-05-27T10:08:37.071Z,2026-05-27T10:08:37.071Z
3015,12.4,72.4,550,500,0.7344,0.1713,72.5,2026-05-27T10:08:47.177Z,2026-05-27T10:08:47.186Z,2026-05-27T10:08:47.186Z
3016,12.4,72.4,0,50,0.4219,0.1713,72.5,2026-05-27T10:08:57.583Z,2026-05-27T10:08:57.592Z,2026-05-27T10:08:57.592Z
3017,13.3,72.4,3592,50,0.5156,0.1837,72.5,2026-05-27T10:09:07.693Z,2026-05-27T10:09:07.703Z,2026-05-27T10:09:07.703Z
3018,12,72.4,1396,50,0.5781,0.1657,72.5,2026-05-27T10:09:17.803Z,2026-05-27T10:09:17.813Z,2026-05-27T10:09:17.813Z
3019,13.2,72.5,4040,50,0.6719,0.1821,72.5,2026-05-27T10:09:27.893Z,2026-05-27T10:09:27.903Z,2026-05-27T10:09:27.903Z
3020,12.7,72.5,0,50,0.8594,0.1752,72.5,2026-05-27T10:09:38.022Z,2026-05-27T10:09:38.034Z,2026-05-27T10:09:38.034Z
3021,10.9,72.5,440,275,0.4531,0.1503,72.5,2026-05-27T10:09:48.143Z,2026-05-27T10:09:48.153Z,2026-05-27T10:09:48.153Z
3022,13,72.5,0,50,0.5781,0.1793,72.5,2026-05-27T10:09:58.253Z,2026-05-27T10:09:58.264Z,2026-05-27T10:09:58.264Z
3023,13.1,72.5,440,500,0.3594,0.1807,72.5,2026-05-27T10:10:08.336Z,2026-05-27T10:10:08.345Z,2026-05-27T10:10:08.345Z
3024,12.6,72.6,0,50,0.4375,0.1736,72.5,2026-05-27T10:10:18.436Z,2026-05-27T10:10:18.445Z,2026-05-27T10:10:18.445Z
3025,14.1,72.5,4172,50,0.7188,0.1945,72.5,2026-05-27T10:10:28.547Z,2026-05-27T10:10:28.557Z,2026-05-27T10:10:28.557Z
3026,13,72.5,369,50,0.4688,0.1793,72.5,2026-05-27T10:10:38.642Z,2026-05-27T10:10:38.653Z,2026-05-27T10:10:38.653Z
3027,13,72.5,14032,50,1.0938,0.1793,72.5,2026-05-27T10:10:48.773Z,2026-05-27T10:10:48.783Z,2026-05-27T10:10:48.783Z
3028,11.8,72.5,699,50,0.5938,0.1628,72.5,2026-05-27T10:10:58.851Z,2026-05-27T10:10:58.860Z,2026-05-27T10:10:58.860Z
3029,12.8,72.5,1273,50,0.5469,0.1766,72.5,2026-05-27T10:11:09.054Z,2026-05-27T10:11:09.065Z,2026-05-27T10:11:09.065Z
3030,13.7,72.7,0,50,0.4375,0.1884,72.5,2026-05-27T10:11:19.126Z,2026-05-27T10:11:19.137Z,2026-05-27T10:11:19.137Z
3031,21,72.7,84,50,0.7188,0.2889,72.5,2026-05-27T10:11:29.221Z,2026-05-27T10:11:29.231Z,2026-05-27T10:11:29.231Z
3032,14.4,72.7,0,50,0.625,0.1981,72.5,2026-05-27T10:11:39.330Z,2026-05-27T10:11:39.341Z,2026-05-27T10:11:39.341Z
3033,13.7,72.7,0,50,0.5312,0.1884,72.5,2026-05-27T10:11:49.409Z,2026-05-27T10:11:49.419Z,2026-05-27T10:11:49.419Z
3034,14.1,72.6,136,50,0.6875,0.1942,72.5,2026-05-27T10:11:59.511Z,2026-05-27T10:11:59.524Z,2026-05-27T10:11:59.524Z
3035,14.7,72.6,6070,50,0.8438,0.2025,72.5,2026-05-27T10:12:09.646Z,2026-05-27T10:12:09.656Z,2026-05-27T10:12:09.656Z
3036,20.7,72.7,0,50,0.5312,0.2847,72.5,2026-05-27T10:12:19.741Z,2026-05-27T10:12:19.751Z,2026-05-27T10:12:19.751Z
3037,14.8,72.6,0,50,0.6875,0.2039,72.5,2026-05-27T10:12:29.843Z,2026-05-27T10:12:29.853Z,2026-05-27T10:12:29.853Z
3038,15,72.6,248,140,0.5312,0.2066,72.5,2026-05-27T10:12:39.928Z,2026-05-27T10:12:39.940Z,2026-05-27T10:12:39.940Z
3039,14.6,72.6,774,50,0.3906,0.2011,72.5,2026-05-27T10:12:50.081Z,2026-05-27T10:12:50.091Z,2026-05-27T10:12:50.091Z
3040,14.5,72.6,0,50,0.75,0.1997,72.5,2026-05-27T10:13:00.174Z,2026-05-27T10:13:00.183Z,2026-05-27T10:13:00.183Z
3041,16.4,72.6,1870,50,0.4531,0.2259,72.5,2026-05-27T10:13:10.266Z,2026-05-27T10:13:10.275Z,2026-05-27T10:13:10.275Z
3042,14.2,72.6,1284,275,0.5469,0.1956,72.5,2026-05-27T10:13:20.360Z,2026-05-27T10:13:20.370Z,2026-05-27T10:13:20.370Z
3043,17,72.8,120,50,0.5156,0.2335,72.5,2026-05-27T10:13:30.452Z,2026-05-27T10:13:30.461Z,2026-05-27T10:13:30.461Z
3044,16.4,72.7,193,50,0.4375,0.2256,72.5,2026-05-27T10:13:40.544Z,2026-05-27T10:13:40.555Z,2026-05-27T10:13:40.555Z
3045,16.3,72.7,154,50,0.9375,0.2242,72.5,2026-05-27T10:13:50.619Z,2026-05-27T10:13:50.630Z,2026-05-27T10:13:50.630Z
3046,15.4,72.7,0,50,0.5312,0.2118,72.5,2026-05-27T10:14:00.732Z,2026-05-27T10:14:00.743Z,2026-05-27T10:14:00.743Z
3047,17,72.8,0,50,0.5156,0.2335,72.5,2026-05-27T10:14:10.866Z,2026-05-27T10:14:10.875Z,2026-05-27T10:14:10.875Z
3048,14.9,72.6,586,50,0.5781,0.2052,72.5,2026-05-27T10:14:20.978Z,2026-05-27T10:14:20.987Z,2026-05-27T10:14:20.987Z
3049,15.8,72.7,248,50,0.4687,0.2173,72.5,2026-05-27T10:14:31.068Z,2026-05-27T10:14:31.077Z,2026-05-27T10:14:31.077Z
3050,14.5,72.7,248,50,0.5,0.1994,72.5,2026-05-27T10:14:41.170Z,2026-05-27T10:14:41.181Z,2026-05-27T10:14:41.181Z
3051,15.5,72.7,0,50,0.8906,0.2132,72.5,2026-05-27T10:14:51.257Z,2026-05-27T10:14:51.267Z,2026-05-27T10:14:51.267Z
3052,16.9,72.7,0,50,0.5625,0.2325,72.5,2026-05-27T10:15:01.353Z,2026-05-27T10:15:01.363Z,2026-05-27T10:15:01.363Z
3053,16.3,72.9,4113,50,0.6406,0.2236,72.5,2026-05-27T10:15:11.442Z,2026-05-27T10:15:11.451Z,2026-05-27T10:15:11.451Z
3054,18.7,72.8,0,50,0.5156,0.2569,72.5,2026-05-27T10:15:21.548Z,2026-05-27T10:15:21.556Z,2026-05-27T10:15:21.556Z
3055,18.1,72.8,0,162.5,1.0312,0.2486,72.5,2026-05-27T10:15:31.635Z,2026-05-27T10:15:31.645Z,2026-05-27T10:15:31.645Z
3056,15.6,72.8,538,350.15,0.6406,0.2143,72.5,2026-05-27T10:15:41.728Z,2026-05-27T10:15:41.739Z,2026-05-27T10:15:41.739Z
3057,16.3,72.8,842,275,0.5625,0.2239,72.5,2026-05-27T10:15:51.822Z,2026-05-27T10:15:51.833Z,2026-05-27T10:15:51.833Z
3058,15.8,72.8,0,140,0.5625,0.217,72.5,2026-05-27T10:16:01.937Z,2026-05-27T10:16:01.947Z,2026-05-27T10:16:01.947Z
3059,16.6,72.8,0,50,0.6719,0.228,72.5,2026-05-27T10:16:12.028Z,2026-05-27T10:16:12.041Z,2026-05-27T10:16:12.041Z
3060,15.9,72.7,15056,275,0.6406,0.2187,72.5,2026-05-27T10:16:22.159Z,2026-05-27T10:16:22.168Z,2026-05-27T10:16:22.168Z
3061,17.7,72.8,248,500,0.9531,0.2431,72.5,2026-05-27T10:16:32.251Z,2026-05-27T10:16:32.261Z,2026-05-27T10:16:32.261Z
3062,15.4,72.8,0,50,0.5312,0.2115,72.5,2026-05-27T10:16:42.330Z,2026-05-27T10:16:42.341Z,2026-05-27T10:16:42.341Z
3063,26.4,73.4,0,50,0.9062,0.3597,72.5,2026-05-27T10:16:52.438Z,2026-05-27T10:16:52.449Z,2026-05-27T10:16:52.449Z
3064,18.4,73,0,199.85,0.6562,0.2521,72.5,2026-05-27T10:17:02.512Z,2026-05-27T10:17:02.524Z,2026-05-27T10:17:02.524Z
3065,16.6,72.9,17243,50,0.5625,0.2277,72.5,2026-05-27T10:17:12.607Z,2026-05-27T10:17:12.616Z,2026-05-27T10:17:12.616Z
3066,17.6,72.7,0,50,1.0938,0.2421,72.5,2026-05-27T10:17:22.731Z,2026-05-27T10:17:22.741Z,2026-05-27T10:17:22.741Z
3067,17.4,72.8,0,50,0.6094,0.239,72.5,2026-05-27T10:17:32.855Z,2026-05-27T10:17:32.864Z,2026-05-27T10:17:32.864Z
3068,15.6,72.8,841,50,0.4844,0.2143,72.5,2026-05-27T10:17:42.948Z,2026-05-27T10:17:42.958Z,2026-05-27T10:17:42.958Z
3069,16.6,72.8,0,50,0.5781,0.228,72.5,2026-05-27T10:17:53.033Z,2026-05-27T10:17:53.045Z,2026-05-27T10:17:53.045Z
3070,16.6,72.7,0,50,0.5156,0.2283,72.5,2026-05-27T10:18:03.123Z,2026-05-27T10:18:03.135Z,2026-05-27T10:18:03.135Z
3071,18.6,72.7,4439,162.5,0.7031,0.2558,72.5,2026-05-27T10:18:13.235Z,2026-05-27T10:18:13.245Z,2026-05-27T10:18:13.245Z
3072,17.1,72.7,0,50,0.6094,0.2352,72.5,2026-05-27T10:18:23.320Z,2026-05-27T10:18:23.330Z,2026-05-27T10:18:23.330Z
3073,16.7,72.7,137,275,0.6406,0.2297,72.5,2026-05-27T10:18:33.419Z,2026-05-27T10:18:33.428Z,2026-05-27T10:18:33.428Z
3074,17.3,72.7,0,50,0.6719,0.238,72.5,2026-05-27T10:18:43.518Z,2026-05-27T10:18:43.528Z,2026-05-27T10:18:43.528Z
3075,16.8,72.7,137,50,0.6094,0.2311,72.5,2026-05-27T10:18:53.619Z,2026-05-27T10:18:53.630Z,2026-05-27T10:18:53.630Z
3076,17.3,72.7,234,275,0.6094,0.238,72.5,2026-05-27T10:19:03.734Z,2026-05-27T10:19:03.745Z,2026-05-27T10:19:03.745Z
3077,24.1,72.3,137,50,0.4375,0.3333,72.5,2026-05-27T10:19:13.855Z,2026-05-27T10:19:13.864Z,2026-05-27T10:19:13.864Z
3078,18.5,72.3,4006,199.85,1.0938,0.2559,72.5,2026-05-27T10:19:23.946Z,2026-05-27T10:19:23.957Z,2026-05-27T10:19:23.957Z
3079,16.9,72.4,137,50,0.6094,0.2334,72.5,2026-05-27T10:19:34.101Z,2026-05-27T10:19:34.109Z,2026-05-27T10:19:34.109Z
3080,17.1,72.5,0,50,1.0156,0.2359,72.5,2026-05-27T10:19:44.194Z,2026-05-27T10:19:44.203Z,2026-05-27T10:19:44.203Z
3081,17.1,72.5,42,50,0.8125,0.2359,72.5,2026-05-27T10:19:54.292Z,2026-05-27T10:19:54.305Z,2026-05-27T10:19:54.305Z
3082,19.4,72.3,84,50,1.0312,0.2683,72.5,2026-05-27T10:20:04.401Z,2026-05-27T10:20:04.411Z,2026-05-27T10:20:04.411Z
3083,17,72.4,0,50,0.7188,0.2348,72.5,2026-05-27T10:20:14.519Z,2026-05-27T10:20:14.532Z,2026-05-27T10:20:14.532Z
3084,17.8,72.4,0,50,1.1719,0.2459,72.5,2026-05-27T10:20:24.651Z,2026-05-27T10:20:24.660Z,2026-05-27T10:20:24.660Z
3085,16.5,72.4,1582,50,0.5469,0.2279,72.5,2026-05-27T10:20:34.745Z,2026-05-27T10:20:34.755Z,2026-05-27T10:20:34.755Z
3086,17.5,72.4,0,50,0.5625,0.2417,72.5,2026-05-27T10:20:44.833Z,2026-05-27T10:20:44.842Z,2026-05-27T10:20:44.842Z
3087,16.6,72.1,0,50,0.6562,0.2302,72.5,2026-05-27T10:20:54.912Z,2026-05-27T10:20:54.922Z,2026-05-27T10:20:54.922Z
3088,19.4,72.1,509,50,0.625,0.2691,72.5,2026-05-27T10:21:05.008Z,2026-05-27T10:21:05.020Z,2026-05-27T10:21:05.020Z
3089,19.4,72.6,42,50,0.6719,0.2672,72.5,2026-05-27T10:21:15.121Z,2026-05-27T10:21:15.131Z,2026-05-27T10:21:15.131Z
3090,19.2,72.4,691,50,0.5938,0.2652,72.5,2026-05-27T10:21:25.217Z,2026-05-27T10:21:25.229Z,2026-05-27T10:21:25.229Z
3091,16.8,72.4,138,50,0.6562,0.232,72.5,2026-05-27T10:21:35.311Z,2026-05-27T10:21:35.320Z,2026-05-27T10:21:35.320Z
3092,18.5,72.3,0,50,0.6094,0.2559,72.5,2026-05-27T10:21:45.420Z,2026-05-27T10:21:45.429Z,2026-05-27T10:21:45.429Z
3093,16.9,72.3,0,50,0.625,0.2337,72.5,2026-05-27T10:21:55.532Z,2026-05-27T10:21:55.544Z,2026-05-27T10:21:55.544Z
3094,18.7,72.5,138,275,0.5469,0.2579,72.5,2026-05-27T10:22:05.632Z,2026-05-27T10:22:05.642Z,2026-05-27T10:22:05.642Z
3095,17.1,72.5,180,50,0.6094,0.2359,72.5,2026-05-27T10:22:15.737Z,2026-05-27T10:22:15.747Z,2026-05-27T10:22:15.747Z
3096,21.7,72.9,5047,50,0.7344,0.2977,72.5,2026-05-27T10:22:25.835Z,2026-05-27T10:22:25.845Z,2026-05-27T10:22:25.845Z
3097,17,72.9,0,50,0.6719,0.2332,72.5,2026-05-27T10:22:35.926Z,2026-05-27T10:22:35.935Z,2026-05-27T10:22:35.935Z
3098,17.2,72.9,12547,50,0.7031,0.2359,72.5,2026-05-27T10:22:46.030Z,2026-05-27T10:22:46.041Z,2026-05-27T10:22:46.041Z
3099,16.5,72.9,3842,50,0.7188,0.2263,72.5,2026-05-27T10:22:56.128Z,2026-05-27T10:22:56.139Z,2026-05-27T10:22:56.139Z
3100,19.1,72.9,2456,50,0.7188,0.262,72.5,2026-05-27T10:23:06.272Z,2026-05-27T10:23:06.283Z,2026-05-27T10:23:06.283Z
3101,17,73,0,50,0.5938,0.2329,72.5,2026-05-27T10:23:16.373Z,2026-05-27T10:23:16.382Z,2026-05-27T10:23:16.382Z
3102,17.8,72.9,15727,50,0.7344,0.2442,72.5,2026-05-27T10:23:26.491Z,2026-05-27T10:23:26.499Z,2026-05-27T10:23:26.499Z
3103,17.6,72.8,28188,50,0.5938,0.2418,72.5,2026-05-27T10:23:36.598Z,2026-05-27T10:23:36.610Z,2026-05-27T10:23:36.610Z
3104,17.1,72.5,0,50,0.6875,0.2359,72.5,2026-05-27T10:23:46.710Z,2026-05-27T10:23:46.720Z,2026-05-27T10:23:46.720Z
3105,16.6,72.5,42,50,0.6406,0.229,72.5,2026-05-27T10:23:56.813Z,2026-05-27T10:23:56.825Z,2026-05-27T10:23:56.825Z
3106,17,72.5,16586,50,0.5625,0.2345,72.5,2026-05-27T10:24:06.931Z,2026-05-27T10:24:06.943Z,2026-05-27T10:24:06.943Z
3107,19.1,72.9,0,50,1.0469,0.262,72.5,2026-05-27T10:24:17.037Z,2026-05-27T10:24:17.047Z,2026-05-27T10:24:17.047Z
3108,18.3,73,15417,50,0.7656,0.2507,72.5,2026-05-27T10:24:27.133Z,2026-05-27T10:24:27.145Z,2026-05-27T10:24:27.145Z
3109,18,73,0,50,1.125,0.2466,72.5,2026-05-27T10:24:37.288Z,2026-05-27T10:24:37.297Z,2026-05-27T10:24:37.297Z
3110,16.3,72.9,248,50,0.6094,0.2236,72.5,2026-05-27T10:24:47.387Z,2026-05-27T10:24:47.396Z,2026-05-27T10:24:47.396Z
3111,18.1,72.7,387,50,0.6094,0.249,72.5,2026-05-27T10:24:57.481Z,2026-05-27T10:24:57.492Z,2026-05-27T10:24:57.492Z
3112,17,72.6,0,50,0.7031,0.2342,72.5,2026-05-27T10:25:07.600Z,2026-05-27T10:25:07.610Z,2026-05-27T10:25:07.610Z
3113,19.8,73,0,50,0.6562,0.2712,72.5,2026-05-27T10:25:17.683Z,2026-05-27T10:25:17.692Z,2026-05-27T10:25:17.692Z
3114,17.3,73,3306,50,0.7344,0.237,72.5,2026-05-27T10:25:27.790Z,2026-05-27T10:25:27.827Z,2026-05-27T10:25:27.827Z
3115,20.5,73,54,50,0.625,0.2808,72.5,2026-05-27T10:25:37.880Z,2026-05-27T10:25:37.890Z,2026-05-27T10:25:37.890Z
3116,17.2,72.9,18327,50,1.0469,0.2359,72.5,2026-05-27T10:25:48.057Z,2026-05-27T10:25:48.066Z,2026-05-27T10:25:48.066Z
3117,16.2,72.9,4080,50,0.7188,0.2222,72.5,2026-05-27T10:25:58.149Z,2026-05-27T10:25:58.159Z,2026-05-27T10:25:58.159Z
3118,18.4,72.9,581,162.5,1.1406,0.2524,72.5,2026-05-27T10:26:08.264Z,2026-05-27T10:26:08.273Z,2026-05-27T10:26:08.273Z
3119,16.8,73,138,50,0.6094,0.2301,72.5,2026-05-27T10:26:18.377Z,2026-05-27T10:26:18.386Z,2026-05-27T10:26:18.386Z
3120,18.5,73,872,50,0.6719,0.2534,72.5,2026-05-27T10:26:28.476Z,2026-05-27T10:26:28.488Z,2026-05-27T10:26:28.488Z
3121,18.5,73,386,50,0.7031,0.2534,72.5,2026-05-27T10:26:38.597Z,2026-05-27T10:26:38.606Z,2026-05-27T10:26:38.606Z
3122,17.4,73,248,50,0.7656,0.2384,72.5,2026-05-27T10:26:48.716Z,2026-05-27T10:26:48.727Z,2026-05-27T10:26:48.727Z
3123,17,72.8,71,275,0.7031,0.2335,72.5,2026-05-27T10:26:58.851Z,2026-05-27T10:26:58.862Z,2026-05-27T10:26:58.862Z
3124,19.7,73.1,9517,50,1.1562,0.2695,72.5,2026-05-27T10:27:08.929Z,2026-05-27T10:27:08.939Z,2026-05-27T10:27:08.939Z
3125,19.1,73,0,50,1.1719,0.2616,72.5,2026-05-27T10:27:19.076Z,2026-05-27T10:27:19.085Z,2026-05-27T10:27:19.085Z
3126,17,73,0,50,0.5938,0.2329,72.5,2026-05-27T10:27:29.172Z,2026-05-27T10:27:29.182Z,2026-05-27T10:27:29.182Z
3127,18.9,72.9,0,162.5,0.6406,0.2593,72.5,2026-05-27T10:27:39.283Z,2026-05-27T10:27:39.293Z,2026-05-27T10:27:39.293Z
3128,16.9,72.9,0,50,0.625,0.2318,72.5,2026-05-27T10:27:49.393Z,2026-05-27T10:27:49.403Z,2026-05-27T10:27:49.403Z
3129,18.7,72.9,136,50,0.6562,0.2565,72.5,2026-05-27T10:27:59.533Z,2026-05-27T10:27:59.543Z,2026-05-27T10:27:59.543Z
3130,17.7,72.9,1243,450.05,0.6875,0.2428,72.5,2026-05-27T10:28:09.771Z,2026-05-27T10:28:09.783Z,2026-05-27T10:28:09.783Z
3131,17.9,72.8,0,50,0.625,0.2459,72.5,2026-05-27T10:28:19.864Z,2026-05-27T10:28:19.875Z,2026-05-27T10:28:19.875Z
3132,19,72.9,10282,50,0.6562,0.2606,72.5,2026-05-27T10:28:30.016Z,2026-05-27T10:28:30.028Z,2026-05-27T10:28:30.028Z
3133,19.2,73,635,50,0.5781,0.263,72.5,2026-05-27T10:28:40.158Z,2026-05-27T10:28:40.167Z,2026-05-27T10:28:40.167Z
3134,17.3,73,405,50,0.6094,0.237,72.5,2026-05-27T10:28:50.284Z,2026-05-27T10:28:50.293Z,2026-05-27T10:28:50.293Z
3135,18.2,73,0,50,0.6875,0.2493,72.5,2026-05-27T10:29:00.425Z,2026-05-27T10:29:00.435Z,2026-05-27T10:29:00.435Z
3136,18.6,73,3856,50,0.75,0.2548,72.5,2026-05-27T10:29:10.518Z,2026-05-27T10:29:10.527Z,2026-05-27T10:29:10.527Z
3137,17.1,73,1290,50,0.625,0.2342,72.5,2026-05-27T10:29:20.648Z,2026-05-27T10:29:20.661Z,2026-05-27T10:29:20.661Z
3138,19.9,73,0,50,1.1094,0.2726,72.5,2026-05-27T10:29:30.794Z,2026-05-27T10:29:30.803Z,2026-05-27T10:29:30.803Z
3139,18,73,0,50,0.6875,0.2466,72.5,2026-05-27T10:29:40.915Z,2026-05-27T10:29:40.926Z,2026-05-27T10:29:40.926Z
3140,17.4,72.9,0,50,0.6719,0.2387,72.5,2026-05-27T10:29:51.068Z,2026-05-27T10:29:51.078Z,2026-05-27T10:29:51.078Z
3141,19.9,73.2,6268,500,0.9688,0.2719,72.5,2026-05-27T10:30:01.229Z,2026-05-27T10:30:01.240Z,2026-05-27T10:30:01.240Z
3142,19.4,73.2,1979,50,0.7188,0.265,72.5,2026-05-27T10:30:11.337Z,2026-05-27T10:30:11.347Z,2026-05-27T10:30:11.347Z
3143,17.8,73.2,2832,50,0.7656,0.2432,72.5,2026-05-27T10:30:21.434Z,2026-05-27T10:30:21.447Z,2026-05-27T10:30:21.447Z
3144,16.8,73.1,0,50,0.6562,0.2298,72.5,2026-05-27T10:30:31.536Z,2026-05-27T10:30:31.548Z,2026-05-27T10:30:31.548Z
3145,18.8,73.1,4109,50,0.7656,0.2572,72.5,2026-05-27T10:30:41.643Z,2026-05-27T10:30:41.654Z,2026-05-27T10:30:41.654Z
3146,17.7,72.9,1330,50,1.0469,0.2428,72.5,2026-05-27T10:30:51.775Z,2026-05-27T10:30:51.785Z,2026-05-27T10:30:51.785Z
3147,17.9,72.9,0,50,0.5625,0.2455,72.5,2026-05-27T10:31:01.952Z,2026-05-27T10:31:01.963Z,2026-05-27T10:31:01.963Z
3148,21.3,73.4,3018,162.5,0.7031,0.2902,72.5,2026-05-27T10:31:12.040Z,2026-05-27T10:31:12.050Z,2026-05-27T10:31:12.050Z
3149,16.2,73.3,0,350.15,0.5469,0.221,72.5,2026-05-27T10:31:22.205Z,2026-05-27T10:31:22.213Z,2026-05-27T10:31:22.213Z
3150,17.4,73.3,0,50,0.5469,0.2374,72.5,2026-05-27T10:31:32.284Z,2026-05-27T10:31:32.292Z,2026-05-27T10:31:32.292Z
3151,19.1,73.3,1129,50,1.0781,0.2606,72.5,2026-05-27T10:31:42.380Z,2026-05-27T10:31:42.390Z,2026-05-27T10:31:42.390Z
3152,17.6,73.3,15418,162.5,0.6875,0.2401,72.5,2026-05-27T10:31:52.549Z,2026-05-27T10:31:52.559Z,2026-05-27T10:31:52.559Z
3153,18,73.3,0,50,0.6094,0.2456,72.5,2026-05-27T10:32:02.652Z,2026-05-27T10:32:02.661Z,2026-05-27T10:32:02.661Z
3154,20.5,73.3,0,350.15,0.625,0.2797,72.5,2026-05-27T10:32:12.752Z,2026-05-27T10:32:12.761Z,2026-05-27T10:32:12.761Z
3155,20.2,73.1,14283,162.5,0.5625,0.2763,72.5,2026-05-27T10:32:22.834Z,2026-05-27T10:32:22.845Z,2026-05-27T10:32:22.845Z
3156,17.8,73.1,358,50,1.0938,0.2435,72.5,2026-05-27T10:32:32.968Z,2026-05-27T10:32:32.977Z,2026-05-27T10:32:32.977Z
3157,17,73.1,0,50,0.5781,0.2326,72.5,2026-05-27T10:32:43.065Z,2026-05-27T10:32:43.074Z,2026-05-27T10:32:43.074Z
3158,19.2,73.1,0,50,0.6406,0.2627,72.5,2026-05-27T10:32:53.164Z,2026-05-27T10:32:53.176Z,2026-05-27T10:32:53.176Z
3159,18.2,73.1,0,50,0.9844,0.249,72.5,2026-05-27T10:33:03.300Z,2026-05-27T10:33:03.311Z,2026-05-27T10:33:03.311Z
3160,18.4,73.1,0,50,0.5938,0.2517,72.5,2026-05-27T10:33:13.415Z,2026-05-27T10:33:13.425Z,2026-05-27T10:33:13.425Z
3161,18.8,73,0,50,0.6406,0.2575,72.5,2026-05-27T10:33:23.544Z,2026-05-27T10:33:23.556Z,2026-05-27T10:33:23.556Z
3162,20.1,73.2,0,199.85,1.0312,0.2746,72.5,2026-05-27T10:33:33.661Z,2026-05-27T10:33:33.669Z,2026-05-27T10:33:33.669Z
3163,17.5,73.2,3353,50,0.7188,0.2391,72.5,2026-05-27T10:33:43.741Z,2026-05-27T10:33:43.752Z,2026-05-27T10:33:43.752Z
3164,18.1,73.2,0,50,0.6875,0.2473,72.5,2026-05-27T10:33:53.883Z,2026-05-27T10:33:53.892Z,2026-05-27T10:33:53.892Z
3165,16.3,73.2,0,50,0.5781,0.2227,72.5,2026-05-27T10:34:04.009Z,2026-05-27T10:34:04.016Z,2026-05-27T10:34:04.016Z
3166,26,73.7,3597,50,1.6406,0.3528,72.5,2026-05-27T10:34:14.102Z,2026-05-27T10:34:14.111Z,2026-05-27T10:34:14.111Z
3167,20.3,72.8,1615,50,0.75,0.2788,72.5,2026-05-27T10:34:24.296Z,2026-05-27T10:34:24.307Z,2026-05-27T10:34:24.307Z
3168,16.7,72.9,358,50,0.7031,0.2291,72.5,2026-05-27T10:34:34.426Z,2026-05-27T10:34:34.436Z,2026-05-27T10:34:34.436Z
3169,19.5,72.9,0,50,0.6875,0.2675,72.5,2026-05-27T10:34:44.571Z,2026-05-27T10:34:44.580Z,2026-05-27T10:34:44.580Z
3170,18.5,72.8,84,50,1.4375,0.2541,72.5,2026-05-27T10:34:54.847Z,2026-05-27T10:34:54.858Z,2026-05-27T10:34:54.858Z
3171,17.3,72.9,139,50,0.6406,0.2373,72.5,2026-05-27T10:35:04.937Z,2026-05-27T10:35:04.947Z,2026-05-27T10:35:04.947Z
3172,18.5,72.9,210,162.5,0.6406,0.2538,72.5,2026-05-27T10:35:15.010Z,2026-05-27T10:35:15.021Z,2026-05-27T10:35:15.021Z
3173,16.1,72.9,0,50,0.625,0.2209,72.5,2026-05-27T10:35:25.137Z,2026-05-27T10:35:25.149Z,2026-05-27T10:35:25.149Z
3174,19.1,72.9,15772,50,0.8281,0.262,72.5,2026-05-27T10:35:35.264Z,2026-05-27T10:35:35.276Z,2026-05-27T10:35:35.276Z
3175,18.1,72.9,0,50,0.7969,0.2483,72.5,2026-05-27T10:35:45.446Z,2026-05-27T10:35:45.457Z,2026-05-27T10:35:45.457Z
3176,17,72.9,0,50,0.5781,0.2332,72.5,2026-05-27T10:35:55.545Z,2026-05-27T10:35:55.556Z,2026-05-27T10:35:55.556Z
3177,18.9,72.9,0,140,0.6875,0.2593,72.5,2026-05-27T10:36:05.642Z,2026-05-27T10:36:05.654Z,2026-05-27T10:36:05.654Z
3178,18.5,72.9,0,50,0.5625,0.2538,72.5,2026-05-27T10:36:15.756Z,2026-05-27T10:36:15.765Z,2026-05-27T10:36:15.765Z
3179,17.5,72.9,0,50,0.6094,0.2401,72.5,2026-05-27T10:36:25.876Z,2026-05-27T10:36:25.885Z,2026-05-27T10:36:25.885Z
3180,18.3,72.9,68,50,0.75,0.251,72.5,2026-05-27T10:36:35.973Z,2026-05-27T10:36:35.982Z,2026-05-27T10:36:35.982Z
3181,17.4,72.9,0,50,0.5469,0.2387,72.5,2026-05-27T10:36:46.048Z,2026-05-27T10:36:46.057Z,2026-05-27T10:36:46.057Z
3182,17.8,73,0,50,0.75,0.2438,72.5,2026-05-27T10:36:56.130Z,2026-05-27T10:36:56.142Z,2026-05-27T10:36:56.142Z
3183,18.1,73.1,358,50,0.7344,0.2476,72.5,2026-05-27T10:37:06.227Z,2026-05-27T10:37:06.239Z,2026-05-27T10:37:06.239Z
3184,19.1,73,5695,50,0.9219,0.2616,72.5,2026-05-27T10:37:16.318Z,2026-05-27T10:37:16.329Z,2026-05-27T10:37:16.329Z
3185,17.6,73,0,50,0.6406,0.2411,72.5,2026-05-27T10:37:26.396Z,2026-05-27T10:37:26.405Z,2026-05-27T10:37:26.405Z
3186,18.3,73,11474,50,0.7812,0.2507,72.5,2026-05-27T10:37:36.474Z,2026-05-27T10:37:36.483Z,2026-05-27T10:37:36.483Z
3187,17.5,73,71,50,0.9531,0.2397,72.5,2026-05-27T10:37:46.546Z,2026-05-27T10:37:46.557Z,2026-05-27T10:37:46.557Z
3188,17.3,73.1,0,50,0.6406,0.2367,72.5,2026-05-27T10:37:56.628Z,2026-05-27T10:37:56.639Z,2026-05-27T10:37:56.639Z
3189,18.2,73.1,137,50,0.8281,0.249,72.5,2026-05-27T10:38:06.732Z,2026-05-27T10:38:06.743Z,2026-05-27T10:38:06.743Z
3190,17.4,73.1,0,50,0.7031,0.238,72.5,2026-05-27T10:38:16.833Z,2026-05-27T10:38:16.844Z,2026-05-27T10:38:16.844Z
3191,18.2,73,21447,350.15,0.5938,0.2493,72.5,2026-05-27T10:38:26.923Z,2026-05-27T10:38:26.933Z,2026-05-27T10:38:26.933Z
3192,18.9,73.1,0,50,1.25,0.2585,72.5,2026-05-27T10:38:37.044Z,2026-05-27T10:38:37.057Z,2026-05-27T10:38:37.057Z
3193,17.3,73.1,248,50,0.7188,0.2367,72.5,2026-05-27T10:38:47.115Z,2026-05-27T10:38:47.124Z,2026-05-27T10:38:47.124Z
3194,18,73.1,4346,50,0.6719,0.2462,72.5,2026-05-27T10:38:57.200Z,2026-05-27T10:38:57.210Z,2026-05-27T10:38:57.210Z
3195,20.3,73.1,0,50,1.0625,0.2777,72.5,2026-05-27T10:39:07.314Z,2026-05-27T10:39:07.323Z,2026-05-27T10:39:07.323Z
3196,17.7,73.1,0,50,0.6094,0.2421,72.5,2026-05-27T10:39:17.406Z,2026-05-27T10:39:17.416Z,2026-05-27T10:39:17.416Z
3197,19,73.1,0,275,0.5781,0.2599,72.5,2026-05-27T10:39:27.505Z,2026-05-27T10:39:27.516Z,2026-05-27T10:39:27.516Z
3198,17.4,73.1,28943,275,0.8125,0.238,72.5,2026-05-27T10:39:37.667Z,2026-05-27T10:39:37.677Z,2026-05-27T10:39:37.677Z
3199,17.5,73.1,209,50,0.5625,0.2394,72.5,2026-05-27T10:39:47.762Z,2026-05-27T10:39:47.771Z,2026-05-27T10:39:47.771Z
3200,18.5,73.2,0,50,1.0938,0.2527,72.5,2026-05-27T10:39:57.850Z,2026-05-27T10:39:57.862Z,2026-05-27T10:39:57.862Z
3201,19.9,73.1,16832,50,0.6719,0.2722,72.5,2026-05-27T10:40:07.976Z,2026-05-27T10:40:07.985Z,2026-05-27T10:40:07.985Z
3202,18.1,73.1,0,50,0.6094,0.2476,72.5,2026-05-27T10:40:18.056Z,2026-05-27T10:40:18.066Z,2026-05-27T10:40:18.066Z
3203,18.1,73.1,0,50,0.6719,0.2476,72.5,2026-05-27T10:40:28.135Z,2026-05-27T10:40:28.148Z,2026-05-27T10:40:28.148Z
3204,18.4,73,948,50,1.2031,0.2521,72.5,2026-05-27T10:40:38.263Z,2026-05-27T10:40:38.277Z,2026-05-27T10:40:38.277Z
3205,17.3,73,1975,50,0.75,0.237,72.5,2026-05-27T10:40:48.367Z,2026-05-27T10:40:48.377Z,2026-05-27T10:40:48.377Z
3206,17.8,73,1396,50,0.5938,0.2438,72.5,2026-05-27T10:40:58.465Z,2026-05-27T10:40:58.476Z,2026-05-27T10:40:58.476Z
3207,17.8,73,696,50,0.5,0.2438,72.5,2026-05-27T10:41:08.578Z,2026-05-27T10:41:08.587Z,2026-05-27T10:41:08.587Z
3208,18.2,73.2,0,50,0.5781,0.2486,72.5,2026-05-27T10:41:18.686Z,2026-05-27T10:41:18.697Z,2026-05-27T10:41:18.697Z
3209,19.6,73.1,3122,275,1.2031,0.2681,72.5,2026-05-27T10:41:28.851Z,2026-05-27T10:41:28.860Z,2026-05-27T10:41:28.860Z
3210,17.7,73,4063,50,0.625,0.2425,72.5,2026-05-27T10:41:38.970Z,2026-05-27T10:41:38.980Z,2026-05-27T10:41:38.980Z
3211,17.3,73.2,0,275,0.5781,0.2363,72.5,2026-05-27T10:41:49.076Z,2026-05-27T10:41:49.085Z,2026-05-27T10:41:49.085Z
3212,17.4,73.1,3881,50,0.7812,0.238,72.5,2026-05-27T10:41:59.198Z,2026-05-27T10:41:59.208Z,2026-05-27T10:41:59.208Z
3213,19,73.1,30703,50,0.9062,0.2599,72.5,2026-05-27T10:42:09.309Z,2026-05-27T10:42:09.319Z,2026-05-27T10:42:09.319Z
3214,18,73.1,0,50,1.2188,0.2462,72.5,2026-05-27T10:42:19.417Z,2026-05-27T10:42:19.429Z,2026-05-27T10:42:19.429Z
3215,16.9,73.1,248,50,0.5781,0.2312,72.5,2026-05-27T10:42:29.520Z,2026-05-27T10:42:29.532Z,2026-05-27T10:42:29.532Z
3216,19,73.1,4138,50,0.6406,0.2599,72.5,2026-05-27T10:42:39.628Z,2026-05-27T10:42:39.640Z,2026-05-27T10:42:39.640Z
3217,16.4,73.1,0,500,0.6094,0.2244,72.5,2026-05-27T10:42:49.745Z,2026-05-27T10:42:49.756Z,2026-05-27T10:42:49.756Z
3218,18.3,73.1,0,50,0.7188,0.2503,72.5,2026-05-27T10:42:59.836Z,2026-05-27T10:42:59.846Z,2026-05-27T10:42:59.846Z
3219,21,73.2,5094,50,1.5156,0.2869,72.5,2026-05-27T10:43:09.913Z,2026-05-27T10:43:09.924Z,2026-05-27T10:43:09.924Z
3220,18.6,73.1,1040,50,0.5938,0.2544,72.5,2026-05-27T10:43:20.015Z,2026-05-27T10:43:20.025Z,2026-05-27T10:43:20.025Z
3221,19.8,73.3,8550,50,0.7344,0.2701,72.5,2026-05-27T10:43:30.125Z,2026-05-27T10:43:30.136Z,2026-05-27T10:43:30.136Z
3222,24.4,73.7,5231,50,0.6562,0.3311,72.5,2026-05-27T10:43:40.244Z,2026-05-27T10:43:40.254Z,2026-05-27T10:43:40.254Z
3223,20.2,73.1,292,275,0.6719,0.2763,72.5,2026-05-27T10:43:50.346Z,2026-05-27T10:43:50.357Z,2026-05-27T10:43:50.357Z
3224,21.1,73.2,84,50,1.6719,0.2883,72.5,2026-05-27T10:44:00.482Z,2026-05-27T10:44:00.490Z,2026-05-27T10:44:00.490Z
3225,28.7,73.5,4205,50,1.0625,0.3905,72.5,2026-05-27T10:44:10.584Z,2026-05-27T10:44:10.593Z,2026-05-27T10:44:10.593Z
3226,20.9,73.4,1324,50,1.2188,0.2847,72.5,2026-05-27T10:44:20.664Z,2026-05-27T10:44:20.676Z,2026-05-27T10:44:20.676Z
3227,19,73.4,31847,50,0.8438,0.2589,72.5,2026-05-27T10:44:30.791Z,2026-05-27T10:44:30.813Z,2026-05-27T10:44:30.813Z
3228,19.4,73.3,4469,50,0.7969,0.2647,72.5,2026-05-27T10:44:40.896Z,2026-05-27T10:44:40.905Z,2026-05-27T10:44:40.905Z
3229,18,73.3,400,50,0.7344,0.2456,72.5,2026-05-27T10:44:51.020Z,2026-05-27T10:44:51.031Z,2026-05-27T10:44:51.031Z
3230,17.3,73.2,50816,50,0.7344,0.2363,72.5,2026-05-27T10:45:01.117Z,2026-05-27T10:45:01.128Z,2026-05-27T10:45:01.128Z
3231,20.3,73.3,4283,50,0.8906,0.2769,72.5,2026-05-27T10:45:11.223Z,2026-05-27T10:45:11.234Z,2026-05-27T10:45:11.234Z
3232,18.4,73.3,3551,275,1.0469,0.251,72.5,2026-05-27T10:45:21.331Z,2026-05-27T10:45:21.342Z,2026-05-27T10:45:21.342Z
3233,18.5,73.3,121,50,0.5938,0.2524,72.5,2026-05-27T10:45:31.457Z,2026-05-27T10:45:31.468Z,2026-05-27T10:45:31.468Z
3234,19,73.3,5973,50,0.6562,0.2592,72.5,2026-05-27T10:45:41.573Z,2026-05-27T10:45:41.583Z,2026-05-27T10:45:41.583Z
3235,16.6,73.3,0,50,0.7031,0.2265,72.5,2026-05-27T10:45:51.667Z,2026-05-27T10:45:51.676Z,2026-05-27T10:45:51.676Z
3236,18.5,73.3,294,50,0.625,0.2524,72.5,2026-05-27T10:46:01.772Z,2026-05-27T10:46:01.782Z,2026-05-27T10:46:01.782Z
3237,20.3,73.3,6795,50,1.1875,0.2769,72.5,2026-05-27T10:46:11.980Z,2026-05-27T10:46:11.989Z,2026-05-27T10:46:11.989Z
3238,17.7,73.2,1538,50,0.6406,0.2418,72.5,2026-05-27T10:46:22.058Z,2026-05-27T10:46:22.068Z,2026-05-27T10:46:22.068Z
3239,18.3,73.3,248,50,0.7656,0.2497,72.5,2026-05-27T10:46:32.187Z,2026-05-27T10:46:32.196Z,2026-05-27T10:46:32.196Z
3240,19.3,73.4,22184,50,0.7031,0.2629,72.5,2026-05-27T10:46:42.279Z,2026-05-27T10:46:42.288Z,2026-05-27T10:46:42.288Z
3241,17.4,73.4,0,50,0.5469,0.2371,72.5,2026-05-27T10:46:52.364Z,2026-05-27T10:46:52.373Z,2026-05-27T10:46:52.373Z
3242,16.6,73.4,0,50,0.5625,0.2262,72.5,2026-05-27T10:47:02.458Z,2026-05-27T10:47:02.469Z,2026-05-27T10:47:02.469Z
3243,19.5,73.4,4233,50,0.8438,0.2657,72.5,2026-05-27T10:47:12.558Z,2026-05-27T10:47:12.568Z,2026-05-27T10:47:12.568Z
3244,16.8,73.3,15665,50,0.625,0.2292,72.5,2026-05-27T10:47:22.681Z,2026-05-27T10:47:22.709Z,2026-05-27T10:47:22.709Z
3245,19.8,73.3,0,410,0.5469,0.2701,72.5,2026-05-27T10:47:32.795Z,2026-05-27T10:47:32.805Z,2026-05-27T10:47:32.805Z
3246,18.4,73.3,3100,50,0.7188,0.251,72.5,2026-05-27T10:47:42.912Z,2026-05-27T10:47:42.924Z,2026-05-27T10:47:42.924Z
3247,16.7,73.3,14241,350.15,0.7031,0.2278,72.5,2026-05-27T10:47:53.007Z,2026-05-27T10:47:53.017Z,2026-05-27T10:47:53.017Z
3248,18.3,73.3,0,50,0.6562,0.2497,72.5,2026-05-27T10:48:03.198Z,2026-05-27T10:48:03.211Z,2026-05-27T10:48:03.211Z
3249,21,73.4,3138,50,1.25,0.2861,72.5,2026-05-27T10:48:13.313Z,2026-05-27T10:48:13.325Z,2026-05-27T10:48:13.325Z
3250,17.6,73.3,0,350.15,0.6406,0.2401,72.5,2026-05-27T10:48:23.429Z,2026-05-27T10:48:23.441Z,2026-05-27T10:48:23.441Z
3251,18.9,73.3,0,50,0.8438,0.2578,72.5,2026-05-27T10:48:33.568Z,2026-05-27T10:48:33.577Z,2026-05-27T10:48:33.577Z
3252,18.4,73.3,3179,50,0.5938,0.251,72.5,2026-05-27T10:48:43.677Z,2026-05-27T10:48:43.688Z,2026-05-27T10:48:43.688Z
3253,19.2,73.3,3618,50,0.6406,0.2619,72.5,2026-05-27T10:48:53.782Z,2026-05-27T10:48:53.792Z,2026-05-27T10:48:53.792Z
3254,18.6,73.4,0,50,1.0938,0.2534,72.5,2026-05-27T10:49:03.887Z,2026-05-27T10:49:03.896Z,2026-05-27T10:49:03.896Z
3255,20.2,73.4,5736,275,0.7031,0.2752,72.5,2026-05-27T10:49:14.048Z,2026-05-27T10:49:14.059Z,2026-05-27T10:49:14.059Z
3256,23.6,72.8,1735,50,0.6406,0.3242,72.5,2026-05-27T10:49:24.158Z,2026-05-27T10:49:24.172Z,2026-05-27T10:49:24.172Z
3257,19.1,72.9,358,500,0.9375,0.262,72.5,2026-05-27T10:49:34.344Z,2026-05-27T10:49:34.355Z,2026-05-27T10:49:34.355Z
3258,18.5,72.9,3588,50,0.7344,0.2538,72.5,2026-05-27T10:49:44.441Z,2026-05-27T10:49:44.453Z,2026-05-27T10:49:44.453Z
3259,19.1,72.9,358,50,1.2344,0.262,72.5,2026-05-27T10:49:54.529Z,2026-05-27T10:49:54.539Z,2026-05-27T10:49:54.539Z
3260,17.9,73,0,500,0.6875,0.2452,72.5,2026-05-27T10:50:04.626Z,2026-05-27T10:50:04.637Z,2026-05-27T10:50:04.637Z
3261,19.4,73,782,50,0.7969,0.2658,72.5,2026-05-27T10:50:14.736Z,2026-05-27T10:50:14.746Z,2026-05-27T10:50:14.746Z
3262,19.3,72.9,0,50,1.2812,0.2647,72.5,2026-05-27T10:50:24.824Z,2026-05-27T10:50:24.836Z,2026-05-27T10:50:24.836Z
3263,16.4,72.9,0,50,0.6094,0.225,72.5,2026-05-27T10:50:34.919Z,2026-05-27T10:50:34.929Z,2026-05-27T10:50:34.929Z
3264,19.5,73,437,50,0.6719,0.2671,72.5,2026-05-27T10:50:45.019Z,2026-05-27T10:50:45.030Z,2026-05-27T10:50:45.030Z
3265,16.9,73,15138,50,0.75,0.2315,72.5,2026-05-27T10:50:55.109Z,2026-05-27T10:50:55.120Z,2026-05-27T10:50:55.120Z
3266,21.1,73,437,162.5,0.6406,0.289,72.5,2026-05-27T10:51:05.198Z,2026-05-27T10:51:05.207Z,2026-05-27T10:51:05.207Z
3267,18.8,73,0,50,1.1406,0.2575,72.5,2026-05-27T10:51:15.308Z,2026-05-27T10:51:15.318Z,2026-05-27T10:51:15.318Z
3268,18.4,73,9371,50,0.6875,0.2521,72.5,2026-05-27T10:51:25.397Z,2026-05-27T10:51:25.406Z,2026-05-27T10:51:25.406Z
3269,18.8,73,16992,50,0.5625,0.2575,72.5,2026-05-27T10:51:35.483Z,2026-05-27T10:51:35.491Z,2026-05-27T10:51:35.491Z
3270,19.1,73,10011,50,0.6562,0.2616,72.5,2026-05-27T10:51:45.578Z,2026-05-27T10:51:45.588Z,2026-05-27T10:51:45.588Z
3271,18.2,73,391,199.85,0.6094,0.2493,72.5,2026-05-27T10:51:55.680Z,2026-05-27T10:51:55.688Z,2026-05-27T10:51:55.688Z
3272,19.3,72.8,363,500,1.0312,0.2651,72.5,2026-05-27T10:52:05.851Z,2026-05-27T10:52:05.861Z,2026-05-27T10:52:05.861Z
3273,19.4,73.3,0,50,0.5625,0.2647,72.5,2026-05-27T10:52:15.977Z,2026-05-27T10:52:15.986Z,2026-05-27T10:52:15.986Z
3274,18.3,73.2,108,50,1.0625,0.25,72.5,2026-05-27T10:52:26.097Z,2026-05-27T10:52:26.106Z,2026-05-27T10:52:26.106Z
3275,17,73.2,2122,500,0.625,0.2322,72.5,2026-05-27T10:52:36.217Z,2026-05-27T10:52:36.228Z,2026-05-27T10:52:36.228Z
3276,19.3,73.1,0,50,1.1094,0.264,72.5,2026-05-27T10:52:46.312Z,2026-05-27T10:52:46.323Z,2026-05-27T10:52:46.323Z
3277,17,73.1,358,275,0.6562,0.2326,72.5,2026-05-27T10:52:56.416Z,2026-05-27T10:52:56.426Z,2026-05-27T10:52:56.426Z
3278,17.8,73.1,0,50,1.0625,0.2435,72.5,2026-05-27T10:53:06.560Z,2026-05-27T10:53:06.569Z,2026-05-27T10:53:06.569Z
3279,18.1,73.2,0,500,0.5625,0.2473,72.5,2026-05-27T10:53:16.680Z,2026-05-27T10:53:16.690Z,2026-05-27T10:53:16.690Z
3280,19.4,73.3,16095,50,1.125,0.2647,72.5,2026-05-27T10:53:26.775Z,2026-05-27T10:53:26.783Z,2026-05-27T10:53:26.783Z
3281,19.8,73.6,1230,50,0.5312,0.269,72.5,2026-05-27T10:53:36.868Z,2026-05-27T10:53:36.878Z,2026-05-27T10:53:36.878Z
3282,18.7,73.6,2174,50,0.875,0.2541,72.5,2026-05-27T10:53:46.986Z,2026-05-27T10:53:46.996Z,2026-05-27T10:53:46.996Z
3283,16.6,73.6,860,50,0.5469,0.2255,72.5,2026-05-27T10:53:57.068Z,2026-05-27T10:53:57.078Z,2026-05-27T10:53:57.078Z
3284,18.2,73.6,0,50,0.5312,0.2473,72.5,2026-05-27T10:54:07.145Z,2026-05-27T10:54:07.155Z,2026-05-27T10:54:07.155Z
3285,17.8,73.7,0,50,0.5312,0.2415,72.5,2026-05-27T10:54:17.243Z,2026-05-27T10:54:17.254Z,2026-05-27T10:54:17.254Z
3286,20.3,73.6,3800,50,0.2812,0.2758,72.5,2026-05-27T10:54:27.352Z,2026-05-27T10:54:27.361Z,2026-05-27T10:54:27.361Z
3287,5.4,73.6,0,50,0.1562,0.0734,72.5,2026-05-27T10:54:37.532Z,2026-05-27T10:54:37.545Z,2026-05-27T10:54:37.545Z
3288,11.2,74.2,387,50,0.125,0.1509,72.5,2026-05-27T10:54:47.672Z,2026-05-27T10:54:47.681Z,2026-05-27T10:54:47.681Z
3289,7.8,73.5,6350,50,0.2656,0.1061,72.5,2026-05-27T10:54:57.781Z,2026-05-27T10:54:57.792Z,2026-05-27T10:54:57.792Z
3290,5.3,73.5,765,275,0.0938,0.0721,72.5,2026-05-27T10:55:07.926Z,2026-05-27T10:55:07.936Z,2026-05-27T10:55:07.936Z
3291,5.5,73.4,0,50,0.0312,0.0749,72.5,2026-05-27T10:55:18.042Z,2026-05-27T10:55:18.052Z,2026-05-27T10:55:18.052Z
3292,4.1,73.3,0,162.5,0.0938,0.0559,72.5,2026-05-27T10:55:28.173Z,2026-05-27T10:55:28.182Z,2026-05-27T10:55:28.182Z
3293,5.4,73.3,15136,50,0.1562,0.0737,72.5,2026-05-27T10:55:38.312Z,2026-05-27T10:55:38.321Z,2026-05-27T10:55:38.321Z
3294,4.5,73.3,121,50,0.0625,0.0614,72.5,2026-05-27T10:55:48.428Z,2026-05-27T10:55:48.438Z,2026-05-27T10:55:48.438Z
3295,3,73.3,0,162.5,0.0938,0.0409,72.5,2026-05-27T10:55:58.562Z,2026-05-27T10:55:58.572Z,2026-05-27T10:55:58.572Z
3296,3.1,73.4,138,50,0.1562,0.0422,72.5,2026-05-27T10:56:08.701Z,2026-05-27T10:56:08.710Z,2026-05-27T10:56:08.710Z
3297,7.5,73.4,0,50,0.2656,0.1022,72.5,2026-05-27T10:56:18.821Z,2026-05-27T10:56:18.830Z,2026-05-27T10:56:18.830Z
3298,7.1,73.3,386,50,0.2656,0.0969,72.5,2026-05-27T10:56:28.933Z,2026-05-27T10:56:28.942Z,2026-05-27T10:56:28.942Z
3299,4.5,73.3,0,50,0.2031,0.0614,72.5,2026-05-27T10:56:39.062Z,2026-05-27T10:56:39.072Z,2026-05-27T10:56:39.072Z
3300,6.4,73.3,386,50,0.2656,0.0873,72.5,2026-05-27T10:56:49.185Z,2026-05-27T10:56:49.194Z,2026-05-27T10:56:49.194Z
3301,4.8,73.2,0,50,0.1875,0.0656,72.5,2026-05-27T10:56:59.317Z,2026-05-27T10:56:59.328Z,2026-05-27T10:56:59.328Z
3302,4.4,73.3,1381,50,0.2344,0.06,72.5,2026-05-27T10:57:09.442Z,2026-05-27T10:57:09.451Z,2026-05-27T10:57:09.451Z
3303,4.5,73.3,84,50,0.0938,0.0614,72.5,2026-05-27T10:57:19.556Z,2026-05-27T10:57:19.566Z,2026-05-27T10:57:19.566Z
3304,5.1,73.3,6234,50,0.6094,0.0696,72.5,2026-05-27T10:57:29.650Z,2026-05-27T10:57:29.659Z,2026-05-27T10:57:29.659Z
3305,3.2,73.3,0,275,0.1406,0.0437,72.5,2026-05-27T10:57:39.768Z,2026-05-27T10:57:39.776Z,2026-05-27T10:57:39.776Z
3306,6.4,73.3,517,50,0.2188,0.0873,72.5,2026-05-27T10:57:49.893Z,2026-05-27T10:57:49.902Z,2026-05-27T10:57:49.902Z
3307,5.4,73.3,3156,50,0.2344,0.0737,72.5,2026-05-27T10:58:00.009Z,2026-05-27T10:58:00.030Z,2026-05-27T10:58:00.030Z
3308,5.5,73.4,2541,50,0.5,0.0749,72.5,2026-05-27T10:58:10.145Z,2026-05-27T10:58:10.155Z,2026-05-27T10:58:10.155Z
3309,5.9,73.4,1442,162.5,0.2344,0.0804,72.5,2026-05-27T10:58:20.282Z,2026-05-27T10:58:20.291Z,2026-05-27T10:58:20.291Z
3310,4.9,73.3,1740,50,0.2969,0.0668,72.5,2026-05-27T10:58:30.392Z,2026-05-27T10:58:30.401Z,2026-05-27T10:58:30.401Z
3311,5.9,73.4,54,162.5,0.0469,0.0804,72.5,2026-05-27T10:58:40.513Z,2026-05-27T10:58:40.523Z,2026-05-27T10:58:40.523Z
3312,5.4,73.4,541,50,0.0625,0.0736,72.5,2026-05-27T10:58:50.636Z,2026-05-27T10:58:50.645Z,2026-05-27T10:58:50.645Z
3313,3.2,73.4,0,50,0.125,0.0436,72.5,2026-05-27T10:59:00.769Z,2026-05-27T10:59:00.781Z,2026-05-27T10:59:00.781Z
3314,5.5,73.4,42,162.5,0.2344,0.0749,72.5,2026-05-27T10:59:10.875Z,2026-05-27T10:59:10.885Z,2026-05-27T10:59:10.885Z
3315,5.6,73.4,373,50,0.1094,0.0763,72.5,2026-05-27T10:59:21.021Z,2026-05-27T10:59:21.030Z,2026-05-27T10:59:21.030Z
3316,6.7,73.4,0,50,0.2656,0.0913,72.5,2026-05-27T10:59:31.142Z,2026-05-27T10:59:31.151Z,2026-05-27T10:59:31.151Z
3317,5.1,73.4,0,50,0.0469,0.0695,72.5,2026-05-27T10:59:41.264Z,2026-05-27T10:59:41.273Z,2026-05-27T10:59:41.273Z
3318,3.5,73.4,0,50,0.0625,0.0477,72.5,2026-05-27T10:59:51.506Z,2026-05-27T10:59:51.520Z,2026-05-27T10:59:51.520Z
3319,4,73.4,0,50,0.4531,0.0545,72.5,2026-05-27T11:00:01.645Z,2026-05-27T11:00:01.654Z,2026-05-27T11:00:01.654Z
3320,9.2,73.5,42,50,0.1094,0.1252,72.5,2026-05-27T11:00:11.760Z,2026-05-27T11:00:11.769Z,2026-05-27T11:00:11.769Z
3321,7.2,73.4,42,50,0.6562,0.0981,72.5,2026-05-27T11:00:21.882Z,2026-05-27T11:00:21.893Z,2026-05-27T11:00:21.893Z
3322,4.1,73.4,2186,199.85,0.25,0.0559,72.5,2026-05-27T11:00:32.032Z,2026-05-27T11:00:32.043Z,2026-05-27T11:00:32.043Z
3323,2.5,73.3,0,50,0.0625,0.0341,72.5,2026-05-27T11:00:42.146Z,2026-05-27T11:00:42.155Z,2026-05-27T11:00:42.155Z
3324,3,73.2,0,50,0.0781,0.041,72.5,2026-05-27T11:00:52.365Z,2026-05-27T11:00:52.380Z,2026-05-27T11:00:52.380Z
3325,6.8,72.9,0,162.5,0.0781,0.0933,72.5,2026-05-27T11:01:02.480Z,2026-05-27T11:01:02.490Z,2026-05-27T11:01:02.490Z
3326,8.6,73.4,0,275,0.2344,0.1172,72.5,2026-05-27T11:01:12.679Z,2026-05-27T11:01:12.690Z,2026-05-27T11:01:12.690Z
3327,4.9,73.3,0,500,0.125,0.0668,72.5,2026-05-27T11:01:22.899Z,2026-05-27T11:01:22.915Z,2026-05-27T11:01:22.915Z
3328,4.6,73.3,0,500,0.0781,0.0628,72.5,2026-05-27T11:01:33.093Z,2026-05-27T11:01:33.104Z,2026-05-27T11:01:33.104Z
3329,5.8,73.2,42,50,0.3438,0.0792,72.5,2026-05-27T11:01:43.287Z,2026-05-27T11:01:43.297Z,2026-05-27T11:01:43.297Z
3330,5.1,73.2,2832,162.5,0.0938,0.0697,72.5,2026-05-27T11:01:53.546Z,2026-05-27T11:01:53.563Z,2026-05-27T11:01:53.563Z
3331,4.4,73.3,0,50,0.0938,0.06,72.5,2026-05-27T11:02:03.677Z,2026-05-27T11:02:03.691Z,2026-05-27T11:02:03.691Z
3332,5.8,73.2,0,50,0.2969,0.0792,72.5,2026-05-27T11:02:13.872Z,2026-05-27T11:02:13.891Z,2026-05-27T11:02:13.891Z
3333,3.8,73.1,0,162.5,0.0781,0.052,72.5,2026-05-27T11:02:24.036Z,2026-05-27T11:02:24.049Z,2026-05-27T11:02:24.049Z
3334,5.1,73.1,0,50,0.3594,0.0698,72.5,2026-05-27T11:02:34.173Z,2026-05-27T11:02:34.183Z,2026-05-27T11:02:34.183Z
3335,5,73.1,139,50,0.2188,0.0684,72.5,2026-05-27T11:02:44.333Z,2026-05-27T11:02:44.342Z,2026-05-27T11:02:44.342Z
3336,5,73.1,0,50,0.1875,0.0684,72.5,2026-05-27T11:02:54.464Z,2026-05-27T11:02:54.473Z,2026-05-27T11:02:54.473Z
3337,5.6,73.1,0,50,0.375,0.0766,72.5,2026-05-27T11:03:04.621Z,2026-05-27T11:03:04.632Z,2026-05-27T11:03:04.632Z
3338,8.6,73.2,4002,500,0.5938,0.1175,72.5,2026-05-27T11:03:14.746Z,2026-05-27T11:03:14.756Z,2026-05-27T11:03:14.756Z
3339,4.1,73.2,0,50,0.1875,0.056,72.5,2026-05-27T11:03:24.861Z,2026-05-27T11:03:24.869Z,2026-05-27T11:03:24.869Z
3340,15.6,73.3,224,50,0.2344,0.2128,72.5,2026-05-27T11:03:35.022Z,2026-05-27T11:03:35.031Z,2026-05-27T11:03:35.031Z
3341,6.6,73.2,4208,275,0.1875,0.0902,72.5,2026-05-27T11:03:45.160Z,2026-05-27T11:03:45.170Z,2026-05-27T11:03:45.170Z
3342,5.7,73.2,84,50,0.125,0.0779,72.5,2026-05-27T11:03:55.337Z,2026-05-27T11:03:55.347Z,2026-05-27T11:03:55.347Z
3343,6.7,73.2,319,50,0.2656,0.0915,72.5,2026-05-27T11:04:05.450Z,2026-05-27T11:04:05.460Z,2026-05-27T11:04:05.460Z
3344,7.9,73.3,42,50,0.3281,0.1078,72.5,2026-05-27T11:04:15.596Z,2026-05-27T11:04:15.609Z,2026-05-27T11:04:15.609Z
3345,13.9,72.6,20091,275,0.3594,0.1915,72.5,2026-05-27T11:04:25.770Z,2026-05-27T11:04:25.786Z,2026-05-27T11:04:25.786Z
3346,9.5,72.6,139,50,0.25,0.1309,72.5,2026-05-27T11:04:35.899Z,2026-05-27T11:04:35.908Z,2026-05-27T11:04:35.908Z
3347,5.6,72.6,178,500,0.1719,0.0771,72.5,2026-05-27T11:04:46.107Z,2026-05-27T11:04:46.122Z,2026-05-27T11:04:46.122Z
3348,9.6,72.4,13877,50,0.5938,0.1326,72.5,2026-05-27T11:04:56.357Z,2026-05-27T11:04:56.381Z,2026-05-27T11:04:56.381Z
3349,8.7,72.5,0,162.5,0.375,0.12,72.5,2026-05-27T11:05:06.488Z,2026-05-27T11:05:06.498Z,2026-05-27T11:05:06.498Z
3350,8.6,72.6,121,50,0.3594,0.1185,72.5,2026-05-27T11:05:16.798Z,2026-05-27T11:05:16.820Z,2026-05-27T11:05:16.820Z
3351,10,72.6,15619,50,0.3906,0.1377,72.5,2026-05-27T11:05:26.959Z,2026-05-27T11:05:26.969Z,2026-05-27T11:05:26.969Z
3352,8.2,72.5,0,162.5,0.1562,0.1131,72.5,2026-05-27T11:05:37.083Z,2026-05-27T11:05:37.092Z,2026-05-27T11:05:37.092Z
3353,7.6,72.6,0,50,0.25,0.1047,72.5,2026-05-27T11:05:47.288Z,2026-05-27T11:05:47.308Z,2026-05-27T11:05:47.308Z
3354,9.1,72.6,0,50,0.2031,0.1253,72.5,2026-05-27T11:05:57.465Z,2026-05-27T11:05:57.478Z,2026-05-27T11:05:57.478Z
3355,22.7,72.9,0,50,0.3906,0.3114,72.5,2026-05-27T11:06:07.585Z,2026-05-27T11:06:07.595Z,2026-05-27T11:06:07.595Z
3356,10.4,72.8,0,50,0.5625,0.1429,72.5,2026-05-27T11:06:17.698Z,2026-05-27T11:06:17.707Z,2026-05-27T11:06:17.707Z
3357,10.7,72.7,1842,50,0.3125,0.1472,72.5,2026-05-27T11:06:27.824Z,2026-05-27T11:06:27.837Z,2026-05-27T11:06:27.837Z
3358,9.3,72.7,0,162.5,0.4688,0.1279,72.5,2026-05-27T11:06:37.957Z,2026-05-27T11:06:37.966Z,2026-05-27T11:06:37.966Z
3359,9.4,72.7,319,275,0.4062,0.1293,72.5,2026-05-27T11:06:48.131Z,2026-05-27T11:06:48.141Z,2026-05-27T11:06:48.141Z
3360,8.7,72.7,0,50,0.2031,0.1197,72.5,2026-05-27T11:06:58.251Z,2026-05-27T11:06:58.261Z,2026-05-27T11:06:58.261Z
3361,10.4,72.7,15484,50,0.3594,0.1431,72.5,2026-05-27T11:07:08.371Z,2026-05-27T11:07:08.380Z,2026-05-27T11:07:08.380Z
3362,11.7,72.7,3764,162.5,0.3438,0.1609,72.5,2026-05-27T11:07:18.453Z,2026-05-27T11:07:18.461Z,2026-05-27T11:07:18.461Z
3363,11.4,72.7,0,275,0.3594,0.1568,72.5,2026-05-27T11:07:28.574Z,2026-05-27T11:07:28.583Z,2026-05-27T11:07:28.583Z
3364,9.6,72.7,0,162.5,0.3594,0.132,72.5,2026-05-27T11:07:38.843Z,2026-05-27T11:07:38.852Z,2026-05-27T11:07:38.852Z
3365,10.5,72.7,3444,50,0.4531,0.1444,72.5,2026-05-27T11:07:48.963Z,2026-05-27T11:07:48.973Z,2026-05-27T11:07:48.973Z
3366,11.3,72.7,0,50,0.4688,0.1554,72.5,2026-05-27T11:07:59.081Z,2026-05-27T11:07:59.090Z,2026-05-27T11:07:59.090Z
3367,11.3,72.7,1133,500,0.5156,0.1554,72.5,2026-05-27T11:08:09.185Z,2026-05-27T11:08:09.194Z,2026-05-27T11:08:09.194Z
3368,11.5,72.6,0,50,0.5469,0.1584,72.5,2026-05-27T11:08:19.294Z,2026-05-27T11:08:19.304Z,2026-05-27T11:08:19.304Z
3369,10.4,72.6,619,500,0.3281,0.1433,72.5,2026-05-27T11:08:29.415Z,2026-05-27T11:08:29.425Z,2026-05-27T11:08:29.425Z
3370,11.5,72.6,248,50,0.9688,0.1584,72.5,2026-05-27T11:08:39.550Z,2026-05-27T11:08:39.560Z,2026-05-27T11:08:39.560Z
3371,10.5,72.8,0,275,0.3594,0.1442,72.5,2026-05-27T11:08:49.683Z,2026-05-27T11:08:49.692Z,2026-05-27T11:08:49.692Z
3372,11.6,72.8,0,50,0.2344,0.1593,72.5,2026-05-27T11:08:59.786Z,2026-05-27T11:08:59.795Z,2026-05-27T11:08:59.795Z
3373,11.6,72.8,1753,50,0.4219,0.1593,72.5,2026-05-27T11:09:09.902Z,2026-05-27T11:09:09.912Z,2026-05-27T11:09:09.912Z
3374,13.7,72.7,1017,162.5,0.4062,0.1884,72.5,2026-05-27T11:09:20.009Z,2026-05-27T11:09:20.020Z,2026-05-27T11:09:20.020Z
3375,13.4,72.7,0,50,0.4375,0.1843,72.5,2026-05-27T11:09:30.099Z,2026-05-27T11:09:30.109Z,2026-05-27T11:09:30.109Z
3376,13.6,72.8,558,275,0.4375,0.1868,72.5,2026-05-27T11:09:40.237Z,2026-05-27T11:09:40.250Z,2026-05-27T11:09:40.250Z
3377,11.6,72.8,155,50,0.4062,0.1593,72.5,2026-05-27T11:09:50.337Z,2026-05-27T11:09:50.347Z,2026-05-27T11:09:50.347Z
3378,14.2,72.8,2106,50,0.5781,0.1951,72.5,2026-05-27T11:10:00.461Z,2026-05-27T11:10:00.474Z,2026-05-27T11:10:00.474Z
3379,11.7,72.8,272,50,0.3281,0.1607,72.5,2026-05-27T11:10:10.557Z,2026-05-27T11:10:10.566Z,2026-05-27T11:10:10.566Z
3380,13,72.8,1074,50,0.4844,0.1786,72.5,2026-05-27T11:10:20.673Z,2026-05-27T11:10:20.683Z,2026-05-27T11:10:20.683Z
3381,12.8,72.8,3369,50,0.5312,0.1758,72.5,2026-05-27T11:10:30.785Z,2026-05-27T11:10:30.795Z,2026-05-27T11:10:30.795Z
3382,13.9,72.8,168,50,0.625,0.1909,72.5,2026-05-27T11:10:40.883Z,2026-05-27T11:10:40.892Z,2026-05-27T11:10:40.892Z
3383,12.2,72.7,369,50,0.4844,0.1678,72.5,2026-05-27T11:10:50.968Z,2026-05-27T11:10:50.979Z,2026-05-27T11:10:50.979Z
3384,12.9,72.7,0,50,0.4062,0.1774,72.5,2026-05-27T11:11:01.064Z,2026-05-27T11:11:01.074Z,2026-05-27T11:11:01.074Z
3385,13.2,72.7,0,50,0.9844,0.1816,72.5,2026-05-27T11:11:11.160Z,2026-05-27T11:11:11.170Z,2026-05-27T11:11:11.170Z
3386,12,72.7,0,162.5,0.4219,0.1651,72.5,2026-05-27T11:11:21.244Z,2026-05-27T11:11:21.254Z,2026-05-27T11:11:21.254Z
3387,21.7,72.8,106,50,0.3906,0.2981,72.5,2026-05-27T11:11:31.343Z,2026-05-27T11:11:31.353Z,2026-05-27T11:11:31.353Z
3388,14.3,72.9,0,50,0.5625,0.1962,72.5,2026-05-27T11:11:41.468Z,2026-05-27T11:11:41.477Z,2026-05-27T11:11:41.477Z
3389,14.7,72.8,319,50,0.5,0.2019,72.5,2026-05-27T11:11:51.551Z,2026-05-27T11:11:51.561Z,2026-05-27T11:11:51.561Z
3390,14.5,72.5,4106,50,0.6094,0.2,72.5,2026-05-27T11:12:01.672Z,2026-05-27T11:12:01.684Z,2026-05-27T11:12:01.684Z
3391,16.9,72.9,0,50,0.5781,0.2318,72.5,2026-05-27T11:12:11.783Z,2026-05-27T11:12:11.793Z,2026-05-27T11:12:11.793Z
3392,21.2,72.9,10696,50,0.5312,0.2908,72.5,2026-05-27T11:12:21.861Z,2026-05-27T11:12:21.871Z,2026-05-27T11:12:21.871Z
3393,13.8,72.9,4566,50,0.5312,0.1893,72.5,2026-05-27T11:12:31.983Z,2026-05-27T11:12:31.993Z,2026-05-27T11:12:31.993Z
3394,14.7,72.9,1396,500,0.5625,0.2016,72.5,2026-05-27T11:12:42.093Z,2026-05-27T11:12:42.102Z,2026-05-27T11:12:42.102Z
3395,14.6,72.9,30735,162.5,0.625,0.2003,72.5,2026-05-27T11:12:52.192Z,2026-05-27T11:12:52.201Z,2026-05-27T11:12:52.201Z
3396,16,72.9,1388,50,0.5156,0.2195,72.5,2026-05-27T11:13:02.301Z,2026-05-27T11:13:02.311Z,2026-05-27T11:13:02.311Z
3397,14.4,72.9,15043,50,0.6094,0.1975,72.5,2026-05-27T11:13:12.434Z,2026-05-27T11:13:12.444Z,2026-05-27T11:13:12.444Z
3398,15.7,72.9,0,50,0.5781,0.2154,72.5,2026-05-27T11:13:22.544Z,2026-05-27T11:13:22.556Z,2026-05-27T11:13:22.556Z
3399,18.5,72.9,66,50,0.625,0.2538,72.5,2026-05-27T11:13:32.644Z,2026-05-27T11:13:32.654Z,2026-05-27T11:13:32.654Z
3400,15.6,73,7441,50,0.5938,0.2137,72.5,2026-05-27T11:13:42.751Z,2026-05-27T11:13:42.762Z,2026-05-27T11:13:42.762Z
3401,17.5,73.1,0,50,0.6406,0.2394,72.5,2026-05-27T11:13:52.849Z,2026-05-27T11:13:52.861Z,2026-05-27T11:13:52.861Z
3402,17.2,73.1,0,50,1.0625,0.2353,72.5,2026-05-27T11:14:02.956Z,2026-05-27T11:14:02.968Z,2026-05-27T11:14:02.968Z
3403,20.2,73.3,838,50,0.5312,0.2756,72.5,2026-05-27T11:14:13.082Z,2026-05-27T11:14:13.092Z,2026-05-27T11:14:13.092Z
3404,18.4,72.9,0,50,0.6562,0.2524,72.5,2026-05-27T11:14:23.180Z,2026-05-27T11:14:23.194Z,2026-05-27T11:14:23.194Z
3405,16.6,73,0,50,0.4219,0.2274,72.5,2026-05-27T11:14:33.271Z,2026-05-27T11:14:33.281Z,2026-05-27T11:14:33.281Z
3406,14.5,73,0,50,0.4844,0.1986,72.5,2026-05-27T11:14:43.368Z,2026-05-27T11:14:43.377Z,2026-05-27T11:14:43.377Z
3407,17.7,73.1,0,275,0.9844,0.2421,72.5,2026-05-27T11:14:53.457Z,2026-05-27T11:14:53.468Z,2026-05-27T11:14:53.468Z
3408,15,73.1,19446,50,0.7812,0.2052,72.5,2026-05-27T11:15:03.594Z,2026-05-27T11:15:03.603Z,2026-05-27T11:15:03.603Z
3409,17.7,73.2,6367,50,1.3594,0.2418,72.5,2026-05-27T11:15:13.690Z,2026-05-27T11:15:13.701Z,2026-05-27T11:15:13.701Z
3410,16.6,73.2,0,50,0.7031,0.2268,72.5,2026-05-27T11:15:23.776Z,2026-05-27T11:15:23.785Z,2026-05-27T11:15:23.785Z
3411,16.7,73.1,685,50,0.5938,0.2285,72.5,2026-05-27T11:15:33.893Z,2026-05-27T11:15:33.903Z,2026-05-27T11:15:33.903Z
3412,15.5,73.1,1957,50,0.5625,0.212,72.5,2026-05-27T11:15:44.016Z,2026-05-27T11:15:44.025Z,2026-05-27T11:15:44.025Z
3413,16.4,73.1,0,275,0.5781,0.2244,72.5,2026-05-27T11:15:54.098Z,2026-05-27T11:15:54.107Z,2026-05-27T11:15:54.107Z
3414,17,73.1,0,162.5,0.9844,0.2326,72.5,2026-05-27T11:16:04.193Z,2026-05-27T11:16:04.202Z,2026-05-27T11:16:04.202Z
3415,16.6,73.1,162,50,0.5469,0.2271,72.5,2026-05-27T11:16:14.287Z,2026-05-27T11:16:14.297Z,2026-05-27T11:16:14.297Z
3416,16.4,73,0,50,0.5781,0.2247,72.5,2026-05-27T11:16:24.376Z,2026-05-27T11:16:24.386Z,2026-05-27T11:16:24.386Z
3417,18.2,73.1,0,50,0.5938,0.249,72.5,2026-05-27T11:16:34.462Z,2026-05-27T11:16:34.473Z,2026-05-27T11:16:34.473Z
3418,17.2,73.1,0,50,0.7656,0.2353,72.5,2026-05-27T11:16:44.564Z,2026-05-27T11:16:44.575Z,2026-05-27T11:16:44.575Z
3419,27.4,73.4,0,50,0.7969,0.3733,72.5,2026-05-27T11:16:54.807Z,2026-05-27T11:16:54.817Z,2026-05-27T11:16:54.817Z
3420,18,73.2,0,50,0.7188,0.2459,72.5,2026-05-27T11:17:04.903Z,2026-05-27T11:17:04.913Z,2026-05-27T11:17:04.913Z
3421,18.5,73.2,0,50,1.1719,0.2527,72.5,2026-05-27T11:17:15.108Z,2026-05-27T11:17:15.119Z,2026-05-27T11:17:15.119Z
3422,18.1,73.1,121,50,0.5469,0.2476,72.5,2026-05-27T11:17:25.214Z,2026-05-27T11:17:25.222Z,2026-05-27T11:17:25.222Z
3423,16.7,73.1,138,50,0.6406,0.2285,72.5,2026-05-27T11:17:35.321Z,2026-05-27T11:17:35.332Z,2026-05-27T11:17:35.332Z
3424,17.9,73.1,0,50,1.1875,0.2449,72.5,2026-05-27T11:17:45.517Z,2026-05-27T11:17:45.529Z,2026-05-27T11:17:45.529Z
3425,18.1,73.1,0,50,1.0469,0.2476,72.5,2026-05-27T11:17:55.629Z,2026-05-27T11:17:55.659Z,2026-05-27T11:17:55.659Z
3426,35.5,73.3,138,275,1.0156,0.4843,72.5,2026-05-27T11:18:05.740Z,2026-05-27T11:18:05.751Z,2026-05-27T11:18:05.751Z
3427,17.1,73.2,0,275,0.5469,0.2336,72.5,2026-05-27T11:18:15.885Z,2026-05-27T11:18:15.894Z,2026-05-27T11:18:15.894Z
3428,16.7,73.2,0,50,0.6094,0.2281,72.5,2026-05-27T11:18:26.091Z,2026-05-27T11:18:26.100Z,2026-05-27T11:18:26.100Z
3429,19.5,73.3,13780,50,0.625,0.266,72.5,2026-05-27T11:18:36.176Z,2026-05-27T11:18:36.185Z,2026-05-27T11:18:36.185Z
3430,16.3,73.2,0,500,0.5781,0.2227,72.5,2026-05-27T11:18:46.306Z,2026-05-27T11:18:46.316Z,2026-05-27T11:18:46.316Z
3431,17.9,73.2,0,50,0.6562,0.2445,72.5,2026-05-27T11:18:56.446Z,2026-05-27T11:18:56.458Z,2026-05-27T11:18:56.458Z
3432,17.5,73.2,0,50,0.6094,0.2391,72.5,2026-05-27T11:19:06.588Z,2026-05-27T11:19:06.597Z,2026-05-27T11:19:06.597Z
3433,19.9,73.4,0,275,0.6875,0.2711,72.5,2026-05-27T11:19:16.673Z,2026-05-27T11:19:16.685Z,2026-05-27T11:19:16.685Z
3434,23.6,72.8,0,350.15,0.6094,0.3242,72.5,2026-05-27T11:19:26.816Z,2026-05-27T11:19:26.826Z,2026-05-27T11:19:26.826Z
3435,18.8,72.7,2171,50,0.9062,0.2586,72.5,2026-05-27T11:19:36.972Z,2026-05-27T11:19:36.980Z,2026-05-27T11:19:36.980Z
3436,16.6,72.8,907,50,0.6562,0.228,72.5,2026-05-27T11:19:47.111Z,2026-05-27T11:19:47.121Z,2026-05-27T11:19:47.121Z
3437,20.3,72.6,14813,50,0.7656,0.2796,72.5,2026-05-27T11:19:57.248Z,2026-05-27T11:19:57.258Z,2026-05-27T11:19:57.258Z
3438,17.1,72.7,79487,50,0.6094,0.2352,72.5,2026-05-27T11:20:07.399Z,2026-05-27T11:20:07.408Z,2026-05-27T11:20:07.408Z
3439,17.9,72.8,3884,50,0.625,0.2459,72.5,2026-05-27T11:20:17.492Z,2026-05-27T11:20:17.503Z,2026-05-27T11:20:17.503Z
3440,17.6,72.7,210,50,0.625,0.2421,72.5,2026-05-27T11:20:27.622Z,2026-05-27T11:20:27.632Z,2026-05-27T11:20:27.632Z
3441,17.5,72.7,371,50,0.6406,0.2407,72.5,2026-05-27T11:20:37.708Z,2026-05-27T11:20:37.719Z,2026-05-27T11:20:37.719Z
3442,17.5,72.7,1112,50,1.0781,0.2407,72.5,2026-05-27T11:20:47.829Z,2026-05-27T11:20:47.839Z,2026-05-27T11:20:47.839Z
3443,17.1,72.7,0,275,0.6875,0.2352,72.5,2026-05-27T11:20:57.981Z,2026-05-27T11:20:57.990Z,2026-05-27T11:20:57.990Z
3444,17.9,72.7,138,50,1,0.2462,72.5,2026-05-27T11:21:08.083Z,2026-05-27T11:21:08.094Z,2026-05-27T11:21:08.094Z
3445,17.1,72.8,0,50,0.5469,0.2349,72.5,2026-05-27T11:21:18.210Z,2026-05-27T11:21:18.219Z,2026-05-27T11:21:18.219Z
3446,18.2,72.8,14477,50,0.7188,0.25,72.5,2026-05-27T11:21:28.322Z,2026-05-27T11:21:28.332Z,2026-05-27T11:21:28.332Z
3447,16.4,72.8,42,50,0.7188,0.2253,72.5,2026-05-27T11:21:38.466Z,2026-05-27T11:21:38.477Z,2026-05-27T11:21:38.477Z
3448,17.4,72.8,0,50,0.5938,0.239,72.5,2026-05-27T11:21:48.583Z,2026-05-27T11:21:48.591Z,2026-05-27T11:21:48.591Z
3449,17.7,72.8,14091,50,0.6875,0.2431,72.5,2026-05-27T11:21:58.687Z,2026-05-27T11:21:58.699Z,2026-05-27T11:21:58.699Z
3450,18.3,72.8,731,50,0.6406,0.2514,72.5,2026-05-27T11:22:08.807Z,2026-05-27T11:22:08.816Z,2026-05-27T11:22:08.816Z
3451,17,72.9,0,275,0.5781,0.2332,72.5,2026-05-27T11:22:18.952Z,2026-05-27T11:22:18.962Z,2026-05-27T11:22:18.962Z
3452,22.3,74,248,50,1.7656,0.3014,72.5,2026-05-27T11:22:29.054Z,2026-05-27T11:22:29.067Z,2026-05-27T11:22:29.067Z
3453,25.5,73.1,0,50,0.5781,0.3488,72.5,2026-05-27T11:22:39.137Z,2026-05-27T11:22:39.149Z,2026-05-27T11:22:39.149Z
3454,17.8,73.1,248,50,0.6719,0.2435,72.5,2026-05-27T11:22:49.268Z,2026-05-27T11:22:49.279Z,2026-05-27T11:22:49.279Z
3455,17.7,73.1,0,387.5,0.9219,0.2421,72.5,2026-05-27T11:22:59.374Z,2026-05-27T11:22:59.382Z,2026-05-27T11:22:59.382Z
3456,16.6,73,39758,50,0.7812,0.2274,72.5,2026-05-27T11:23:09.454Z,2026-05-27T11:23:09.467Z,2026-05-27T11:23:09.467Z
3457,19.5,73.1,5061,500,1.3906,0.2668,72.5,2026-05-27T11:23:19.632Z,2026-05-27T11:23:19.642Z,2026-05-27T11:23:19.642Z
3458,18.2,73.2,1436,50,0.5156,0.2486,72.5,2026-05-27T11:23:29.729Z,2026-05-27T11:23:29.739Z,2026-05-27T11:23:29.739Z
3459,19.5,73.2,1527,50,1.25,0.2664,72.5,2026-05-27T11:23:39.842Z,2026-05-27T11:23:39.852Z,2026-05-27T11:23:39.852Z
3460,17.8,72.9,877,50,0.7656,0.2442,72.5,2026-05-27T11:23:49.980Z,2026-05-27T11:23:49.988Z,2026-05-27T11:23:49.988Z
3461,18.4,72.8,136,50,1.0781,0.2527,72.5,2026-05-27T11:24:00.079Z,2026-05-27T11:24:00.089Z,2026-05-27T11:24:00.089Z
3462,18.2,73,2177,50,0.8281,0.2493,72.5,2026-05-27T11:24:10.204Z,2026-05-27T11:24:10.213Z,2026-05-27T11:24:10.213Z
3463,17.6,73,1315,275,0.7656,0.2411,72.5,2026-05-27T11:24:20.374Z,2026-05-27T11:24:20.387Z,2026-05-27T11:24:20.387Z
3464,18.3,73,290,50,0.5625,0.2507,72.5,2026-05-27T11:24:30.498Z,2026-05-27T11:24:30.508Z,2026-05-27T11:24:30.508Z
3465,21.5,73.4,42,50,0.5781,0.2929,72.5,2026-05-27T11:24:40.586Z,2026-05-27T11:24:40.596Z,2026-05-27T11:24:40.596Z
3466,17.2,73.4,402,50,0.6562,0.2343,72.5,2026-05-27T11:24:50.705Z,2026-05-27T11:24:50.715Z,2026-05-27T11:24:50.715Z
3467,17.8,73.4,0,50,0.5625,0.2425,72.5,2026-05-27T11:25:00.796Z,2026-05-27T11:25:00.807Z,2026-05-27T11:25:00.807Z
3468,18.8,73.6,121,275,0.5156,0.2554,72.5,2026-05-27T11:25:10.907Z,2026-05-27T11:25:10.915Z,2026-05-27T11:25:10.915Z
3469,20.4,73.5,61016,50,0.7188,0.2776,72.5,2026-05-27T11:25:21.017Z,2026-05-27T11:25:21.027Z,2026-05-27T11:25:21.027Z
3470,17.6,73.5,0,500,0.6094,0.2395,72.5,2026-05-27T11:25:31.142Z,2026-05-27T11:25:31.156Z,2026-05-27T11:25:31.156Z
3471,18.1,73.4,0,50,0.6875,0.2466,72.5,2026-05-27T11:25:41.280Z,2026-05-27T11:25:41.289Z,2026-05-27T11:25:41.289Z
3472,17,73.4,0,275,0.6562,0.2316,72.5,2026-05-27T11:25:51.364Z,2026-05-27T11:25:51.376Z,2026-05-27T11:25:51.376Z
3473,19.6,73.4,0,50,0.6562,0.267,72.5,2026-05-27T11:26:01.478Z,2026-05-27T11:26:01.488Z,2026-05-27T11:26:01.488Z
3474,18,73.4,0,50,0.6094,0.2452,72.5,2026-05-27T11:26:11.582Z,2026-05-27T11:26:11.592Z,2026-05-27T11:26:11.592Z
3475,18.8,73.4,437,50,0.7031,0.2561,72.5,2026-05-27T11:26:21.694Z,2026-05-27T11:26:21.704Z,2026-05-27T11:26:21.704Z
3476,17.8,73.4,0,50,1.0156,0.2425,72.5,2026-05-27T11:26:31.906Z,2026-05-27T11:26:31.914Z,2026-05-27T11:26:31.914Z
3477,17.7,73.4,248,50,0.7344,0.2411,72.5,2026-05-27T11:26:42.047Z,2026-05-27T11:26:42.058Z,2026-05-27T11:26:42.058Z
3478,18.4,73.1,0,50,1.125,0.2517,72.5,2026-05-27T11:26:52.136Z,2026-05-27T11:26:52.147Z,2026-05-27T11:26:52.147Z
3479,16.4,73.1,0,50,0.6875,0.2244,72.5,2026-05-27T11:27:02.263Z,2026-05-27T11:27:02.277Z,2026-05-27T11:27:02.277Z
3480,20.7,73.5,0,50,0.7188,0.2816,72.5,2026-05-27T11:27:12.361Z,2026-05-27T11:27:12.373Z,2026-05-27T11:27:12.373Z
3481,17.6,73.5,0,50,0.6719,0.2395,72.5,2026-05-27T11:27:22.529Z,2026-05-27T11:27:22.538Z,2026-05-27T11:27:22.538Z
3482,18.9,73.5,0,500,0.5938,0.2571,72.5,2026-05-27T11:27:32.686Z,2026-05-27T11:27:32.696Z,2026-05-27T11:27:32.696Z
3483,17.7,73.4,0,500,0.6719,0.2411,72.5,2026-05-27T11:27:42.781Z,2026-05-27T11:27:42.791Z,2026-05-27T11:27:42.791Z
3484,18.6,73.4,0,50,0.7031,0.2534,72.5,2026-05-27T11:27:52.867Z,2026-05-27T11:27:52.877Z,2026-05-27T11:27:52.877Z
3485,16.8,73.4,917,50,0.6562,0.2289,72.5,2026-05-27T11:28:02.967Z,2026-05-27T11:28:02.978Z,2026-05-27T11:28:02.978Z
3486,18.4,73.4,0,50,0.6562,0.2507,72.5,2026-05-27T11:28:13.068Z,2026-05-27T11:28:13.080Z,2026-05-27T11:28:13.080Z
3487,17.6,73.3,0,50,0.5469,0.2401,72.5,2026-05-27T11:28:23.138Z,2026-05-27T11:28:23.149Z,2026-05-27T11:28:23.149Z
3488,19.4,73.4,4464,50,0.9531,0.2643,72.5,2026-05-27T11:28:33.239Z,2026-05-27T11:28:33.251Z,2026-05-27T11:28:33.251Z
3489,38.2,74,0,50,1.5156,0.5162,72.5,2026-05-27T11:28:43.325Z,2026-05-27T11:28:43.335Z,2026-05-27T11:28:43.335Z
3490,40,74,371,50,1.4688,0.5405,72.5,2026-05-27T11:28:53.438Z,2026-05-27T11:28:53.449Z,2026-05-27T11:28:53.449Z
3491,38.7,74.1,84,50,1.4688,0.5223,72.5,2026-05-27T11:29:03.555Z,2026-05-27T11:29:03.566Z,2026-05-27T11:29:03.566Z
3492,41.1,74.1,14274,275,1.5625,0.5547,72.5,2026-05-27T11:29:13.654Z,2026-05-27T11:29:13.670Z,2026-05-27T11:29:13.670Z
3493,26.1,74.1,2049,50,1.0938,0.3522,72.5,2026-05-27T11:29:23.741Z,2026-05-27T11:29:23.751Z,2026-05-27T11:29:23.751Z
3494,17.9,74.3,371,50,0.5938,0.2409,72.5,2026-05-27T11:29:33.879Z,2026-05-27T11:29:33.889Z,2026-05-27T11:29:33.889Z
3495,18.1,74.4,15047,50,0.625,0.2433,72.5,2026-05-27T11:29:43.992Z,2026-05-27T11:29:44.001Z,2026-05-27T11:29:44.001Z
3496,17.4,74.2,0,50,0.625,0.2345,72.5,2026-05-27T11:29:54.068Z,2026-05-27T11:29:54.080Z,2026-05-27T11:29:54.080Z
3497,18.6,74.3,0,50,0.5469,0.2503,72.5,2026-05-27T11:30:04.192Z,2026-05-27T11:30:04.201Z,2026-05-27T11:30:04.201Z
3498,20.5,74.4,0,50,1.1406,0.2755,72.5,2026-05-27T11:30:14.269Z,2026-05-27T11:30:14.280Z,2026-05-27T11:30:14.280Z
3499,17.3,74.2,0,162.5,0.5781,0.2332,72.5,2026-05-27T11:30:24.352Z,2026-05-27T11:30:24.363Z,2026-05-27T11:30:24.363Z
3500,19.6,74.3,488,50,0.75,0.2638,72.5,2026-05-27T11:30:34.462Z,2026-05-27T11:30:34.472Z,2026-05-27T11:30:34.472Z
3501,17.7,74.3,0,275,0.6094,0.2382,72.5,2026-05-27T11:30:44.552Z,2026-05-27T11:30:44.564Z,2026-05-27T11:30:44.564Z
3502,17.8,74.3,363,50,0.7188,0.2396,72.5,2026-05-27T11:30:54.660Z,2026-05-27T11:30:54.671Z,2026-05-27T11:30:54.671Z
3503,19.1,74.3,3114,50,1,0.2571,72.5,2026-05-27T11:31:04.745Z,2026-05-27T11:31:04.756Z,2026-05-27T11:31:04.756Z
3504,22.6,74.2,0,50,0.6094,0.3046,72.5,2026-05-27T11:31:14.843Z,2026-05-27T11:31:14.856Z,2026-05-27T11:31:14.856Z
3505,19.3,74.1,0,50,0.5938,0.2605,72.5,2026-05-27T11:31:24.962Z,2026-05-27T11:31:24.974Z,2026-05-27T11:31:24.974Z
3506,17.8,74.1,3733,50,0.7969,0.2402,72.5,2026-05-27T11:31:35.075Z,2026-05-27T11:31:35.085Z,2026-05-27T11:31:35.085Z
3507,19,74.2,2147,50,0.6562,0.2561,72.5,2026-05-27T11:31:45.149Z,2026-05-27T11:31:45.161Z,2026-05-27T11:31:45.161Z
3508,18.1,74.1,121,50,1.0625,0.2443,72.5,2026-05-27T11:31:55.243Z,2026-05-27T11:31:55.254Z,2026-05-27T11:31:55.254Z
3509,17.1,73.9,139,50,0.7344,0.2314,72.5,2026-05-27T11:32:05.338Z,2026-05-27T11:32:05.349Z,2026-05-27T11:32:05.349Z
3510,20.5,74.3,0,50,0.625,0.2759,72.5,2026-05-27T11:32:15.424Z,2026-05-27T11:32:15.433Z,2026-05-27T11:32:15.433Z
3511,17.6,74.2,319,50,0.5625,0.2372,72.5,2026-05-27T11:32:25.548Z,2026-05-27T11:32:25.559Z,2026-05-27T11:32:25.559Z
3512,18.1,74.2,0,50,0.6406,0.2439,72.5,2026-05-27T11:32:35.632Z,2026-05-27T11:32:35.643Z,2026-05-27T11:32:35.643Z
3513,19.2,74.2,319,50,1.1406,0.2588,72.5,2026-05-27T11:32:45.734Z,2026-05-27T11:32:45.743Z,2026-05-27T11:32:45.743Z
3514,16.9,74.1,0,350.15,0.5469,0.2281,72.5,2026-05-27T11:32:55.886Z,2026-05-27T11:32:55.899Z,2026-05-27T11:32:55.899Z
3515,18.9,73.4,2353,50,1.0469,0.2575,72.5,2026-05-27T11:33:05.974Z,2026-05-27T11:33:05.986Z,2026-05-27T11:33:05.986Z
3516,19.4,73.8,0,275,0.5625,0.2629,72.5,2026-05-27T11:33:16.056Z,2026-05-27T11:33:16.067Z,2026-05-27T11:33:16.067Z
3517,18.9,74,18872,50,0.9219,0.2554,72.5,2026-05-27T11:33:26.171Z,2026-05-27T11:33:26.181Z,2026-05-27T11:33:26.181Z
3518,19,73.9,14192,162.5,1.2031,0.2571,72.5,2026-05-27T11:33:36.277Z,2026-05-27T11:33:36.288Z,2026-05-27T11:33:36.288Z
3519,17.8,73.8,3960,50,0.625,0.2412,72.5,2026-05-27T11:33:46.395Z,2026-05-27T11:33:46.408Z,2026-05-27T11:33:46.408Z
3520,18.3,73.8,4228,50,0.5781,0.248,72.5,2026-05-27T11:33:57.811Z,2026-05-27T11:33:57.825Z,2026-05-27T11:33:57.825Z
3521,17.5,73.8,4405,50,0.7031,0.2371,72.5,2026-05-27T11:34:07.899Z,2026-05-27T11:34:07.907Z,2026-05-27T11:34:07.907Z
3522,19.5,73.8,0,50,0.5938,0.2642,72.5,2026-05-27T11:34:17.983Z,2026-05-27T11:34:17.992Z,2026-05-27T11:34:17.992Z
3523,29.5,74.4,0,50,1.5781,0.3965,72.5,2026-05-27T11:34:28.126Z,2026-05-27T11:34:28.136Z,2026-05-27T11:34:28.136Z
3524,18.6,73.6,4361,50,0.5938,0.2527,72.5,2026-05-27T11:34:38.243Z,2026-05-27T11:34:38.253Z,2026-05-27T11:34:38.253Z
3525,19.1,73.6,0,50,0.6406,0.2595,72.5,2026-05-27T11:34:48.342Z,2026-05-27T11:34:48.353Z,2026-05-27T11:34:48.353Z
3526,20,73.6,0,50,0.9531,0.2717,72.5,2026-05-27T11:34:58.566Z,2026-05-27T11:34:58.581Z,2026-05-27T11:34:58.581Z
3527,17.4,73.7,4220,50,0.6562,0.2361,72.5,2026-05-27T11:35:08.697Z,2026-05-27T11:35:08.708Z,2026-05-27T11:35:08.708Z
3528,19.7,73.8,3056,50,0.7188,0.2669,72.5,2026-05-27T11:35:18.771Z,2026-05-27T11:35:18.782Z,2026-05-27T11:35:18.782Z
3529,17.5,73.7,0,275,0.6094,0.2374,72.5,2026-05-27T11:35:28.857Z,2026-05-27T11:35:28.870Z,2026-05-27T11:35:28.870Z
3530,19.1,73.7,4206,50,0.8281,0.2592,72.5,2026-05-27T11:35:38.967Z,2026-05-27T11:35:38.979Z,2026-05-27T11:35:38.979Z
3531,17.7,73.7,678,50,0.5781,0.2402,72.5,2026-05-27T11:35:49.090Z,2026-05-27T11:35:49.099Z,2026-05-27T11:35:49.099Z
3532,17.1,73.7,0,50,0.625,0.232,72.5,2026-05-27T11:35:59.167Z,2026-05-27T11:35:59.180Z,2026-05-27T11:35:59.180Z
3533,21.2,73.8,12241,50,1.3438,0.2873,72.5,2026-05-27T11:36:09.299Z,2026-05-27T11:36:09.308Z,2026-05-27T11:36:09.308Z
3534,20.2,73.7,0,50,0.5938,0.2741,72.5,2026-05-27T11:36:19.409Z,2026-05-27T11:36:19.418Z,2026-05-27T11:36:19.418Z
3535,17.6,73.8,973,50,0.6406,0.2385,72.5,2026-05-27T11:36:29.505Z,2026-05-27T11:36:29.515Z,2026-05-27T11:36:29.515Z
3536,17.8,73.9,3762,275,0.6719,0.2409,72.5,2026-05-27T11:36:39.625Z,2026-05-27T11:36:39.634Z,2026-05-27T11:36:39.634Z
3537,18.4,73.9,4468,500,0.6562,0.249,72.5,2026-05-27T11:36:49.712Z,2026-05-27T11:36:49.721Z,2026-05-27T11:36:49.721Z
3538,17.4,73.9,304,387.5,0.6406,0.2355,72.5,2026-05-27T11:36:59.830Z,2026-05-27T11:36:59.840Z,2026-05-27T11:36:59.840Z
3539,19.1,73.9,3227,50,0.6406,0.2585,72.5,2026-05-27T11:37:09.914Z,2026-05-27T11:37:09.924Z,2026-05-27T11:37:09.924Z
3540,19.3,73.8,3823,50,0.75,0.2615,72.5,2026-05-27T11:37:20.023Z,2026-05-27T11:37:20.033Z,2026-05-27T11:37:20.033Z
3541,19.2,73.8,0,50,1.1719,0.2602,72.5,2026-05-27T11:37:30.128Z,2026-05-27T11:37:30.137Z,2026-05-27T11:37:30.137Z
3542,16.7,73.8,3149,50,0.7344,0.2263,72.5,2026-05-27T11:37:40.233Z,2026-05-27T11:37:40.243Z,2026-05-27T11:37:40.243Z
3543,18.2,73.8,154,50,0.625,0.2466,72.5,2026-05-27T11:37:50.349Z,2026-05-27T11:37:50.361Z,2026-05-27T11:37:50.361Z
3544,20.2,73.9,10873,50,1.3125,0.2733,72.5,2026-05-27T11:38:00.444Z,2026-05-27T11:38:00.455Z,2026-05-27T11:38:00.455Z
3545,18.7,73.9,3291,50,0.8281,0.253,72.5,2026-05-27T11:38:10.556Z,2026-05-27T11:38:10.566Z,2026-05-27T11:38:10.566Z
3546,19.8,73.8,1388,50,0.8125,0.2683,72.5,2026-05-27T11:38:20.660Z,2026-05-27T11:38:20.672Z,2026-05-27T11:38:20.672Z
3547,20,73.9,7982,50,0.625,0.2706,72.5,2026-05-27T11:38:30.755Z,2026-05-27T11:38:30.765Z,2026-05-27T11:38:30.765Z
3548,18,73.8,923,50,0.8438,0.2439,72.5,2026-05-27T11:38:40.986Z,2026-05-27T11:38:40.995Z,2026-05-27T11:38:40.995Z
3549,19.4,73.8,248,50,0.6719,0.2629,72.5,2026-05-27T11:38:51.116Z,2026-05-27T11:38:51.125Z,2026-05-27T11:38:51.125Z
3550,19.4,73.8,437,50,0.7031,0.2629,72.5,2026-05-27T11:39:01.246Z,2026-05-27T11:39:01.256Z,2026-05-27T11:39:01.256Z
3551,19.7,73.8,2288,500,0.6406,0.2669,72.5,2026-05-27T11:39:11.320Z,2026-05-27T11:39:11.331Z,2026-05-27T11:39:11.331Z
3552,19.5,73.9,358,50,1.1719,0.2639,72.5,2026-05-27T11:39:21.479Z,2026-05-27T11:39:21.491Z,2026-05-27T11:39:21.491Z
3553,20.2,74,0,50,0.625,0.273,72.5,2026-05-27T11:39:31.611Z,2026-05-27T11:39:31.622Z,2026-05-27T11:39:31.622Z
3554,20.1,74,3331,50,0.8281,0.2716,72.5,2026-05-27T11:39:41.726Z,2026-05-27T11:39:41.737Z,2026-05-27T11:39:41.737Z
3555,17.8,73.8,2989,50,0.6719,0.2412,72.5,2026-05-27T11:39:51.823Z,2026-05-27T11:39:51.834Z,2026-05-27T11:39:51.834Z
3556,18.6,73.8,0,50,0.6094,0.252,72.5,2026-05-27T11:40:01.950Z,2026-05-27T11:40:01.961Z,2026-05-27T11:40:01.961Z
3557,21.7,73.4,74533,50,0.75,0.2956,72.5,2026-05-27T11:40:12.049Z,2026-05-27T11:40:12.060Z,2026-05-27T11:40:12.060Z
3558,19.7,73.2,3787,50,0.7031,0.2691,72.5,2026-05-27T11:40:22.187Z,2026-05-27T11:40:22.199Z,2026-05-27T11:40:22.199Z
3559,18.6,73.1,1125,50,1.0625,0.2544,72.5,2026-05-27T11:40:32.289Z,2026-05-27T11:40:32.300Z,2026-05-27T11:40:32.300Z
3560,16.9,73.1,0,50,0.6562,0.2312,72.5,2026-05-27T11:40:42.397Z,2026-05-27T11:40:42.406Z,2026-05-27T11:40:42.406Z
3561,18.4,73.1,438,50,0.6562,0.2517,72.5,2026-05-27T11:40:52.484Z,2026-05-27T11:40:52.492Z,2026-05-27T11:40:52.492Z
3562,41.5,73.9,4550680,50,1.7344,0.5616,72.5,2026-05-27T11:41:02.635Z,2026-05-27T11:41:02.653Z,2026-05-27T11:41:02.653Z
3563,76.4,74.5,438,500,2.9688,1.0255,72.5,2026-05-27T11:41:12.828Z,2026-05-27T11:41:12.861Z,2026-05-27T11:41:12.861Z
3564,71.1,74.8,0,50,1.0625,0.9505,72.5,2026-05-27T11:41:22.930Z,2026-05-27T11:41:22.940Z,2026-05-27T11:41:22.940Z
3565,20.2,74.6,214,50,0.7031,0.2708,72.5,2026-05-27T11:41:33.038Z,2026-05-27T11:41:33.048Z,2026-05-27T11:41:33.048Z
3566,20.6,73.8,42,50,0.7031,0.2791,72.5,2026-05-27T11:41:43.164Z,2026-05-27T11:41:43.176Z,2026-05-27T11:41:43.176Z
3567,18.6,73.7,139,50,0.6719,0.2524,72.5,2026-05-27T11:41:53.255Z,2026-05-27T11:41:53.266Z,2026-05-27T11:41:53.266Z
3568,17.8,73.8,0,50,0.7031,0.2412,72.5,2026-05-27T11:42:03.351Z,2026-05-27T11:42:03.364Z,2026-05-27T11:42:03.364Z
3569,20.2,73.7,438,162.5,0.6406,0.2741,72.5,2026-05-27T11:42:13.497Z,2026-05-27T11:42:13.507Z,2026-05-27T11:42:13.507Z
3570,16.9,73.5,84,162.5,0.6406,0.2299,72.5,2026-05-27T11:42:23.616Z,2026-05-27T11:42:23.626Z,2026-05-27T11:42:23.626Z
3571,19.4,73.6,10674,50,0.7344,0.2636,72.5,2026-05-27T11:42:33.701Z,2026-05-27T11:42:33.711Z,2026-05-27T11:42:33.711Z
3572,18.3,73.5,84,50,1.0625,0.249,72.5,2026-05-27T11:42:43.796Z,2026-05-27T11:42:43.804Z,2026-05-27T11:42:43.804Z
3573,17.4,73.5,437,50,0.6719,0.2367,72.5,2026-05-27T11:42:53.912Z,2026-05-27T11:42:53.921Z,2026-05-27T11:42:53.921Z
3574,19.3,73.5,0,50,0.625,0.2626,72.5,2026-05-27T11:43:04.025Z,2026-05-27T11:43:04.035Z,2026-05-27T11:43:04.035Z
3575,18.6,73.6,0,50,0.5938,0.2527,72.5,2026-05-27T11:43:14.119Z,2026-05-27T11:43:14.128Z,2026-05-27T11:43:14.128Z
3576,17.7,73.5,0,350.15,0.6875,0.2408,72.5,2026-05-27T11:43:24.227Z,2026-05-27T11:43:24.236Z,2026-05-27T11:43:24.236Z
3577,25.6,75.1,61297,500,2.5469,0.3409,72.5,2026-05-27T11:43:34.367Z,2026-05-27T11:43:34.387Z,2026-05-27T11:43:34.387Z
3578,27.9,73.9,0,50,1.0156,0.3775,72.5,2026-05-27T11:43:44.450Z,2026-05-27T11:43:44.462Z,2026-05-27T11:43:44.462Z
3579,19.4,73.8,0,50,0.6406,0.2629,72.5,2026-05-27T11:43:54.539Z,2026-05-27T11:43:54.549Z,2026-05-27T11:43:54.549Z
3580,27.5,74.3,121,50,2.375,0.3701,72.5,2026-05-27T11:44:04.679Z,2026-05-27T11:44:04.690Z,2026-05-27T11:44:04.690Z
3581,21.8,73.8,7318,275,0.6406,0.2954,72.5,2026-05-27T11:44:14.795Z,2026-05-27T11:44:14.805Z,2026-05-27T11:44:14.805Z
3582,17.8,73.7,42,50,0.7188,0.2415,72.5,2026-05-27T11:44:24.896Z,2026-05-27T11:44:24.907Z,2026-05-27T11:44:24.907Z
3583,22.7,73.8,20022,50,1.0312,0.3076,72.5,2026-05-27T11:44:34.999Z,2026-05-27T11:44:35.022Z,2026-05-27T11:44:35.022Z
3584,34.9,73.9,20746,50,1.25,0.4723,72.5,2026-05-27T11:44:45.091Z,2026-05-27T11:44:45.103Z,2026-05-27T11:44:45.103Z
3585,32.6,73.9,8405,50,0.7812,0.4411,72.5,2026-05-27T11:44:55.191Z,2026-05-27T11:44:55.207Z,2026-05-27T11:44:55.207Z
3586,19.8,73.9,6963,275,0.5781,0.2679,72.5,2026-05-27T11:45:05.289Z,2026-05-27T11:45:05.299Z,2026-05-27T11:45:05.299Z
3587,19.7,73.9,809,50,0.5781,0.2666,72.5,2026-05-27T11:45:15.377Z,2026-05-27T11:45:15.389Z,2026-05-27T11:45:15.389Z
3588,19.7,73.9,8986,50,1.25,0.2666,72.5,2026-05-27T11:45:25.487Z,2026-05-27T11:45:25.495Z,2026-05-27T11:45:25.495Z
3589,34.5,73.9,7024,50,1.25,0.4668,72.5,2026-05-27T11:45:35.607Z,2026-05-27T11:45:35.617Z,2026-05-27T11:45:35.617Z
3590,18.9,73.9,13954,50,0.5469,0.2558,72.5,2026-05-27T11:45:45.708Z,2026-05-27T11:45:45.718Z,2026-05-27T11:45:45.718Z
3591,18.3,73.9,1715,50,0.7812,0.2476,72.5,2026-05-27T11:45:55.815Z,2026-05-27T11:45:55.824Z,2026-05-27T11:45:55.824Z
3592,18.7,73.9,121,275,0.9844,0.253,72.5,2026-05-27T11:46:05.943Z,2026-05-27T11:46:05.953Z,2026-05-27T11:46:05.953Z
3593,18.3,74.1,17492,50,0.6875,0.247,72.5,2026-05-27T11:46:16.042Z,2026-05-27T11:46:16.053Z,2026-05-27T11:46:16.053Z
3594,24.6,74.1,0,50,1.2969,0.332,72.5,2026-05-27T11:46:26.155Z,2026-05-27T11:46:26.165Z,2026-05-27T11:46:26.165Z
3595,16.9,74,0,50,0.5625,0.2284,72.5,2026-05-27T11:46:36.294Z,2026-05-27T11:46:36.304Z,2026-05-27T11:46:36.304Z
3596,18.9,74,0,50,0.625,0.2554,72.5,2026-05-27T11:46:46.402Z,2026-05-27T11:46:46.411Z,2026-05-27T11:46:46.411Z
3597,17.1,74,0,50,0.6719,0.2311,72.5,2026-05-27T11:46:56.537Z,2026-05-27T11:46:56.546Z,2026-05-27T11:46:56.546Z
3598,18.5,74,0,50,0.6562,0.25,72.5,2026-05-27T11:47:06.676Z,2026-05-27T11:47:06.686Z,2026-05-27T11:47:06.686Z
3599,19.2,74,0,50,1.0625,0.2595,72.5,2026-05-27T11:47:16.785Z,2026-05-27T11:47:16.796Z,2026-05-27T11:47:16.796Z
3600,20.1,73.8,371,50,1.1719,0.2724,72.5,2026-05-27T11:47:26.890Z,2026-05-27T11:47:26.900Z,2026-05-27T11:47:26.900Z
3601,18.2,73.8,1037,275,0.5625,0.2466,72.5,2026-05-27T11:47:36.985Z,2026-05-27T11:47:36.996Z,2026-05-27T11:47:36.996Z
3602,17.4,73.8,1003,50,0.5938,0.2358,72.5,2026-05-27T11:47:47.077Z,2026-05-27T11:47:47.087Z,2026-05-27T11:47:47.087Z
3603,19.3,73.9,137,275,0.6094,0.2612,72.5,2026-05-27T11:47:57.156Z,2026-05-27T11:47:57.170Z,2026-05-27T11:47:57.170Z
3604,18.8,73.9,3726,350.15,1.2344,0.2544,72.5,2026-05-27T11:48:07.268Z,2026-05-27T11:48:07.280Z,2026-05-27T11:48:07.280Z
3605,17.7,73.9,137,50,0.625,0.2395,72.5,2026-05-27T11:48:17.368Z,2026-05-27T11:48:17.380Z,2026-05-27T11:48:17.380Z
3606,19.4,73.9,1454,50,0.7344,0.2625,72.5,2026-05-27T11:48:27.487Z,2026-05-27T11:48:27.497Z,2026-05-27T11:48:27.497Z
3607,17.9,74,0,50,0.625,0.2419,72.5,2026-05-27T11:48:37.593Z,2026-05-27T11:48:37.602Z,2026-05-27T11:48:37.602Z
3608,18.4,74,248,140,0.6094,0.2486,72.5,2026-05-27T11:48:47.705Z,2026-05-27T11:48:47.715Z,2026-05-27T11:48:47.715Z
3609,17.3,74,0,500,0.9375,0.2338,72.5,2026-05-27T11:48:57.809Z,2026-05-27T11:48:57.818Z,2026-05-27T11:48:57.818Z
3610,16.9,74,138,50,0.5781,0.2284,72.5,2026-05-27T11:49:07.927Z,2026-05-27T11:49:07.935Z,2026-05-27T11:49:07.935Z
3611,19.4,74.1,0,50,0.6719,0.2618,72.5,2026-05-27T11:49:18.021Z,2026-05-27T11:49:18.031Z,2026-05-27T11:49:18.031Z
3612,18.6,74,0,50,0.7969,0.2514,72.5,2026-05-27T11:49:28.111Z,2026-05-27T11:49:28.120Z,2026-05-27T11:49:28.120Z
3613,24.7,73.5,0,199.85,0.5312,0.3361,72.5,2026-05-27T11:49:38.215Z,2026-05-27T11:49:38.226Z,2026-05-27T11:49:38.226Z
3614,19.1,73.3,0,350.15,1.2812,0.2606,72.5,2026-05-27T11:49:48.371Z,2026-05-27T11:49:48.382Z,2026-05-27T11:49:48.382Z
3615,20.4,73.6,0,50,0.6875,0.2772,72.5,2026-05-27T11:49:58.485Z,2026-05-27T11:49:58.496Z,2026-05-27T11:49:58.496Z
3616,19,73.6,0,50,0.6406,0.2582,72.5,2026-05-27T11:50:08.590Z,2026-05-27T11:50:08.600Z,2026-05-27T11:50:08.600Z
3617,19.3,73.8,980,50,0.625,0.2615,72.5,2026-05-27T11:50:18.710Z,2026-05-27T11:50:18.718Z,2026-05-27T11:50:18.718Z
3618,19.8,73.6,0,50,0.6719,0.269,72.5,2026-05-27T11:50:28.801Z,2026-05-27T11:50:28.813Z,2026-05-27T11:50:28.813Z
3619,17.4,73.7,2018,50,0.7969,0.2361,72.5,2026-05-27T11:50:38.896Z,2026-05-27T11:50:38.909Z,2026-05-27T11:50:38.909Z
3620,20,73.8,248,50,0.6875,0.271,72.5,2026-05-27T11:50:49.015Z,2026-05-27T11:50:49.025Z,2026-05-27T11:50:49.025Z
3621,20.5,73.7,121,50,1.1406,0.2782,72.5,2026-05-27T11:50:59.135Z,2026-05-27T11:50:59.146Z,2026-05-27T11:50:59.146Z
3622,18.2,73.7,3543,50,0.8438,0.2469,72.5,2026-05-27T11:51:09.241Z,2026-05-27T11:51:09.255Z,2026-05-27T11:51:09.255Z
3623,18.1,73.7,0,50,1.0469,0.2456,72.5,2026-05-27T11:51:19.382Z,2026-05-27T11:51:19.392Z,2026-05-27T11:51:19.392Z
3624,18.6,73.7,0,50,0.6562,0.2524,72.5,2026-05-27T11:51:29.489Z,2026-05-27T11:51:29.498Z,2026-05-27T11:51:29.498Z
3625,17.3,73.7,0,50,1.1094,0.2347,72.5,2026-05-27T11:51:39.688Z,2026-05-27T11:51:39.698Z,2026-05-27T11:51:39.698Z
3626,17.5,73.7,0,50,0.5781,0.2374,72.5,2026-05-27T11:51:49.801Z,2026-05-27T11:51:49.810Z,2026-05-27T11:51:49.810Z
3627,18.8,73.7,136,50,1.0156,0.2551,72.5,2026-05-27T11:51:59.992Z,2026-05-27T11:52:00.013Z,2026-05-27T11:52:00.013Z
3628,18.5,73.8,0,50,0.5781,0.2507,72.5,2026-05-27T11:52:10.096Z,2026-05-27T11:52:10.106Z,2026-05-27T11:52:10.106Z
3629,19.9,73.8,0,50,1.25,0.2696,72.5,2026-05-27T11:52:20.195Z,2026-05-27T11:52:20.204Z,2026-05-27T11:52:20.204Z
3630,18.3,73.8,0,50,0.6719,0.248,72.5,2026-05-27T11:52:30.299Z,2026-05-27T11:52:30.308Z,2026-05-27T11:52:30.308Z
3631,18.5,73.8,2034,50,1.1875,0.2507,72.5,2026-05-27T11:52:40.456Z,2026-05-27T11:52:40.466Z,2026-05-27T11:52:40.466Z
3632,16.8,73.8,4031,50,0.6719,0.2276,72.5,2026-05-27T11:52:50.585Z,2026-05-27T11:52:50.593Z,2026-05-27T11:52:50.593Z
3633,18.8,73.8,0,50,0.8906,0.2547,72.5,2026-05-27T11:53:00.689Z,2026-05-27T11:53:00.698Z,2026-05-27T11:53:00.698Z
3634,18.3,73.8,0,50,0.6094,0.248,72.5,2026-05-27T11:53:10.781Z,2026-05-27T11:53:10.790Z,2026-05-27T11:53:10.790Z
3635,17.7,73.7,730,275,0.5781,0.2402,72.5,2026-05-27T11:53:20.871Z,2026-05-27T11:53:20.884Z,2026-05-27T11:53:20.884Z
3636,19.9,73.9,318,50,0.7031,0.2693,72.5,2026-05-27T11:53:30.970Z,2026-05-27T11:53:30.982Z,2026-05-27T11:53:30.982Z
3637,19.4,73.9,84,50,0.5625,0.2625,72.5,2026-05-27T11:53:41.096Z,2026-05-27T11:53:41.105Z,2026-05-27T11:53:41.105Z
3638,17,73.9,318,162.5,0.5781,0.23,72.5,2026-05-27T11:53:51.184Z,2026-05-27T11:53:51.193Z,2026-05-27T11:53:51.193Z
3639,19.7,73.9,13879,50,0.6562,0.2666,72.5,2026-05-27T11:54:01.298Z,2026-05-27T11:54:01.306Z,2026-05-27T11:54:01.306Z
3640,18,73.9,1222,275,0.625,0.2436,72.5,2026-05-27T11:54:11.379Z,2026-05-27T11:54:11.388Z,2026-05-27T11:54:11.388Z
3641,18.8,73.9,0,50,0.6562,0.2544,72.5,2026-05-27T11:54:21.468Z,2026-05-27T11:54:21.478Z,2026-05-27T11:54:21.478Z
3642,14.1,73.8,248,50,0.25,0.1911,72.5,2026-05-27T11:54:31.592Z,2026-05-27T11:54:31.601Z,2026-05-27T11:54:31.601Z
3643,11.1,74.5,7769,199.85,0.1406,0.149,72.5,2026-05-27T11:54:41.721Z,2026-05-27T11:54:41.731Z,2026-05-27T11:54:41.731Z
3644,5.7,74.5,0,50,0.1719,0.0765,72.5,2026-05-27T11:54:51.841Z,2026-05-27T11:54:51.850Z,2026-05-27T11:54:51.850Z
3645,2.7,74.5,0,50,0.0781,0.0362,72.5,2026-05-27T11:55:01.987Z,2026-05-27T11:55:02.021Z,2026-05-27T11:55:02.021Z
3646,5.9,74.2,0,50,0.1875,0.0795,72.5,2026-05-27T11:55:12.118Z,2026-05-27T11:55:12.130Z,2026-05-27T11:55:12.130Z
3647,5.4,74.2,3071,199.85,0.0938,0.0728,72.5,2026-05-27T11:55:22.238Z,2026-05-27T11:55:22.247Z,2026-05-27T11:55:22.247Z
3648,5.4,74.2,0,50,0.0938,0.0728,72.5,2026-05-27T11:55:32.347Z,2026-05-27T11:55:32.357Z,2026-05-27T11:55:32.357Z
3649,6.7,74.5,1388,199.85,0.1875,0.0899,72.5,2026-05-27T11:55:42.487Z,2026-05-27T11:55:42.497Z,2026-05-27T11:55:42.497Z
3650,4.3,74.7,3845,50,0.2344,0.0576,72.5,2026-05-27T11:55:52.622Z,2026-05-27T11:55:52.631Z,2026-05-27T11:55:52.631Z
3651,4.2,74.7,0,50,0.0781,0.0562,72.5,2026-05-27T11:56:02.736Z,2026-05-27T11:56:02.746Z,2026-05-27T11:56:02.746Z
3652,7.3,74.4,0,162.5,0.1875,0.0981,72.5,2026-05-27T11:56:12.849Z,2026-05-27T11:56:12.859Z,2026-05-27T11:56:12.859Z
3653,6.6,74.3,5549,50,0.4844,0.0888,72.5,2026-05-27T11:56:22.975Z,2026-05-27T11:56:22.984Z,2026-05-27T11:56:22.984Z
3654,6.4,74.3,248,162.5,0.2812,0.0861,72.5,2026-05-27T11:56:33.085Z,2026-05-27T11:56:33.095Z,2026-05-27T11:56:33.095Z
3655,4.9,74.2,0,275,0.2188,0.066,72.5,2026-05-27T11:56:43.214Z,2026-05-27T11:56:43.224Z,2026-05-27T11:56:43.224Z
3656,10,73.8,0,50,0.9062,0.1355,72.5,2026-05-27T11:56:53.338Z,2026-05-27T11:56:53.350Z,2026-05-27T11:56:53.350Z
3657,4.1,73.7,0,275,0.1562,0.0556,72.5,2026-05-27T11:57:03.472Z,2026-05-27T11:57:03.483Z,2026-05-27T11:57:03.483Z
3658,3.1,73.6,0,50,0.125,0.0421,72.5,2026-05-27T11:57:13.604Z,2026-05-27T11:57:13.614Z,2026-05-27T11:57:13.614Z
3659,4.4,73.6,178,50,0.1719,0.0598,72.5,2026-05-27T11:57:23.719Z,2026-05-27T11:57:23.729Z,2026-05-27T11:57:23.729Z
3660,4.4,73.6,0,50,0.0469,0.0598,72.5,2026-05-27T11:57:33.853Z,2026-05-27T11:57:33.864Z,2026-05-27T11:57:33.864Z
3661,5.3,73.7,0,50,0.1719,0.0719,72.5,2026-05-27T11:57:43.969Z,2026-05-27T11:57:43.979Z,2026-05-27T11:57:43.979Z
3662,7,73.7,0,50,0.3125,0.095,72.5,2026-05-27T11:57:54.089Z,2026-05-27T11:57:54.100Z,2026-05-27T11:57:54.100Z
3663,4.6,73.7,0,50,0.1562,0.0624,72.5,2026-05-27T11:58:04.199Z,2026-05-27T11:58:04.210Z,2026-05-27T11:58:04.210Z
3664,2.7,73.7,0,50,0.0625,0.0366,72.5,2026-05-27T11:58:14.318Z,2026-05-27T11:58:14.328Z,2026-05-27T11:58:14.328Z
3665,6.6,73.7,0,50,0.2344,0.0896,72.5,2026-05-27T11:58:24.434Z,2026-05-27T11:58:24.444Z,2026-05-27T11:58:24.444Z
3666,8.1,73.8,0,50,0.8594,0.1098,72.5,2026-05-27T11:58:34.568Z,2026-05-27T11:58:34.579Z,2026-05-27T11:58:34.579Z
3667,6.3,73.8,0,275,0.0938,0.0854,72.5,2026-05-27T11:58:44.689Z,2026-05-27T11:58:44.700Z,2026-05-27T11:58:44.700Z
3668,3.4,73.7,0,50,0.1719,0.0461,72.5,2026-05-27T11:58:54.821Z,2026-05-27T11:58:54.833Z,2026-05-27T11:58:54.833Z
3669,6.7,73.7,0,50,0.2812,0.0909,72.5,2026-05-27T11:59:04.945Z,2026-05-27T11:59:04.956Z,2026-05-27T11:59:04.956Z
3670,7,73.8,0,50,0.1875,0.0949,72.5,2026-05-27T11:59:15.062Z,2026-05-27T11:59:15.071Z,2026-05-27T11:59:15.071Z
3671,8.3,73.6,0,162.5,0.1406,0.1128,72.5,2026-05-27T11:59:25.207Z,2026-05-27T11:59:25.218Z,2026-05-27T11:59:25.218Z
3672,7.6,73.7,3028,50,0.7188,0.1031,72.5,2026-05-27T11:59:35.324Z,2026-05-27T11:59:35.336Z,2026-05-27T11:59:35.336Z
3673,5.5,73.5,822,162.5,0.2344,0.0748,72.5,2026-05-27T11:59:45.464Z,2026-05-27T11:59:45.474Z,2026-05-27T11:59:45.474Z
3674,6.6,73.9,0,50,0.1406,0.0893,72.5,2026-05-27T11:59:55.573Z,2026-05-27T11:59:55.584Z,2026-05-27T11:59:55.584Z
3675,6.6,73.9,0,350.15,0.4688,0.0893,72.5,2026-05-27T12:00:05.732Z,2026-05-27T12:00:05.742Z,2026-05-27T12:00:05.742Z
3676,9,74,87763,275,0.2969,0.1216,72.5,2026-05-27T12:00:15.859Z,2026-05-27T12:00:15.870Z,2026-05-27T12:00:15.870Z
3677,7.9,73.8,438,50,0.3281,0.107,72.5,2026-05-27T12:00:25.985Z,2026-05-27T12:00:25.997Z,2026-05-27T12:00:25.997Z
3678,7.6,73.8,234,50,0.2812,0.103,72.5,2026-05-27T12:00:36.124Z,2026-05-27T12:00:36.135Z,2026-05-27T12:00:36.135Z
3679,9.4,73.8,0,50,0.5312,0.1274,72.5,2026-05-27T12:00:46.241Z,2026-05-27T12:00:46.255Z,2026-05-27T12:00:46.255Z
3680,6.7,73.8,0,50,0.25,0.0908,72.5,2026-05-27T12:00:56.382Z,2026-05-27T12:00:56.395Z,2026-05-27T12:00:56.395Z
3681,9.7,73.8,3862,50,0.6719,0.1314,72.5,2026-05-27T12:01:06.539Z,2026-05-27T12:01:06.549Z,2026-05-27T12:01:06.549Z
3682,7.1,74,138,50,0.4219,0.0959,72.5,2026-05-27T12:01:16.635Z,2026-05-27T12:01:16.646Z,2026-05-27T12:01:16.646Z
3683,8.2,73.9,597,50,0.8281,0.111,72.5,2026-05-27T12:01:26.761Z,2026-05-27T12:01:26.772Z,2026-05-27T12:01:26.772Z
3684,7.2,74,839,50,0.3594,0.0973,72.5,2026-05-27T12:01:36.902Z,2026-05-27T12:01:36.920Z,2026-05-27T12:01:36.920Z
3685,7.5,74,42,50,0.2031,0.1014,72.5,2026-05-27T12:01:47.019Z,2026-05-27T12:01:47.029Z,2026-05-27T12:01:47.029Z
3686,7.5,74,42,50,0.2656,0.1014,72.5,2026-05-27T12:01:57.112Z,2026-05-27T12:01:57.123Z,2026-05-27T12:01:57.123Z
3687,10.4,73.7,0,50,0.2812,0.1411,72.5,2026-05-27T12:02:07.217Z,2026-05-27T12:02:07.230Z,2026-05-27T12:02:07.230Z
3688,11.3,74.1,15261,50,0.4219,0.1525,72.5,2026-05-27T12:02:17.309Z,2026-05-27T12:02:17.321Z,2026-05-27T12:02:17.321Z
3689,10.1,74,0,50,0.1719,0.1365,72.5,2026-05-27T12:02:27.400Z,2026-05-27T12:02:27.412Z,2026-05-27T12:02:27.412Z
3690,12.2,73.9,2199,50,0.2656,0.1651,72.5,2026-05-27T12:02:37.522Z,2026-05-27T12:02:37.533Z,2026-05-27T12:02:37.533Z
3691,9.9,73.8,909,275,0.7188,0.1341,72.5,2026-05-27T12:02:47.653Z,2026-05-27T12:02:47.663Z,2026-05-27T12:02:47.663Z
3692,9.4,73.7,0,50,0.2969,0.1275,72.5,2026-05-27T12:02:57.759Z,2026-05-27T12:02:57.769Z,2026-05-27T12:02:57.769Z
3693,10,73.7,0,50,0.2812,0.1357,72.5,2026-05-27T12:03:07.886Z,2026-05-27T12:03:07.896Z,2026-05-27T12:03:07.896Z
3694,9,73.7,0,50,0.375,0.1221,72.5,2026-05-27T12:03:17.999Z,2026-05-27T12:03:18.011Z,2026-05-27T12:03:18.011Z
3695,11.6,73.8,358,50,0.4688,0.1572,72.5,2026-05-27T12:03:28.134Z,2026-05-27T12:03:28.147Z,2026-05-27T12:03:28.147Z
3696,11.5,73.7,0,50,0.25,0.156,72.5,2026-05-27T12:03:38.288Z,2026-05-27T12:03:38.298Z,2026-05-27T12:03:38.298Z
3697,10.8,73.7,84,50,0.375,0.1465,72.5,2026-05-27T12:03:48.412Z,2026-05-27T12:03:48.424Z,2026-05-27T12:03:48.424Z
3698,9.6,73.8,358,162.5,0.4219,0.1301,72.5,2026-05-27T12:03:58.530Z,2026-05-27T12:03:58.540Z,2026-05-27T12:03:58.540Z
3699,11.4,73.8,3808,50,0.4375,0.1545,72.5,2026-05-27T12:04:08.623Z,2026-05-27T12:04:08.633Z,2026-05-27T12:04:08.633Z
3700,13.2,73.8,0,50,0.5312,0.1789,72.5,2026-05-27T12:04:18.741Z,2026-05-27T12:04:18.752Z,2026-05-27T12:04:18.752Z
3701,12.6,73.6,42,50,0.4375,0.1712,72.5,2026-05-27T12:04:28.826Z,2026-05-27T12:04:28.837Z,2026-05-27T12:04:28.837Z
3702,18.5,73.2,2478,50,0.3594,0.2527,72.5,2026-05-27T12:04:38.929Z,2026-05-27T12:04:38.939Z,2026-05-27T12:04:38.939Z
3703,10.7,73.2,248,162.5,0.75,0.1462,72.5,2026-05-27T12:04:49.048Z,2026-05-27T12:04:49.058Z,2026-05-27T12:04:49.058Z
3704,12.2,73.1,0,50,0.3594,0.1669,72.5,2026-05-27T12:04:59.142Z,2026-05-27T12:04:59.153Z,2026-05-27T12:04:59.153Z
3705,13.3,73.3,3413,50,0.5156,0.1814,72.5,2026-05-27T12:05:09.242Z,2026-05-27T12:05:09.253Z,2026-05-27T12:05:09.253Z
3706,11.4,73.4,371,50,0.4688,0.1553,72.5,2026-05-27T12:05:19.332Z,2026-05-27T12:05:19.344Z,2026-05-27T12:05:19.344Z
3707,12.9,73.4,0,50,0.3125,0.1757,72.5,2026-05-27T12:05:29.427Z,2026-05-27T12:05:29.438Z,2026-05-27T12:05:29.438Z
3708,12.4,73.4,368,50,0.5,0.1689,72.5,2026-05-27T12:05:39.520Z,2026-05-27T12:05:39.534Z,2026-05-27T12:05:39.534Z
3709,12.7,73.4,2114,275,0.3281,0.173,72.5,2026-05-27T12:05:49.640Z,2026-05-27T12:05:49.650Z,2026-05-27T12:05:49.650Z
3710,13.7,73.3,1572,162.5,0.5938,0.1869,72.5,2026-05-27T12:05:59.748Z,2026-05-27T12:05:59.757Z,2026-05-27T12:05:59.757Z
3711,26.8,73.5,16425,162.5,0.4062,0.3646,72.5,2026-05-27T12:06:09.828Z,2026-05-27T12:06:09.838Z,2026-05-27T12:06:09.838Z
3712,14.4,73.6,15034,50,0.5625,0.1957,72.5,2026-05-27T12:06:19.923Z,2026-05-27T12:06:19.933Z,2026-05-27T12:06:19.933Z
3713,13.8,73.5,248,275,0.6406,0.1878,72.5,2026-05-27T12:06:30.116Z,2026-05-27T12:06:30.127Z,2026-05-27T12:06:30.127Z
3714,12.4,73.5,248,50,0.3594,0.1687,72.5,2026-05-27T12:06:40.223Z,2026-05-27T12:06:40.234Z,2026-05-27T12:06:40.234Z
3715,12.8,73.5,0,50,0.4844,0.1741,72.5,2026-05-27T12:06:50.334Z,2026-05-27T12:06:50.344Z,2026-05-27T12:06:50.344Z
3716,13.9,73.5,358,275,0.5,0.1891,72.5,2026-05-27T12:07:00.450Z,2026-05-27T12:07:00.463Z,2026-05-27T12:07:00.463Z
3717,16.7,73.1,0,50,0.5156,0.2285,72.5,2026-05-27T12:07:10.533Z,2026-05-27T12:07:10.544Z,2026-05-27T12:07:10.544Z
3718,14.5,72.9,1422,50,0.4219,0.1989,72.5,2026-05-27T12:07:20.635Z,2026-05-27T12:07:20.647Z,2026-05-27T12:07:20.647Z
3719,14.6,72.9,0,50,0.5,0.2003,72.5,2026-05-27T12:07:30.743Z,2026-05-27T12:07:30.753Z,2026-05-27T12:07:30.753Z
3720,12.8,72.8,0,50,0.4375,0.1758,72.5,2026-05-27T12:07:40.846Z,2026-05-27T12:07:40.856Z,2026-05-27T12:07:40.856Z
3721,14.5,72.8,1561,50,0.6719,0.1992,72.5,2026-05-27T12:07:50.937Z,2026-05-27T12:07:50.947Z,2026-05-27T12:07:50.947Z
3722,13.8,72.8,0,50,0.5781,0.1896,72.5,2026-05-27T12:08:01.020Z,2026-05-27T12:08:01.032Z,2026-05-27T12:08:01.032Z
3723,14.5,72.8,121,50,1.0312,0.1992,72.5,2026-05-27T12:08:11.127Z,2026-05-27T12:08:11.138Z,2026-05-27T12:08:11.138Z
3724,14.3,72.8,18810,50,0.6406,0.1964,72.5,2026-05-27T12:08:21.233Z,2026-05-27T12:08:21.245Z,2026-05-27T12:08:21.245Z
3725,15.1,72.8,248,50,0.5,0.2074,72.5,2026-05-27T12:08:31.340Z,2026-05-27T12:08:31.349Z,2026-05-27T12:08:31.349Z
3726,14.7,73,387,50,0.375,0.2014,72.5,2026-05-27T12:08:41.431Z,2026-05-27T12:08:41.442Z,2026-05-27T12:08:41.442Z
3727,15.4,73,3819,50,0.5625,0.211,72.5,2026-05-27T12:08:51.526Z,2026-05-27T12:08:51.538Z,2026-05-27T12:08:51.538Z
3728,15.9,73,1615,50,0.7344,0.2178,72.5,2026-05-27T12:09:01.636Z,2026-05-27T12:09:01.645Z,2026-05-27T12:09:01.645Z
3729,15.7,73.1,0,162.5,0.4219,0.2148,72.5,2026-05-27T12:09:11.724Z,2026-05-27T12:09:11.737Z,2026-05-27T12:09:11.737Z
3730,15.1,73.1,8142,50,1.0312,0.2066,72.5,2026-05-27T12:09:21.813Z,2026-05-27T12:09:21.826Z,2026-05-27T12:09:21.826Z
3731,16,73.2,0,50,1.0781,0.2186,72.5,2026-05-27T12:09:31.922Z,2026-05-27T12:09:31.932Z,2026-05-27T12:09:31.932Z
3732,16.4,73.3,399,50,0.5938,0.2237,72.5,2026-05-27T12:09:42.053Z,2026-05-27T12:09:42.062Z,2026-05-27T12:09:42.062Z
3733,15.3,73.3,274,50,0.5469,0.2087,72.5,2026-05-27T12:09:52.143Z,2026-05-27T12:09:52.154Z,2026-05-27T12:09:52.154Z
3734,17.3,73.3,14572,50,0.8125,0.236,72.5,2026-05-27T12:10:02.264Z,2026-05-27T12:10:02.274Z,2026-05-27T12:10:02.274Z
3735,15.9,73.4,437,50,0.5625,0.2166,72.5,2026-05-27T12:10:12.364Z,2026-05-27T12:10:12.375Z,2026-05-27T12:10:12.375Z
3736,15,73.4,13897,50,0.5,0.2044,72.5,2026-05-27T12:10:22.446Z,2026-05-27T12:10:22.457Z,2026-05-27T12:10:22.457Z
3737,16.7,73.4,686,50,0.8125,0.2275,72.5,2026-05-27T12:10:32.545Z,2026-05-27T12:10:32.558Z,2026-05-27T12:10:32.558Z
3738,15.4,73.4,0,50,0.625,0.2098,72.5,2026-05-27T12:10:42.639Z,2026-05-27T12:10:42.649Z,2026-05-27T12:10:42.649Z
3739,15.7,73.4,771,500,0.4219,0.2139,72.5,2026-05-27T12:10:52.721Z,2026-05-27T12:10:52.732Z,2026-05-27T12:10:52.732Z
3740,16.2,73.4,468,50,0.7188,0.2207,72.5,2026-05-27T12:11:02.845Z,2026-05-27T12:11:02.855Z,2026-05-27T12:11:02.855Z
3741,15.3,73.4,438,275,0.5156,0.2084,72.5,2026-05-27T12:11:12.961Z,2026-05-27T12:11:12.972Z,2026-05-27T12:11:12.972Z
3742,14.8,73.4,771,50,0.5,0.2016,72.5,2026-05-27T12:11:23.077Z,2026-05-27T12:11:23.087Z,2026-05-27T12:11:23.087Z
3743,25.2,73.5,1279,50,1.2656,0.3429,72.5,2026-05-27T12:11:33.217Z,2026-05-27T12:11:33.229Z,2026-05-27T12:11:33.229Z
3744,16.1,73.5,139,50,0.5625,0.219,72.5,2026-05-27T12:11:43.340Z,2026-05-27T12:11:43.351Z,2026-05-27T12:11:43.351Z
3745,15.4,73.6,4071,50,0.6094,0.2092,72.5,2026-05-27T12:11:53.509Z,2026-05-27T12:11:53.530Z,2026-05-27T12:11:53.530Z
3746,16.2,73.6,106,275,0.5312,0.2201,72.5,2026-05-27T12:12:03.612Z,2026-05-27T12:12:03.623Z,2026-05-27T12:12:03.623Z
3747,16.8,73.6,0,500,0.9844,0.2283,72.5,2026-05-27T12:12:13.773Z,2026-05-27T12:12:13.783Z,2026-05-27T12:12:13.783Z
3748,27.3,74.2,2205,50,0.5312,0.3679,72.5,2026-05-27T12:12:23.890Z,2026-05-27T12:12:23.900Z,2026-05-27T12:12:23.900Z
3749,18.1,74.2,0,50,0.6094,0.2439,72.5,2026-05-27T12:12:34.005Z,2026-05-27T12:12:34.019Z,2026-05-27T12:12:34.019Z
3750,15.8,74.3,0,50,0.5781,0.2127,72.5,2026-05-27T12:12:44.112Z,2026-05-27T12:12:44.123Z,2026-05-27T12:12:44.123Z
3751,17.9,74.2,0,50,0.5938,0.2412,72.5,2026-05-27T12:12:54.263Z,2026-05-27T12:12:54.273Z,2026-05-27T12:12:54.273Z
3752,16.1,74.1,181,50,0.5469,0.2173,72.5,2026-05-27T12:13:04.365Z,2026-05-27T12:13:04.376Z,2026-05-27T12:13:04.376Z
3753,17.1,74,0,50,0.6562,0.2311,72.5,2026-05-27T12:13:14.523Z,2026-05-27T12:13:14.535Z,2026-05-27T12:13:14.535Z
3754,17,73.6,4847,500,0.7031,0.231,72.5,2026-05-27T12:13:24.781Z,2026-05-27T12:13:24.794Z,2026-05-27T12:13:24.794Z
3755,19.6,73.8,84,275,0.5938,0.2656,72.5,2026-05-27T12:13:34.894Z,2026-05-27T12:13:34.904Z,2026-05-27T12:13:34.904Z
3756,15.6,73.8,66,50,0.5938,0.2114,72.5,2026-05-27T12:13:45.012Z,2026-05-27T12:13:45.024Z,2026-05-27T12:13:45.024Z
3757,17.6,73.8,1113,50,0.6406,0.2385,72.5,2026-05-27T12:13:55.142Z,2026-05-27T12:13:55.152Z,2026-05-27T12:13:55.152Z
3758,19,73.8,0,50,0.5625,0.2575,72.5,2026-05-27T12:14:05.241Z,2026-05-27T12:14:05.252Z,2026-05-27T12:14:05.252Z
3759,19.9,74.1,13417,50,0.7188,0.2686,72.5,2026-05-27T12:14:15.390Z,2026-05-27T12:14:15.420Z,2026-05-27T12:14:15.420Z
3760,19.4,74,0,275,0.9531,0.2622,72.5,2026-05-27T12:14:25.531Z,2026-05-27T12:14:25.544Z,2026-05-27T12:14:25.544Z
3761,18.7,74.2,0,50,0.6406,0.252,72.5,2026-05-27T12:14:35.630Z,2026-05-27T12:14:35.641Z,2026-05-27T12:14:35.641Z
3762,16.7,74.2,0,50,0.5469,0.2251,72.5,2026-05-27T12:14:45.707Z,2026-05-27T12:14:45.717Z,2026-05-27T12:14:45.717Z
3763,16.4,74.2,0,50,1.0312,0.221,72.5,2026-05-27T12:14:55.857Z,2026-05-27T12:14:55.866Z,2026-05-27T12:14:55.866Z
3764,17,73.9,3239,50,0.6719,0.23,72.5,2026-05-27T12:15:05.968Z,2026-05-27T12:15:05.981Z,2026-05-27T12:15:05.981Z
3765,18.9,74.4,0,162.5,0.6094,0.254,72.5,2026-05-27T12:15:16.121Z,2026-05-27T12:15:16.131Z,2026-05-27T12:15:16.131Z
3766,19.2,74.2,0,50,1.1094,0.2588,72.5,2026-05-27T12:15:26.299Z,2026-05-27T12:15:26.309Z,2026-05-27T12:15:26.309Z
3767,17.8,74.2,358,50,0.6094,0.2399,72.5,2026-05-27T12:15:36.430Z,2026-05-27T12:15:36.441Z,2026-05-27T12:15:36.441Z
3768,17.9,74.1,0,350.15,0.7188,0.2416,72.5,2026-05-27T12:15:46.582Z,2026-05-27T12:15:46.593Z,2026-05-27T12:15:46.593Z
3769,17.8,74.1,121,50,0.6875,0.2402,72.5,2026-05-27T12:15:56.771Z,2026-05-27T12:15:56.790Z,2026-05-27T12:15:56.790Z
3770,18.1,74.1,190757,387.5,0.9688,0.2443,72.5,2026-05-27T12:16:06.964Z,2026-05-27T12:16:06.975Z,2026-05-27T12:16:06.975Z
3771,19,74.1,0,50,1.0312,0.2564,72.5,2026-05-27T12:16:17.053Z,2026-05-27T12:16:17.062Z,2026-05-27T12:16:17.062Z
3772,16.4,74.1,2832,50,0.625,0.2213,72.5,2026-05-27T12:16:27.160Z,2026-05-27T12:16:27.171Z,2026-05-27T12:16:27.171Z
3773,17.6,74.3,2970,50,0.5781,0.2369,72.5,2026-05-27T12:16:37.249Z,2026-05-27T12:16:37.259Z,2026-05-27T12:16:37.259Z
3774,18,74,3080,50,0.5938,0.2432,72.5,2026-05-27T12:16:47.355Z,2026-05-27T12:16:47.365Z,2026-05-27T12:16:47.365Z
3775,27.5,74.3,2816,50,0.5312,0.3701,72.5,2026-05-27T12:16:57.472Z,2026-05-27T12:16:57.481Z,2026-05-27T12:16:57.481Z
3776,19.3,73.7,4034,50,0.8125,0.2619,72.5,2026-05-27T12:17:07.686Z,2026-05-27T12:17:07.695Z,2026-05-27T12:17:07.695Z
3777,20,74,635,50,0.8594,0.2703,72.5,2026-05-27T12:17:17.796Z,2026-05-27T12:17:17.806Z,2026-05-27T12:17:17.806Z
3778,18.8,73.8,180,350.15,1.0156,0.2547,72.5,2026-05-27T12:17:27.884Z,2026-05-27T12:17:27.894Z,2026-05-27T12:17:27.894Z
3779,16.9,73.9,3292,50,0.5938,0.2287,72.5,2026-05-27T12:17:38.000Z,2026-05-27T12:17:38.016Z,2026-05-27T12:17:38.016Z
3780,18.1,73.8,0,50,0.5625,0.2453,72.5,2026-05-27T12:17:48.091Z,2026-05-27T12:17:48.103Z,2026-05-27T12:17:48.103Z
3781,17.7,73.8,317,50,0.5781,0.2398,72.5,2026-05-27T12:17:58.198Z,2026-05-27T12:17:58.208Z,2026-05-27T12:17:58.208Z
3782,17.2,73.8,0,50,0.6406,0.2331,72.5,2026-05-27T12:18:08.320Z,2026-05-27T12:18:08.332Z,2026-05-27T12:18:08.332Z
3783,17.5,73.8,25746,50,0.7188,0.2371,72.5,2026-05-27T12:18:18.432Z,2026-05-27T12:18:18.444Z,2026-05-27T12:18:18.444Z
3784,16.8,73.8,0,50,0.625,0.2276,72.5,2026-05-27T12:18:28.556Z,2026-05-27T12:18:28.568Z,2026-05-27T12:18:28.568Z
3785,19.6,73.9,537,50,0.6719,0.2652,72.5,2026-05-27T12:18:38.645Z,2026-05-27T12:18:38.656Z,2026-05-27T12:18:38.656Z
3786,16.9,74,4944,50,0.5156,0.2284,72.5,2026-05-27T12:18:48.727Z,2026-05-27T12:18:48.737Z,2026-05-27T12:18:48.737Z
3787,17.4,74,0,50,0.5469,0.2351,72.5,2026-05-27T12:18:58.832Z,2026-05-27T12:18:58.843Z,2026-05-27T12:18:58.843Z
3788,18.1,74,17427,50,0.75,0.2446,72.5,2026-05-27T12:19:08.943Z,2026-05-27T12:19:08.955Z,2026-05-27T12:19:08.955Z
3789,18.2,74,0,50,0.7344,0.2459,72.5,2026-05-27T12:19:19.049Z,2026-05-27T12:19:19.059Z,2026-05-27T12:19:19.059Z
3790,17.4,74,0,50,0.625,0.2351,72.5,2026-05-27T12:19:29.152Z,2026-05-27T12:19:29.161Z,2026-05-27T12:19:29.161Z
3791,27.4,74,0,275,1.5156,0.3703,72.5,2026-05-27T12:19:39.289Z,2026-05-27T12:19:39.298Z,2026-05-27T12:19:39.298Z
3792,21,73.3,2327,50,0.7656,0.2865,72.5,2026-05-27T12:19:49.412Z,2026-05-27T12:19:49.422Z,2026-05-27T12:19:49.422Z
3793,19.9,73.2,136,50,0.6719,0.2719,72.5,2026-05-27T12:19:59.505Z,2026-05-27T12:19:59.517Z,2026-05-27T12:19:59.517Z
3794,18.6,73.2,5119,50,1.3281,0.2541,72.5,2026-05-27T12:20:09.626Z,2026-05-27T12:20:09.637Z,2026-05-27T12:20:09.637Z
3795,17,73.3,88709,50,0.6094,0.2319,72.5,2026-05-27T12:20:19.736Z,2026-05-27T12:20:19.748Z,2026-05-27T12:20:19.748Z
3796,18.4,73.3,1612,50,0.7188,0.251,72.5,2026-05-27T12:20:29.875Z,2026-05-27T12:20:29.884Z,2026-05-27T12:20:29.884Z
3797,18.1,73.4,3423,350.15,0.7656,0.2466,72.5,2026-05-27T12:20:39.975Z,2026-05-27T12:20:39.984Z,2026-05-27T12:20:39.984Z
3798,17.9,73.4,0,275,0.75,0.2439,72.5,2026-05-27T12:20:50.092Z,2026-05-27T12:20:50.101Z,2026-05-27T12:20:50.101Z
3799,17.8,73.4,2009,50,1.2344,0.2425,72.5,2026-05-27T12:21:00.193Z,2026-05-27T12:21:00.202Z,2026-05-27T12:21:00.202Z
3800,18.5,73.5,437,50,0.6094,0.2517,72.5,2026-05-27T12:21:10.285Z,2026-05-27T12:21:10.295Z,2026-05-27T12:21:10.295Z
3801,18.2,73.5,0,50,0.6562,0.2476,72.5,2026-05-27T12:21:20.384Z,2026-05-27T12:21:20.396Z,2026-05-27T12:21:20.396Z
3802,18.6,73.4,437,50,0.6719,0.2534,72.5,2026-05-27T12:21:30.479Z,2026-05-27T12:21:30.488Z,2026-05-27T12:21:30.488Z
3803,18.6,73.4,2133,50,0.7969,0.2534,72.5,2026-05-27T12:21:40.571Z,2026-05-27T12:21:40.580Z,2026-05-27T12:21:40.580Z
3804,17.8,73.5,18000,50,0.6875,0.2422,72.5,2026-05-27T12:21:50.671Z,2026-05-27T12:21:50.681Z,2026-05-27T12:21:50.681Z
3805,17.2,73.4,400,50,0.6406,0.2343,72.5,2026-05-27T12:22:00.803Z,2026-05-27T12:22:00.816Z,2026-05-27T12:22:00.816Z
3806,19.7,73.6,436,50,0.6094,0.2677,72.5,2026-05-27T12:22:10.905Z,2026-05-27T12:22:10.919Z,2026-05-27T12:22:10.919Z
3807,17.7,73.6,0,162.5,0.625,0.2405,72.5,2026-05-27T12:22:20.997Z,2026-05-27T12:22:21.008Z,2026-05-27T12:22:21.008Z
3808,18.9,73.6,376,350.15,0.6406,0.2568,72.5,2026-05-27T12:22:31.120Z,2026-05-27T12:22:31.132Z,2026-05-27T12:22:31.132Z
3809,19.8,73.6,0,50,0.7188,0.269,72.5,2026-05-27T12:22:41.235Z,2026-05-27T12:22:41.248Z,2026-05-27T12:22:41.248Z
3810,18.6,73.6,686,50,0.9531,0.2527,72.5,2026-05-27T12:22:51.334Z,2026-05-27T12:22:51.345Z,2026-05-27T12:22:51.345Z
3811,17.2,73.6,0,50,0.6094,0.2337,72.5,2026-05-27T12:23:01.416Z,2026-05-27T12:23:01.426Z,2026-05-27T12:23:01.426Z
3812,18.7,73.6,372,50,0.6094,0.2541,72.5,2026-05-27T12:23:11.507Z,2026-05-27T12:23:11.518Z,2026-05-27T12:23:11.518Z
3813,17,73.6,159,275,0.5625,0.231,72.5,2026-05-27T12:23:21.633Z,2026-05-27T12:23:21.644Z,2026-05-27T12:23:21.644Z
3814,19.6,73.6,0,50,0.6719,0.2663,72.5,2026-05-27T12:23:31.736Z,2026-05-27T12:23:31.749Z,2026-05-27T12:23:31.749Z
3815,19.4,73.6,0,50,1.1562,0.2636,72.5,2026-05-27T12:23:41.857Z,2026-05-27T12:23:41.868Z,2026-05-27T12:23:41.868Z
3816,17.4,73.6,154,275,0.5625,0.2364,72.5,2026-05-27T12:23:51.949Z,2026-05-27T12:23:51.959Z,2026-05-27T12:23:51.959Z
3817,19.5,73.6,0,50,1.0781,0.2649,72.5,2026-05-27T12:24:02.067Z,2026-05-27T12:24:02.076Z,2026-05-27T12:24:02.076Z
3818,18.6,73.8,121,50,0.625,0.252,72.5,2026-05-27T12:24:12.154Z,2026-05-27T12:24:12.165Z,2026-05-27T12:24:12.165Z
3819,19,73.8,1313,50,0.6094,0.2575,72.5,2026-05-27T12:24:22.247Z,2026-05-27T12:24:22.258Z,2026-05-27T12:24:22.258Z
3820,18.6,73.8,248,199.85,0.6719,0.252,72.5,2026-05-27T12:24:32.346Z,2026-05-27T12:24:32.355Z,2026-05-27T12:24:32.355Z
3821,18.6,73.8,0,275,0.5625,0.252,72.5,2026-05-27T12:24:42.426Z,2026-05-27T12:24:42.436Z,2026-05-27T12:24:42.436Z
3822,17,73.9,3967,50,0.8125,0.23,72.5,2026-05-27T12:24:52.690Z,2026-05-27T12:24:52.700Z,2026-05-27T12:24:52.700Z
3823,17.9,73.9,67,50,0.6094,0.2422,72.5,2026-05-27T12:25:02.780Z,2026-05-27T12:25:02.789Z,2026-05-27T12:25:02.789Z
3824,19,73.9,0,50,1.0156,0.2571,72.5,2026-05-27T12:25:12.887Z,2026-05-27T12:25:12.898Z,2026-05-27T12:25:12.898Z
3825,16.4,73.9,3452,50,0.6875,0.2219,72.5,2026-05-27T12:25:23.006Z,2026-05-27T12:25:23.018Z,2026-05-27T12:25:23.018Z
3826,18.2,73.9,317,50,0.625,0.2463,72.5,2026-05-27T12:25:33.104Z,2026-05-27T12:25:33.117Z,2026-05-27T12:25:33.117Z
3827,17.3,73.9,0,50,0.75,0.2341,72.5,2026-05-27T12:25:43.243Z,2026-05-27T12:25:43.254Z,2026-05-27T12:25:43.254Z
3828,18.8,73.9,317,50,0.75,0.2544,72.5,2026-05-27T12:25:53.337Z,2026-05-27T12:25:53.348Z,2026-05-27T12:25:53.348Z
3829,18.2,73.4,13960,50,0.6094,0.248,72.5,2026-05-27T12:26:03.438Z,2026-05-27T12:26:03.450Z,2026-05-27T12:26:03.450Z
3830,18.3,73.5,2413,50,0.6562,0.249,72.5,2026-05-27T12:26:13.524Z,2026-05-27T12:26:13.536Z,2026-05-27T12:26:13.536Z
3831,17.2,73.5,0,50,0.5781,0.234,72.5,2026-05-27T12:26:23.607Z,2026-05-27T12:26:23.618Z,2026-05-27T12:26:23.618Z
3832,17.9,73.5,84,50,0.625,0.2435,72.5,2026-05-27T12:26:33.743Z,2026-05-27T12:26:33.753Z,2026-05-27T12:26:33.753Z
3833,21,74.1,0,275,1.0312,0.2834,72.5,2026-05-27T12:26:43.875Z,2026-05-27T12:26:43.884Z,2026-05-27T12:26:43.884Z
3834,18.1,74.1,0,50,0.6875,0.2443,72.5,2026-05-27T12:26:53.979Z,2026-05-27T12:26:53.990Z,2026-05-27T12:26:53.990Z
3835,17.7,74.1,0,50,1.1406,0.2389,72.5,2026-05-27T12:27:04.098Z,2026-05-27T12:27:04.109Z,2026-05-27T12:27:04.109Z
3836,18.7,74.2,0,50,0.625,0.252,72.5,2026-05-27T12:27:14.235Z,2026-05-27T12:27:14.246Z,2026-05-27T12:27:14.246Z
3837,20.3,74,0,50,0.7656,0.2743,72.5,2026-05-27T12:27:24.324Z,2026-05-27T12:27:24.334Z,2026-05-27T12:27:24.334Z
3838,17.8,74,0,50,0.6719,0.2405,72.5,2026-05-27T12:27:34.427Z,2026-05-27T12:27:34.442Z,2026-05-27T12:27:34.442Z
3839,19.2,74,71,162.5,0.6562,0.2595,72.5,2026-05-27T12:27:44.526Z,2026-05-27T12:27:44.538Z,2026-05-27T12:27:44.538Z
3840,18.1,73.9,3694,50,0.6875,0.2449,72.5,2026-05-27T12:27:54.630Z,2026-05-27T12:27:54.641Z,2026-05-27T12:27:54.641Z
3841,18.6,73.9,138,50,0.625,0.2517,72.5,2026-05-27T12:28:04.765Z,2026-05-27T12:28:04.776Z,2026-05-27T12:28:04.776Z
3842,18.7,74,0,50,1.0156,0.2527,72.5,2026-05-27T12:28:14.894Z,2026-05-27T12:28:14.904Z,2026-05-27T12:28:14.904Z
3843,17.3,74,3324,275,0.7812,0.2338,72.5,2026-05-27T12:28:25.004Z,2026-05-27T12:28:25.013Z,2026-05-27T12:28:25.013Z
3844,19.4,74,0,50,0.7344,0.2622,72.5,2026-05-27T12:28:35.158Z,2026-05-27T12:28:35.168Z,2026-05-27T12:28:35.168Z
3845,17,74,138,275,0.5469,0.2297,72.5,2026-05-27T12:28:45.236Z,2026-05-27T12:28:45.248Z,2026-05-27T12:28:45.248Z
3846,17.4,74.1,0,50,0.5938,0.2348,72.5,2026-05-27T12:28:55.334Z,2026-05-27T12:28:55.345Z,2026-05-27T12:28:55.345Z
3847,17.8,74.1,138,50,0.625,0.2402,72.5,2026-05-27T12:29:05.455Z,2026-05-27T12:29:05.464Z,2026-05-27T12:29:05.464Z
3848,19.3,74.1,0,50,0.625,0.2605,72.5,2026-05-27T12:29:15.551Z,2026-05-27T12:29:15.562Z,2026-05-27T12:29:15.562Z
3849,20.2,74.1,138,50,1.2812,0.2726,72.5,2026-05-27T12:29:25.733Z,2026-05-27T12:29:25.745Z,2026-05-27T12:29:25.745Z
3850,18,74.1,0,275,0.8438,0.2429,72.5,2026-05-27T12:29:36.065Z,2026-05-27T12:29:36.074Z,2026-05-27T12:29:36.074Z
3851,17.7,74.1,0,50,0.5781,0.2389,72.5,2026-05-27T12:29:46.155Z,2026-05-27T12:29:46.167Z,2026-05-27T12:29:46.167Z
3852,16.8,74.1,0,162.5,0.625,0.2267,72.5,2026-05-27T12:29:56.237Z,2026-05-27T12:29:56.249Z,2026-05-27T12:29:56.249Z
3853,19.3,74.1,703,50,0.6562,0.2605,72.5,2026-05-27T12:30:06.356Z,2026-05-27T12:30:06.375Z,2026-05-27T12:30:06.375Z
3854,21.7,74.1,358,50,0.6406,0.2928,72.5,2026-05-27T12:30:16.465Z,2026-05-27T12:30:16.474Z,2026-05-27T12:30:16.474Z
3855,18.3,74.1,934,50,0.5469,0.247,72.5,2026-05-27T12:30:26.558Z,2026-05-27T12:30:26.571Z,2026-05-27T12:30:26.571Z
3856,17.8,74.1,3024,50,0.6406,0.2402,72.5,2026-05-27T12:30:36.653Z,2026-05-27T12:30:36.666Z,2026-05-27T12:30:36.666Z
3857,17.3,74.1,4163,50,0.6094,0.2335,72.5,2026-05-27T12:30:46.768Z,2026-05-27T12:30:46.779Z,2026-05-27T12:30:46.779Z
3858,19.4,74.1,0,50,0.7031,0.2618,72.5,2026-05-27T12:30:56.899Z,2026-05-27T12:30:56.910Z,2026-05-27T12:30:56.910Z
3859,18.7,74.1,6037,50,1.1562,0.2524,72.5,2026-05-27T12:31:06.989Z,2026-05-27T12:31:07.002Z,2026-05-27T12:31:07.002Z
3860,17.7,74.1,0,50,0.6562,0.2389,72.5,2026-05-27T12:31:17.137Z,2026-05-27T12:31:17.149Z,2026-05-27T12:31:17.149Z
3861,17.6,74,371,50,1.1719,0.2378,72.5,2026-05-27T12:31:27.248Z,2026-05-27T12:31:27.260Z,2026-05-27T12:31:27.260Z
3862,16.9,74.1,3222,50,0.6406,0.2281,72.5,2026-05-27T12:31:37.454Z,2026-05-27T12:31:37.467Z,2026-05-27T12:31:37.467Z
3863,19.6,74.1,0,275,1.0938,0.2645,72.5,2026-05-27T12:31:47.566Z,2026-05-27T12:31:47.577Z,2026-05-27T12:31:47.577Z
3864,16.6,74.1,0,50,0.625,0.224,72.5,2026-05-27T12:31:57.674Z,2026-05-27T12:31:57.717Z,2026-05-27T12:31:57.717Z
3865,19.5,74.1,4360,50,1.25,0.2632,72.5,2026-05-27T12:32:07.769Z,2026-05-27T12:32:07.780Z,2026-05-27T12:32:07.780Z
3866,17.2,74.1,0,50,0.6094,0.2321,72.5,2026-05-27T12:32:17.868Z,2026-05-27T12:32:17.879Z,2026-05-27T12:32:17.879Z
3867,17.1,74,0,50,0.6562,0.2311,72.5,2026-05-27T12:32:27.999Z,2026-05-27T12:32:28.010Z,2026-05-27T12:32:28.010Z
3868,17.4,74.1,3994,50,0.6719,0.2348,72.5,2026-05-27T12:32:38.169Z,2026-05-27T12:32:38.183Z,2026-05-27T12:32:38.183Z
3869,17.5,74.1,248,50,0.5156,0.2362,72.5,2026-05-27T12:32:48.263Z,2026-05-27T12:32:48.275Z,2026-05-27T12:32:48.275Z
3870,18.2,74.2,0,50,0.625,0.2453,72.5,2026-05-27T12:32:58.512Z,2026-05-27T12:32:58.549Z,2026-05-27T12:32:58.549Z
3871,20.1,74.1,7453,500,0.8125,0.2713,72.5,2026-05-27T12:33:08.601Z,2026-05-27T12:33:08.612Z,2026-05-27T12:33:08.612Z
3872,17,74,0,50,0.5938,0.2297,72.5,2026-05-27T12:33:18.715Z,2026-05-27T12:33:18.726Z,2026-05-27T12:33:18.726Z
3873,20,74.1,0,50,0.6406,0.2699,72.5,2026-05-27T12:33:28.827Z,2026-05-27T12:33:28.839Z,2026-05-27T12:33:28.839Z
3874,19.8,74.1,5826,50,1.4375,0.2672,72.5,2026-05-27T12:33:38.963Z,2026-05-27T12:33:38.972Z,2026-05-27T12:33:38.972Z
3875,16.2,74.1,84,50,0.6406,0.2186,72.5,2026-05-27T12:33:49.092Z,2026-05-27T12:33:49.101Z,2026-05-27T12:33:49.101Z
3876,18.8,74.1,0,50,1.0938,0.2537,72.5,2026-05-27T12:33:59.206Z,2026-05-27T12:33:59.219Z,2026-05-27T12:33:59.219Z
3877,18.7,74.1,29737,50,0.9219,0.2524,72.5,2026-05-27T12:34:09.312Z,2026-05-27T12:34:09.323Z,2026-05-27T12:34:09.323Z
3878,18.1,74.1,11292,500,1.0938,0.2443,72.5,2026-05-27T12:34:19.468Z,2026-05-27T12:34:19.478Z,2026-05-27T12:34:19.478Z
3879,17.2,74.1,248,500,0.5156,0.2321,72.5,2026-05-27T12:34:29.576Z,2026-05-27T12:34:29.586Z,2026-05-27T12:34:29.586Z
3880,19.4,74.2,3049,50,1.1406,0.2615,72.5,2026-05-27T12:34:39.706Z,2026-05-27T12:34:39.716Z,2026-05-27T12:34:39.716Z
3881,25,73.9,13404,50,0.625,0.3383,72.5,2026-05-27T12:34:49.798Z,2026-05-27T12:34:49.809Z,2026-05-27T12:34:49.809Z
3882,19.3,73.8,180,350.15,1.0156,0.2615,72.5,2026-05-27T12:34:59.887Z,2026-05-27T12:34:59.897Z,2026-05-27T12:34:59.897Z
3883,18.5,73.8,1623,275,0.875,0.2507,72.5,2026-05-27T12:35:10.097Z,2026-05-27T12:35:10.109Z,2026-05-27T12:35:10.109Z
3884,17.5,73.9,0,50,0.6094,0.2368,72.5,2026-05-27T12:35:20.220Z,2026-05-27T12:35:20.234Z,2026-05-27T12:35:20.234Z
3885,16.5,73.8,0,50,0.6094,0.2236,72.5,2026-05-27T12:35:30.318Z,2026-05-27T12:35:30.331Z,2026-05-27T12:35:30.331Z
3886,18.7,73.6,767,50,1.0469,0.2541,72.5,2026-05-27T12:35:40.432Z,2026-05-27T12:35:40.444Z,2026-05-27T12:35:40.444Z
3887,16.8,73.6,0,50,0.5938,0.2283,72.5,2026-05-27T12:35:50.520Z,2026-05-27T12:35:50.532Z,2026-05-27T12:35:50.532Z
3888,18.3,73.6,0,50,0.75,0.2486,72.5,2026-05-27T12:36:00.636Z,2026-05-27T12:36:00.648Z,2026-05-27T12:36:00.648Z
3889,21.5,74.1,3277,50,1.1094,0.2901,72.5,2026-05-27T12:36:10.736Z,2026-05-27T12:36:10.749Z,2026-05-27T12:36:10.749Z
3890,17.1,74,84,50,0.7188,0.2311,72.5,2026-05-27T12:36:20.853Z,2026-05-27T12:36:20.864Z,2026-05-27T12:36:20.864Z
3891,17.7,73.9,248,50,0.9688,0.2395,72.5,2026-05-27T12:36:30.985Z,2026-05-27T12:36:30.994Z,2026-05-27T12:36:30.994Z
3892,19.8,73.2,4416,500,0.7344,0.2705,72.5,2026-05-27T12:36:41.080Z,2026-05-27T12:36:41.089Z,2026-05-27T12:36:41.089Z
3893,18.7,73.2,248,275,1.1719,0.2555,72.5,2026-05-27T12:36:51.209Z,2026-05-27T12:36:51.221Z,2026-05-27T12:36:51.221Z
3894,17.4,73.2,438,50,0.625,0.2377,72.5,2026-05-27T12:37:01.442Z,2026-05-27T12:37:01.453Z,2026-05-27T12:37:01.453Z
3895,18.7,73.2,318,50,1.0469,0.2555,72.5,2026-05-27T12:37:11.567Z,2026-05-27T12:37:11.577Z,2026-05-27T12:37:11.577Z
3896,17.6,73.2,0,50,0.6562,0.2404,72.5,2026-05-27T12:37:21.681Z,2026-05-27T12:37:21.692Z,2026-05-27T12:37:21.692Z
3897,18.1,73.2,16980,50,1.0781,0.2473,72.5,2026-05-27T12:37:31.781Z,2026-05-27T12:37:31.791Z,2026-05-27T12:37:31.791Z
3898,17.1,73.2,0,50,0.5,0.2336,72.5,2026-05-27T12:37:41.876Z,2026-05-27T12:37:41.885Z,2026-05-27T12:37:41.885Z
3899,17.8,73.4,1906,50,1.1406,0.2425,72.5,2026-05-27T12:37:52.005Z,2026-05-27T12:37:52.018Z,2026-05-27T12:37:52.018Z
3900,17,73.6,358,50,0.6406,0.231,72.5,2026-05-27T12:38:02.117Z,2026-05-27T12:38:02.132Z,2026-05-27T12:38:02.132Z
3901,19.9,73.6,1875,50,1.0625,0.2704,72.5,2026-05-27T12:38:12.222Z,2026-05-27T12:38:12.233Z,2026-05-27T12:38:12.233Z
3902,18.9,73.5,2955,199.85,0.6562,0.2571,72.5,2026-05-27T12:38:22.346Z,2026-05-27T12:38:22.358Z,2026-05-27T12:38:22.358Z
3903,17.3,73.5,704,50,1.0625,0.2354,72.5,2026-05-27T12:38:32.440Z,2026-05-27T12:38:32.451Z,2026-05-27T12:38:32.451Z
3904,18.6,73.5,0,50,0.6406,0.2531,72.5,2026-05-27T12:38:42.566Z,2026-05-27T12:38:42.576Z,2026-05-27T12:38:42.576Z
3905,19.1,73.5,774,50,1.1875,0.2599,72.5,2026-05-27T12:38:52.676Z,2026-05-27T12:38:52.685Z,2026-05-27T12:38:52.685Z
3906,16.9,73.6,178,50,0.5781,0.2296,72.5,2026-05-27T12:39:02.774Z,2026-05-27T12:39:02.784Z,2026-05-27T12:39:02.784Z
3907,19,73.6,204,50,0.6406,0.2582,72.5,2026-05-27T12:39:12.884Z,2026-05-27T12:39:12.897Z,2026-05-27T12:39:12.897Z
3908,17.6,73.6,307,50,0.6562,0.2391,72.5,2026-05-27T12:39:22.997Z,2026-05-27T12:39:23.009Z,2026-05-27T12:39:23.009Z
3909,20.3,73.5,138,350.15,0.625,0.2762,72.5,2026-05-27T12:39:33.075Z,2026-05-27T12:39:33.084Z,2026-05-27T12:39:33.084Z
3910,17.6,73.6,719,50,0.625,0.2391,72.5,2026-05-27T12:39:43.197Z,2026-05-27T12:39:43.207Z,2026-05-27T12:39:43.207Z
3911,18.9,73.6,318,50,0.7188,0.2568,72.5,2026-05-27T12:39:53.315Z,2026-05-27T12:39:53.326Z,2026-05-27T12:39:53.326Z
3912,17,73.7,0,50,0.6875,0.2307,72.5,2026-05-27T12:40:03.428Z,2026-05-27T12:40:03.438Z,2026-05-27T12:40:03.438Z
3913,18.1,73.6,11579,500,0.5938,0.2459,72.5,2026-05-27T12:40:13.530Z,2026-05-27T12:40:13.540Z,2026-05-27T12:40:13.540Z
3914,17.1,73.7,78956,50,0.6719,0.232,72.5,2026-05-27T12:40:23.647Z,2026-05-27T12:40:23.657Z,2026-05-27T12:40:23.657Z
3915,18.1,73.6,1469,50,0.7031,0.2459,72.5,2026-05-27T12:40:33.743Z,2026-05-27T12:40:33.754Z,2026-05-27T12:40:33.754Z
3916,17.3,73.6,42,50,0.5938,0.2351,72.5,2026-05-27T12:40:43.818Z,2026-05-27T12:40:43.828Z,2026-05-27T12:40:43.828Z
3917,17.6,73.6,3292,50,0.7812,0.2391,72.5,2026-05-27T12:40:53.996Z,2026-05-27T12:40:54.008Z,2026-05-27T12:40:54.008Z
3918,19.5,73.7,371,50,0.6875,0.2646,72.5,2026-05-27T12:41:04.119Z,2026-05-27T12:41:04.130Z,2026-05-27T12:41:04.130Z
3919,19.9,73.7,1985,50,0.7344,0.27,72.5,2026-05-27T12:41:14.252Z,2026-05-27T12:41:14.261Z,2026-05-27T12:41:14.261Z
3920,17.6,73.7,3922,50,0.7344,0.2388,72.5,2026-05-27T12:41:24.375Z,2026-05-27T12:41:24.385Z,2026-05-27T12:41:24.385Z
3921,17.6,73.6,0,162.5,0.5781,0.2391,72.5,2026-05-27T12:41:34.500Z,2026-05-27T12:41:34.512Z,2026-05-27T12:41:34.512Z
3922,17.1,73.6,0,50,0.6406,0.2323,72.5,2026-05-27T12:41:44.625Z,2026-05-27T12:41:44.639Z,2026-05-27T12:41:44.639Z
3923,18.9,73.6,551,275,0.5156,0.2568,72.5,2026-05-27T12:41:54.698Z,2026-05-27T12:41:54.708Z,2026-05-27T12:41:54.708Z
3924,17.8,73.5,7928,500,0.7188,0.2422,72.5,2026-05-27T12:42:04.816Z,2026-05-27T12:42:04.828Z,2026-05-27T12:42:04.828Z
3925,21.1,73.8,38315,50,0.6719,0.2859,72.5,2026-05-27T12:42:14.988Z,2026-05-27T12:42:15.001Z,2026-05-27T12:42:15.001Z
3926,17.2,73.8,0,50,0.5781,0.2331,72.5,2026-05-27T12:42:25.076Z,2026-05-27T12:42:25.087Z,2026-05-27T12:42:25.087Z
3927,18.9,73.8,14238,50,0.6562,0.2561,72.5,2026-05-27T12:42:35.188Z,2026-05-27T12:42:35.198Z,2026-05-27T12:42:35.198Z
3928,17.6,73.7,0,50,0.6406,0.2388,72.5,2026-05-27T12:42:45.299Z,2026-05-27T12:42:45.308Z,2026-05-27T12:42:45.308Z
3929,18.7,73.4,439,50,0.5938,0.2548,72.5,2026-05-27T12:42:55.406Z,2026-05-27T12:42:55.416Z,2026-05-27T12:42:55.416Z
3930,17.3,73.5,0,350.15,0.6719,0.2354,72.5,2026-05-27T12:43:05.592Z,2026-05-27T12:43:05.603Z,2026-05-27T12:43:05.603Z
3931,20.8,74,0,350.15,0.6094,0.2811,72.5,2026-05-27T12:43:15.685Z,2026-05-27T12:43:15.695Z,2026-05-27T12:43:15.695Z
3932,17.4,74.1,41869,50,1.0312,0.2348,72.5,2026-05-27T12:43:25.839Z,2026-05-27T12:43:25.851Z,2026-05-27T12:43:25.851Z
3933,35.5,74.9,4237,50,1.8906,0.474,72.5,2026-05-27T12:43:35.940Z,2026-05-27T12:43:35.952Z,2026-05-27T12:43:35.952Z
3934,19.1,74,26571,350.15,0.6406,0.2581,72.5,2026-05-27T12:43:46.073Z,2026-05-27T12:43:46.083Z,2026-05-27T12:43:46.083Z
3935,19.5,74,758,50,0.5781,0.2635,72.5,2026-05-27T12:43:56.190Z,2026-05-27T12:43:56.202Z,2026-05-27T12:43:56.202Z
3936,25.5,74.3,0,387.5,2.2344,0.3432,72.5,2026-05-27T12:44:06.309Z,2026-05-27T12:44:06.323Z,2026-05-27T12:44:06.323Z
3937,24.3,74.3,0,199.85,0.9062,0.3271,72.5,2026-05-27T12:44:16.398Z,2026-05-27T12:44:16.408Z,2026-05-27T12:44:16.408Z
3938,17.5,74.2,3531,50,0.7969,0.2358,72.5,2026-05-27T12:44:26.498Z,2026-05-27T12:44:26.517Z,2026-05-27T12:44:26.517Z
3939,18.3,74.1,0,500,0.5781,0.247,72.5,2026-05-27T12:44:36.600Z,2026-05-27T12:44:36.612Z,2026-05-27T12:44:36.612Z
3940,19.6,74.2,42,50,1.1406,0.2642,72.5,2026-05-27T12:44:46.697Z,2026-05-27T12:44:46.707Z,2026-05-27T12:44:46.707Z
3941,16.5,74.2,902,50,0.7031,0.2224,72.5,2026-05-27T12:44:56.851Z,2026-05-27T12:44:56.863Z,2026-05-27T12:44:56.863Z
3942,18.3,74.2,71,50,0.7031,0.2466,72.5,2026-05-27T12:45:07.111Z,2026-05-27T12:45:07.123Z,2026-05-27T12:45:07.123Z
3943,19.7,74.3,0,50,0.6875,0.2651,72.5,2026-05-27T12:45:17.252Z,2026-05-27T12:45:17.263Z,2026-05-27T12:45:17.263Z
3944,17.8,74.2,0,50,0.7188,0.2399,72.5,2026-05-27T12:45:27.328Z,2026-05-27T12:45:27.340Z,2026-05-27T12:45:27.340Z
3945,18.3,74.2,0,50,0.625,0.2466,72.5,2026-05-27T12:45:37.480Z,2026-05-27T12:45:37.490Z,2026-05-27T12:45:37.490Z
3946,18.5,74.2,0,50,0.7031,0.2493,72.5,2026-05-27T12:45:47.572Z,2026-05-27T12:45:47.580Z,2026-05-27T12:45:47.580Z
3947,18.2,74.2,402,50,0.6562,0.2453,72.5,2026-05-27T12:45:57.820Z,2026-05-27T12:45:57.833Z,2026-05-27T12:45:57.833Z
3948,17,74.2,138,50,0.6562,0.2291,72.5,2026-05-27T12:46:07.925Z,2026-05-27T12:46:07.937Z,2026-05-27T12:46:07.937Z
3949,19.6,74.1,0,50,0.6562,0.2645,72.5,2026-05-27T12:46:18.029Z,2026-05-27T12:46:18.039Z,2026-05-27T12:46:18.039Z
3950,17.3,74.1,0,50,0.6562,0.2335,72.5,2026-05-27T12:46:28.135Z,2026-05-27T12:46:28.148Z,2026-05-27T12:46:28.148Z
3951,19,74.1,0,50,0.6562,0.2564,72.5,2026-05-27T12:46:38.264Z,2026-05-27T12:46:38.274Z,2026-05-27T12:46:38.274Z
3952,18.8,74.2,5990,50,0.7188,0.2534,72.5,2026-05-27T12:46:48.373Z,2026-05-27T12:46:48.383Z,2026-05-27T12:46:48.383Z
3953,18.3,74.1,0,50,0.7188,0.247,72.5,2026-05-27T12:46:58.644Z,2026-05-27T12:46:58.655Z,2026-05-27T12:46:58.655Z
3954,18,74.2,572,50,0.7969,0.2426,72.5,2026-05-27T12:47:08.821Z,2026-05-27T12:47:08.840Z,2026-05-27T12:47:08.840Z
3955,19.1,74.2,205,50,0.6406,0.2574,72.5,2026-05-27T12:47:18.931Z,2026-05-27T12:47:18.944Z,2026-05-27T12:47:18.944Z
3956,16.1,74.1,0,50,0.6562,0.2173,72.5,2026-05-27T12:47:29.034Z,2026-05-27T12:47:29.047Z,2026-05-27T12:47:29.047Z
3957,18.2,74.2,0,50,0.5781,0.2453,72.5,2026-05-27T12:47:39.160Z,2026-05-27T12:47:39.170Z,2026-05-27T12:47:39.170Z
3958,17,74.2,318,50,0.6562,0.2291,72.5,2026-05-27T12:47:49.285Z,2026-05-27T12:47:49.296Z,2026-05-27T12:47:49.296Z
3959,18,74.2,0,50,0.6562,0.2426,72.5,2026-05-27T12:47:59.449Z,2026-05-27T12:47:59.461Z,2026-05-27T12:47:59.461Z
3960,17.8,74.2,22002,50,0.7344,0.2399,72.5,2026-05-27T12:48:09.563Z,2026-05-27T12:48:09.574Z,2026-05-27T12:48:09.574Z
3961,18.7,74.3,0,50,0.6875,0.2517,72.5,2026-05-27T12:48:19.689Z,2026-05-27T12:48:19.700Z,2026-05-27T12:48:19.700Z
3962,17.8,74.3,17948,50,0.7656,0.2396,72.5,2026-05-27T12:48:29.788Z,2026-05-27T12:48:29.798Z,2026-05-27T12:48:29.798Z
3963,19.6,74.3,2942,50,0.7969,0.2638,72.5,2026-05-27T12:48:39.898Z,2026-05-27T12:48:39.907Z,2026-05-27T12:48:39.907Z
3964,18,74.3,675,50,0.75,0.2423,72.5,2026-05-27T12:48:50.033Z,2026-05-27T12:48:50.044Z,2026-05-27T12:48:50.044Z
3965,17.5,74.3,0,50,0.6719,0.2355,72.5,2026-05-27T12:49:00.131Z,2026-05-27T12:49:00.146Z,2026-05-27T12:49:00.146Z
3966,19.1,74.4,358,50,0.8281,0.2567,72.5,2026-05-27T12:49:10.290Z,2026-05-27T12:49:10.300Z,2026-05-27T12:49:10.300Z
3967,20.9,74.2,137,50,0.7969,0.2817,72.5,2026-05-27T12:49:20.453Z,2026-05-27T12:49:20.464Z,2026-05-27T12:49:20.464Z
3968,17.7,74.2,0,50,0.7188,0.2385,72.5,2026-05-27T12:49:30.548Z,2026-05-27T12:49:30.559Z,2026-05-27T12:49:30.559Z
3969,18.4,74.2,5262,50,0.6875,0.248,72.5,2026-05-27T12:49:40.700Z,2026-05-27T12:49:40.711Z,2026-05-27T12:49:40.711Z
3970,22.9,73.7,0,50,0.75,0.3107,72.5,2026-05-27T12:49:51.020Z,2026-05-27T12:49:51.068Z,2026-05-27T12:49:51.068Z
3971,22,73.5,191,350.15,0.7031,0.2993,72.5,2026-05-27T12:50:01.076Z,2026-05-27T12:50:01.086Z,2026-05-27T12:50:01.086Z
3972,22.4,73.6,3867,50,1.2031,0.3043,72.5,2026-05-27T12:50:11.172Z,2026-05-27T12:50:11.182Z,2026-05-27T12:50:11.182Z
3973,18.9,73.6,0,199.85,0.9219,0.2568,72.5,2026-05-27T12:50:21.355Z,2026-05-27T12:50:21.367Z,2026-05-27T12:50:21.367Z
3974,18.6,73.6,308,50,1.0781,0.2527,72.5,2026-05-27T12:50:31.448Z,2026-05-27T12:50:31.466Z,2026-05-27T12:50:31.466Z
3975,17.4,73.6,4231,50,0.6562,0.2364,72.5,2026-05-27T12:50:41.528Z,2026-05-27T12:50:41.540Z,2026-05-27T12:50:41.540Z
3976,18.4,73.6,14389,50,1.125,0.25,72.5,2026-05-27T12:50:51.705Z,2026-05-27T12:50:51.716Z,2026-05-27T12:50:51.716Z
3977,17,73.6,697,50,0.6719,0.231,72.5,2026-05-27T12:51:01.824Z,2026-05-27T12:51:01.835Z,2026-05-27T12:51:01.835Z
3978,18.8,73.7,2207,387.5,0.7656,0.2551,72.5,2026-05-27T12:51:11.974Z,2026-05-27T12:51:11.982Z,2026-05-27T12:51:11.982Z
3979,18.1,73.7,17175,50,0.75,0.2456,72.5,2026-05-27T12:51:22.180Z,2026-05-27T12:51:22.190Z,2026-05-27T12:51:22.190Z
3980,17.8,73.6,0,50,0.6094,0.2418,72.5,2026-05-27T12:51:32.272Z,2026-05-27T12:51:32.281Z,2026-05-27T12:51:32.281Z
3981,16.9,73.7,0,50,0.5,0.2293,72.5,2026-05-27T12:51:42.371Z,2026-05-27T12:51:42.381Z,2026-05-27T12:51:42.381Z
3982,19,73.6,2047,50,1.2344,0.2582,72.5,2026-05-27T12:51:52.494Z,2026-05-27T12:51:52.504Z,2026-05-27T12:51:52.504Z
3983,20.4,73.7,0,50,1.0781,0.2768,72.5,2026-05-27T12:52:02.609Z,2026-05-27T12:52:02.621Z,2026-05-27T12:52:02.621Z
3984,15.8,73.8,0,50,0.5625,0.2141,72.5,2026-05-27T12:52:12.769Z,2026-05-27T12:52:12.800Z,2026-05-27T12:52:12.800Z
3985,18.8,73.8,1401,50,0.6094,0.2547,72.5,2026-05-27T12:52:22.906Z,2026-05-27T12:52:22.918Z,2026-05-27T12:52:22.918Z
3986,17.6,73.8,248,275,0.7812,0.2385,72.5,2026-05-27T12:52:33.032Z,2026-05-27T12:52:33.044Z,2026-05-27T12:52:33.044Z
3987,16.6,73.8,11341,50,0.6719,0.2249,72.5,2026-05-27T12:52:43.142Z,2026-05-27T12:52:43.155Z,2026-05-27T12:52:43.155Z
3988,17.2,73.8,0,162.5,0.5625,0.2331,72.5,2026-05-27T12:52:53.219Z,2026-05-27T12:52:53.230Z,2026-05-27T12:52:53.230Z
3989,18.4,73.7,0,50,0.6875,0.2497,72.5,2026-05-27T12:53:03.321Z,2026-05-27T12:53:03.334Z,2026-05-27T12:53:03.334Z
3990,17,73.8,407,350.15,0.5156,0.2304,72.5,2026-05-27T12:53:13.419Z,2026-05-27T12:53:13.429Z,2026-05-27T12:53:13.429Z
3991,18.9,73.8,0,50,0.625,0.2561,72.5,2026-05-27T12:53:23.515Z,2026-05-27T12:53:23.527Z,2026-05-27T12:53:23.527Z
3992,18.9,73.8,0,50,0.6406,0.2561,72.5,2026-05-27T12:53:33.610Z,2026-05-27T12:53:33.622Z,2026-05-27T12:53:33.622Z
3993,24.9,73.9,178,162.5,0.5781,0.3369,72.5,2026-05-27T12:53:43.718Z,2026-05-27T12:53:43.729Z,2026-05-27T12:53:43.729Z
3994,17.9,74,75,50,0.5781,0.2419,72.5,2026-05-27T12:53:53.847Z,2026-05-27T12:53:53.857Z,2026-05-27T12:53:53.857Z
3995,18.8,74,0,50,0.6094,0.2541,72.5,2026-05-27T12:54:03.926Z,2026-05-27T12:54:03.936Z,2026-05-27T12:54:03.936Z
3996,19.3,74.2,1103,50,0.7812,0.2601,72.5,2026-05-27T12:54:14.029Z,2026-05-27T12:54:14.042Z,2026-05-27T12:54:14.042Z
3997,18.8,74.2,1764,50,0.6562,0.2534,72.5,2026-05-27T12:54:24.125Z,2026-05-27T12:54:24.137Z,2026-05-27T12:54:24.137Z
3998,7.3,74.1,15095,50,0.3438,0.0985,72.5,2026-05-27T12:54:34.287Z,2026-05-27T12:54:34.299Z,2026-05-27T12:54:34.299Z
3999,12.7,74.8,34523,50,0.3906,0.1698,72.5,2026-05-27T12:54:44.401Z,2026-05-27T12:54:44.414Z,2026-05-27T12:54:44.414Z
4000,4.3,74.8,0,199.85,0.0938,0.0575,72.5,2026-05-27T12:54:54.513Z,2026-05-27T12:54:54.523Z,2026-05-27T12:54:54.523Z
4001,3.5,74.5,0,50,0.2188,0.047,72.5,2026-05-27T12:55:04.632Z,2026-05-27T12:55:04.643Z,2026-05-27T12:55:04.643Z
4002,5,74.5,75,50,0.25,0.0671,72.5,2026-05-27T12:55:14.811Z,2026-05-27T12:55:14.821Z,2026-05-27T12:55:14.821Z
4003,8.2,73.8,0,50,0.3125,0.1111,72.5,2026-05-27T12:55:24.938Z,2026-05-27T12:55:24.948Z,2026-05-27T12:55:24.948Z
4004,4.4,73.8,15996,50,0.2031,0.0596,72.5,2026-05-27T12:55:35.077Z,2026-05-27T12:55:35.087Z,2026-05-27T12:55:35.087Z
4005,4.4,73.8,0,50,0.3281,0.0596,72.5,2026-05-27T12:55:45.217Z,2026-05-27T12:55:45.227Z,2026-05-27T12:55:45.227Z
4006,4.2,73.8,438,50,0.2344,0.0569,72.5,2026-05-27T12:55:55.397Z,2026-05-27T12:55:55.409Z,2026-05-27T12:55:55.409Z
4007,4.4,73.8,362,199.85,0.1875,0.0596,72.5,2026-05-27T12:56:05.501Z,2026-05-27T12:56:05.511Z,2026-05-27T12:56:05.511Z
4008,4.6,73.8,138,50,0.4688,0.0623,72.5,2026-05-27T12:56:15.663Z,2026-05-27T12:56:15.672Z,2026-05-27T12:56:15.672Z
4009,5.9,73.8,0,275,0.1094,0.0799,72.5,2026-05-27T12:56:25.877Z,2026-05-27T12:56:25.890Z,2026-05-27T12:56:25.890Z
4010,4.6,73.8,138,500,0.1406,0.0623,72.5,2026-05-27T12:56:35.987Z,2026-05-27T12:56:35.997Z,2026-05-27T12:56:35.997Z
4011,5,73.8,178,50,0.2188,0.0678,72.5,2026-05-27T12:56:46.096Z,2026-05-27T12:56:46.105Z,2026-05-27T12:56:46.105Z
4012,7.7,73.7,471,50,0.2969,0.1045,72.5,2026-05-27T12:56:56.274Z,2026-05-27T12:56:56.290Z,2026-05-27T12:56:56.290Z
4013,5.5,73.6,0,50,0.2031,0.0747,72.5,2026-05-27T12:57:06.415Z,2026-05-27T12:57:06.425Z,2026-05-27T12:57:06.425Z
4014,5,73.7,138,50,0.0312,0.0678,72.5,2026-05-27T12:57:16.550Z,2026-05-27T12:57:16.560Z,2026-05-27T12:57:16.560Z
4015,7.7,73.7,0,50,0.0938,0.1045,72.5,2026-05-27T12:57:26.732Z,2026-05-27T12:57:26.753Z,2026-05-27T12:57:26.753Z
4016,8.6,73.7,2207,50,0.3125,0.1167,72.5,2026-05-27T12:57:36.902Z,2026-05-27T12:57:36.911Z,2026-05-27T12:57:36.911Z
4017,7.4,73.7,811,50,0.8281,0.1004,72.5,2026-05-27T12:57:47.069Z,2026-05-27T12:57:47.079Z,2026-05-27T12:57:47.079Z
4018,8.4,74.1,640,50,0.0625,0.1134,72.5,2026-05-27T12:57:57.194Z,2026-05-27T12:57:57.204Z,2026-05-27T12:57:57.204Z
4019,4.2,74.2,139,275,0.2812,0.0566,72.5,2026-05-27T12:58:07.330Z,2026-05-27T12:58:07.342Z,2026-05-27T12:58:07.342Z
4020,9.1,74.2,0,50,0.25,0.1226,72.5,2026-05-27T12:58:17.428Z,2026-05-27T12:58:17.438Z,2026-05-27T12:58:17.438Z
4021,6.8,74.1,15685,50,0.4062,0.0918,72.5,2026-05-27T12:58:27.605Z,2026-05-27T12:58:27.618Z,2026-05-27T12:58:27.618Z
4022,6.7,74,139,50,0.1406,0.0905,72.5,2026-05-27T12:58:37.727Z,2026-05-27T12:58:37.737Z,2026-05-27T12:58:37.737Z
4023,7.2,74,248,275,0.1094,0.0973,72.5,2026-05-27T12:58:47.854Z,2026-05-27T12:58:47.863Z,2026-05-27T12:58:47.863Z
4024,7.9,74,4379,50,0.3438,0.1068,72.5,2026-05-27T12:58:58.013Z,2026-05-27T12:58:58.027Z,2026-05-27T12:58:58.027Z
4025,5.2,73.8,1827,50,0.1094,0.0705,72.5,2026-05-27T12:59:08.136Z,2026-05-27T12:59:08.147Z,2026-05-27T12:59:08.147Z
4026,7.8,74.3,0,50,0.2344,0.105,72.5,2026-05-27T12:59:18.273Z,2026-05-27T12:59:18.284Z,2026-05-27T12:59:18.284Z
4027,9.2,73.9,6545,199.85,0.4219,0.1245,72.5,2026-05-27T12:59:28.395Z,2026-05-27T12:59:28.408Z,2026-05-27T12:59:28.408Z
4028,5.5,73.9,17489,50,0.2031,0.0744,72.5,2026-05-27T12:59:38.598Z,2026-05-27T12:59:38.609Z,2026-05-27T12:59:38.609Z
4029,7.4,73.9,400,500,0.7031,0.1001,72.5,2026-05-27T12:59:48.737Z,2026-05-27T12:59:48.746Z,2026-05-27T12:59:48.746Z
4030,7.1,73.9,773,50,0.3125,0.0961,72.5,2026-05-27T12:59:58.883Z,2026-05-27T12:59:58.893Z,2026-05-27T12:59:58.893Z
4031,10.3,74.1,59325,500,1,0.139,72.5,2026-05-27T13:00:09.065Z,2026-05-27T13:00:09.084Z,2026-05-27T13:00:09.084Z
4032,11.4,74,371,50,0.4219,0.1541,72.5,2026-05-27T13:00:19.177Z,2026-05-27T13:00:19.186Z,2026-05-27T13:00:19.186Z
4033,7.3,73.8,0,50,0.2969,0.0989,72.5,2026-05-27T13:00:29.307Z,2026-05-27T13:00:29.319Z,2026-05-27T13:00:29.319Z
4034,6.8,73.9,749,50,0.1562,0.092,72.5,2026-05-27T13:00:39.450Z,2026-05-27T13:00:39.458Z,2026-05-27T13:00:39.458Z
4035,7.4,73.9,248,50,0.375,0.1001,72.5,2026-05-27T13:00:49.559Z,2026-05-27T13:00:49.570Z,2026-05-27T13:00:49.570Z
4036,7.9,73.9,0,50,0.4062,0.1069,72.5,2026-05-27T13:00:59.689Z,2026-05-27T13:00:59.702Z,2026-05-27T13:00:59.702Z
4037,8.8,73.9,24341,50,0.5312,0.1191,72.5,2026-05-27T13:01:09.819Z,2026-05-27T13:01:09.831Z,2026-05-27T13:01:09.831Z
4038,10.2,74,1886,50,0.5938,0.1378,72.5,2026-05-27T13:01:19.929Z,2026-05-27T13:01:19.938Z,2026-05-27T13:01:19.938Z
4039,9.8,73.8,0,50,0.5,0.1328,72.5,2026-05-27T13:01:30.040Z,2026-05-27T13:01:30.050Z,2026-05-27T13:01:30.050Z
4040,9.3,73.8,0,50,0.7812,0.126,72.5,2026-05-27T13:01:40.231Z,2026-05-27T13:01:40.239Z,2026-05-27T13:01:40.239Z
4041,9,73.8,0,50,0.4375,0.122,72.5,2026-05-27T13:01:50.343Z,2026-05-27T13:01:50.352Z,2026-05-27T13:01:50.352Z
4042,11.4,73.8,136,50,0.4688,0.1545,72.5,2026-05-27T13:02:00.459Z,2026-05-27T13:02:00.469Z,2026-05-27T13:02:00.469Z
4043,9.8,73.8,42,50,0.2031,0.1328,72.5,2026-05-27T13:02:10.561Z,2026-05-27T13:02:10.570Z,2026-05-27T13:02:10.570Z
4044,9.6,73.8,0,50,0.8438,0.1301,72.5,2026-05-27T13:02:20.684Z,2026-05-27T13:02:20.693Z,2026-05-27T13:02:20.693Z
4045,10.6,73.7,0,50,0.4688,0.1438,72.5,2026-05-27T13:02:30.826Z,2026-05-27T13:02:30.837Z,2026-05-27T13:02:30.837Z
4046,12.1,73.7,3870,50,0.3125,0.1642,72.5,2026-05-27T13:02:40.939Z,2026-05-27T13:02:40.948Z,2026-05-27T13:02:40.948Z
4047,13.2,73.9,194910,50,0.7031,0.1786,72.5,2026-05-27T13:02:51.031Z,2026-05-27T13:02:51.049Z,2026-05-27T13:02:51.049Z
4048,11.9,73.8,0,50,0.2812,0.1612,72.5,2026-05-27T13:03:01.126Z,2026-05-27T13:03:01.135Z,2026-05-27T13:03:01.135Z
4049,10.9,73.8,319,50,0.2656,0.1477,72.5,2026-05-27T13:03:11.246Z,2026-05-27T13:03:11.256Z,2026-05-27T13:03:11.256Z
4050,11.8,73.8,0,162.5,1.1875,0.1599,72.5,2026-05-27T13:03:21.372Z,2026-05-27T13:03:21.381Z,2026-05-27T13:03:21.381Z
4051,10.5,73.9,476,162.5,0.5156,0.1421,72.5,2026-05-27T13:03:31.491Z,2026-05-27T13:03:31.503Z,2026-05-27T13:03:31.503Z
4052,11.3,73.8,22837,50,0.4531,0.1531,72.5,2026-05-27T13:03:41.605Z,2026-05-27T13:03:41.616Z,2026-05-27T13:03:41.616Z
4053,12.3,73.8,593,50,0.4062,0.1667,72.5,2026-05-27T13:03:51.713Z,2026-05-27T13:03:51.725Z,2026-05-27T13:03:51.725Z
4054,12.1,73.8,318,50,0.7812,0.164,72.5,2026-05-27T13:04:01.839Z,2026-05-27T13:04:01.847Z,2026-05-27T13:04:01.847Z
4055,10.3,73.8,205,50,0.3438,0.1396,72.5,2026-05-27T13:04:11.934Z,2026-05-27T13:04:11.944Z,2026-05-27T13:04:11.944Z
4056,12.3,73.8,1480,275,0.4844,0.1667,72.5,2026-05-27T13:04:22.053Z,2026-05-27T13:04:22.063Z,2026-05-27T13:04:22.063Z
4057,12,73.8,0,50,0.4375,0.1626,72.5,2026-05-27T13:04:32.139Z,2026-05-27T13:04:32.150Z,2026-05-27T13:04:32.150Z
4058,12.5,73.8,566,50,0.3594,0.1694,72.5,2026-05-27T13:04:42.267Z,2026-05-27T13:04:42.278Z,2026-05-27T13:04:42.278Z
4059,20.9,73.3,154,50,0.9531,0.2851,72.5,2026-05-27T13:04:52.354Z,2026-05-27T13:04:52.363Z,2026-05-27T13:04:52.363Z
4060,12.8,73.2,637,50,0.5156,0.1749,72.5,2026-05-27T13:05:02.443Z,2026-05-27T13:05:02.455Z,2026-05-27T13:05:02.455Z
4061,12.1,73.3,563,50,0.4531,0.1651,72.5,2026-05-27T13:05:12.561Z,2026-05-27T13:05:12.571Z,2026-05-27T13:05:12.571Z
4062,13,73.4,2101,350.15,0.5156,0.1771,72.5,2026-05-27T13:05:22.697Z,2026-05-27T13:05:22.707Z,2026-05-27T13:05:22.707Z
4063,14.2,73.3,0,50,0.5781,0.1937,72.5,2026-05-27T13:05:32.818Z,2026-05-27T13:05:32.828Z,2026-05-27T13:05:32.828Z
4064,15.3,73.4,320,50,0.875,0.2084,72.5,2026-05-27T13:05:42.948Z,2026-05-27T13:05:42.957Z,2026-05-27T13:05:42.957Z
4065,12.6,73.4,0,50,0.3594,0.1717,72.5,2026-05-27T13:05:53.044Z,2026-05-27T13:05:53.053Z,2026-05-27T13:05:53.053Z
4066,21.8,74.1,358,50,2.2031,0.2942,72.5,2026-05-27T13:06:03.149Z,2026-05-27T13:06:03.158Z,2026-05-27T13:06:03.158Z
4067,15.3,73.7,121,275,0.3438,0.2076,72.5,2026-05-27T13:06:13.244Z,2026-05-27T13:06:13.255Z,2026-05-27T13:06:13.255Z
4068,13.8,73.6,0,50,0.3594,0.1875,72.5,2026-05-27T13:06:23.354Z,2026-05-27T13:06:23.363Z,2026-05-27T13:06:23.363Z
4069,14.2,73.5,2138,162.5,1.0312,0.1932,72.5,2026-05-27T13:06:33.453Z,2026-05-27T13:06:33.463Z,2026-05-27T13:06:33.463Z
4070,12.1,73.5,0,50,0.4375,0.1646,72.5,2026-05-27T13:06:43.558Z,2026-05-27T13:06:43.568Z,2026-05-27T13:06:43.568Z
4071,13.3,73.5,358,50,0.4688,0.181,72.5,2026-05-27T13:06:53.638Z,2026-05-27T13:06:53.650Z,2026-05-27T13:06:53.650Z
4072,13.6,73.5,0,50,0.375,0.185,72.5,2026-05-27T13:07:03.751Z,2026-05-27T13:07:03.760Z,2026-05-27T13:07:03.760Z
4073,13.7,73.5,149,50,0.6094,0.1864,72.5,2026-05-27T13:07:13.855Z,2026-05-27T13:07:13.865Z,2026-05-27T13:07:13.865Z
4074,15.7,73.5,0,50,0.4688,0.2136,72.5,2026-05-27T13:07:23.969Z,2026-05-27T13:07:23.979Z,2026-05-27T13:07:23.979Z
4075,15.1,73.5,0,50,0.5,0.2054,72.5,2026-05-27T13:07:34.060Z,2026-05-27T13:07:34.071Z,2026-05-27T13:07:34.071Z
4076,14.1,73.5,0,50,0.4062,0.1918,72.5,2026-05-27T13:07:44.137Z,2026-05-27T13:07:44.149Z,2026-05-27T13:07:44.149Z
4077,14.4,73.5,9884,50,0.4844,0.1959,72.5,2026-05-27T13:07:54.233Z,2026-05-27T13:07:54.244Z,2026-05-27T13:07:54.244Z
4078,15.4,73.5,0,50,0.9688,0.2095,72.5,2026-05-27T13:08:04.343Z,2026-05-27T13:08:04.355Z,2026-05-27T13:08:04.355Z
4079,14.7,73.5,0,50,1.1875,0.2,72.5,2026-05-27T13:08:14.456Z,2026-05-27T13:08:14.465Z,2026-05-27T13:08:14.465Z
4080,15.4,73.5,370,50,0.9844,0.2095,72.5,2026-05-27T13:08:24.563Z,2026-05-27T13:08:24.572Z,2026-05-27T13:08:24.572Z
4081,14.3,73.5,3397,50,0.6562,0.1946,72.5,2026-05-27T13:08:34.663Z,2026-05-27T13:08:34.673Z,2026-05-27T13:08:34.673Z
4082,13.3,73.5,0,50,0.4688,0.181,72.5,2026-05-27T13:08:44.785Z,2026-05-27T13:08:44.795Z,2026-05-27T13:08:44.795Z
4083,15.5,73.5,726,50,0.6406,0.2109,72.5,2026-05-27T13:08:54.878Z,2026-05-27T13:08:54.887Z,2026-05-27T13:08:54.887Z
4084,15.8,73.5,2855,50,0.6406,0.215,72.5,2026-05-27T13:09:05.000Z,2026-05-27T13:09:05.012Z,2026-05-27T13:09:05.012Z
4085,15.3,73.6,371,50,0.5156,0.2079,72.5,2026-05-27T13:09:15.130Z,2026-05-27T13:09:15.141Z,2026-05-27T13:09:15.141Z
4086,16.5,73.6,358,50,0.4375,0.2242,72.5,2026-05-27T13:09:25.229Z,2026-05-27T13:09:25.241Z,2026-05-27T13:09:25.241Z
4087,14.4,73.5,801,275,0.5625,0.1959,72.5,2026-05-27T13:09:35.362Z,2026-05-27T13:09:35.374Z,2026-05-27T13:09:35.374Z
4088,15.4,73.7,6049,50,0.5781,0.209,72.5,2026-05-27T13:09:45.445Z,2026-05-27T13:09:45.454Z,2026-05-27T13:09:45.454Z
4089,15.7,73.6,5866,50,0.5781,0.2133,72.5,2026-05-27T13:09:55.556Z,2026-05-27T13:09:55.565Z,2026-05-27T13:09:55.565Z
4090,16,73.6,4244,50,1.0781,0.2174,72.5,2026-05-27T13:10:05.650Z,2026-05-27T13:10:05.660Z,2026-05-27T13:10:05.660Z
4091,15.4,73.6,364,50,0.6562,0.2092,72.5,2026-05-27T13:10:15.763Z,2026-05-27T13:10:15.773Z,2026-05-27T13:10:15.773Z
4092,15.9,73.7,3228,50,0.4844,0.2157,72.5,2026-05-27T13:10:25.875Z,2026-05-27T13:10:25.884Z,2026-05-27T13:10:25.884Z
4093,18.3,73.7,0,500,0.5625,0.2483,72.5,2026-05-27T13:10:35.974Z,2026-05-27T13:10:35.984Z,2026-05-27T13:10:35.984Z
4094,15.4,73.7,495,50,0.4844,0.209,72.5,2026-05-27T13:10:46.065Z,2026-05-27T13:10:46.075Z,2026-05-27T13:10:46.075Z
4095,15.8,73.7,3809,50,0.5781,0.2144,72.5,2026-05-27T13:10:56.157Z,2026-05-27T13:10:56.166Z,2026-05-27T13:10:56.166Z
4096,15.8,73.7,0,50,0.5938,0.2144,72.5,2026-05-27T13:11:06.243Z,2026-05-27T13:11:06.254Z,2026-05-27T13:11:06.254Z
4097,18.4,73.8,0,199.85,0.9531,0.2493,72.5,2026-05-27T13:11:16.325Z,2026-05-27T13:11:16.336Z,2026-05-27T13:11:16.336Z
4098,24.5,74.2,0,50,2.4219,0.3302,72.5,2026-05-27T13:11:26.431Z,2026-05-27T13:11:26.442Z,2026-05-27T13:11:26.442Z
4099,16.3,73.7,0,50,0.5469,0.2212,72.5,2026-05-27T13:11:36.511Z,2026-05-27T13:11:36.520Z,2026-05-27T13:11:36.520Z
4100,16.5,73.7,0,350.15,0.4844,0.2239,72.5,2026-05-27T13:11:46.608Z,2026-05-27T13:11:46.618Z,2026-05-27T13:11:46.618Z
4101,16.9,73.7,384,50,0.6562,0.2293,72.5,2026-05-27T13:11:56.726Z,2026-05-27T13:11:56.739Z,2026-05-27T13:11:56.739Z
4102,17.6,73.7,0,50,0.5469,0.2388,72.5,2026-05-27T13:12:06.834Z,2026-05-27T13:12:06.844Z,2026-05-27T13:12:06.844Z
4103,23.1,74,60,50,1.1094,0.3122,72.5,2026-05-27T13:12:16.923Z,2026-05-27T13:12:16.935Z,2026-05-27T13:12:16.935Z
4104,18,73.7,106,50,0.5938,0.2442,72.5,2026-05-27T13:12:27.012Z,2026-05-27T13:12:27.022Z,2026-05-27T13:12:27.022Z
4105,16.2,73.7,629,50,0.625,0.2198,72.5,2026-05-27T13:12:37.127Z,2026-05-27T13:12:37.140Z,2026-05-27T13:12:37.140Z
4106,17.6,73.7,212,500,0.7031,0.2388,72.5,2026-05-27T13:12:47.273Z,2026-05-27T13:12:47.283Z,2026-05-27T13:12:47.283Z
4107,16.7,73.7,1890,50,0.5156,0.2266,72.5,2026-05-27T13:12:57.398Z,2026-05-27T13:12:57.407Z,2026-05-27T13:12:57.407Z
4108,16.4,73.7,139,350.15,0.5625,0.2225,72.5,2026-05-27T13:13:07.515Z,2026-05-27T13:13:07.526Z,2026-05-27T13:13:07.526Z
4109,18.9,73.7,0,275,0.6719,0.2564,72.5,2026-05-27T13:13:17.632Z,2026-05-27T13:13:17.643Z,2026-05-27T13:13:17.643Z
4110,19.9,73.6,2309,50,0.5781,0.2704,72.5,2026-05-27T13:13:27.734Z,2026-05-27T13:13:27.747Z,2026-05-27T13:13:27.747Z
4111,17.2,73.5,34438,50,0.7188,0.234,72.5,2026-05-27T13:13:37.992Z,2026-05-27T13:13:38.003Z,2026-05-27T13:13:38.003Z
4112,18.2,73.5,84,50,0.8594,0.2476,72.5,2026-05-27T13:13:48.079Z,2026-05-27T13:13:48.089Z,2026-05-27T13:13:48.089Z
4113,17.2,73.5,84,500,0.6094,0.234,72.5,2026-05-27T13:13:58.314Z,2026-05-27T13:13:58.326Z,2026-05-27T13:13:58.326Z
4114,18.6,73.5,0,50,0.6719,0.2531,72.5,2026-05-27T13:14:08.412Z,2026-05-27T13:14:08.421Z,2026-05-27T13:14:08.421Z
4115,20.3,73.6,44735,50,0.7344,0.2758,72.5,2026-05-27T13:14:18.561Z,2026-05-27T13:14:18.571Z,2026-05-27T13:14:18.571Z
4116,17.3,73.7,0,50,0.7656,0.2347,72.5,2026-05-27T13:14:28.744Z,2026-05-27T13:14:28.754Z,2026-05-27T13:14:28.754Z
4117,17.1,73.6,578,50,0.6094,0.2323,72.5,2026-05-27T13:14:38.856Z,2026-05-27T13:14:38.867Z,2026-05-27T13:14:38.867Z
4118,16.4,73.6,534,50,0.5469,0.2228,72.5,2026-05-27T13:14:49.010Z,2026-05-27T13:14:49.022Z,2026-05-27T13:14:49.022Z
4119,17.9,73.7,139,50,1.0156,0.2429,72.5,2026-05-27T13:14:59.133Z,2026-05-27T13:14:59.145Z,2026-05-27T13:14:59.145Z
4120,17.1,73.7,1039,50,0.6875,0.232,72.5,2026-05-27T13:15:09.308Z,2026-05-27T13:15:09.317Z,2026-05-27T13:15:09.317Z
4121,18.4,73.9,139,275,0.5156,0.249,72.5,2026-05-27T13:15:19.452Z,2026-05-27T13:15:19.462Z,2026-05-27T13:15:19.462Z
4122,19.2,73.8,445,50,1.1406,0.2602,72.5,2026-05-27T13:15:29.568Z,2026-05-27T13:15:29.581Z,2026-05-27T13:15:29.581Z
4123,17.2,73.7,29430,50,0.6406,0.2334,72.5,2026-05-27T13:15:39.773Z,2026-05-27T13:15:39.782Z,2026-05-27T13:15:39.782Z
4124,17.1,73.7,0,350.15,0.5625,0.232,72.5,2026-05-27T13:15:49.877Z,2026-05-27T13:15:49.888Z,2026-05-27T13:15:49.888Z
4125,17.6,73.7,710,50,0.6406,0.2388,72.5,2026-05-27T13:16:00.019Z,2026-05-27T13:16:00.037Z,2026-05-27T13:16:00.037Z
4126,16.6,73.8,11296,50,0.7656,0.2249,72.5,2026-05-27T13:16:10.128Z,2026-05-27T13:16:10.138Z,2026-05-27T13:16:10.138Z
4127,16,73.9,558,350.15,0.5469,0.2165,72.5,2026-05-27T13:16:20.236Z,2026-05-27T13:16:20.247Z,2026-05-27T13:16:20.247Z
4128,19.3,73.8,879,50,0.625,0.2615,72.5,2026-05-27T13:16:30.539Z,2026-05-27T13:16:30.552Z,2026-05-27T13:16:30.552Z
4129,16,73.9,5072,50,0.5938,0.2165,72.5,2026-05-27T13:16:40.644Z,2026-05-27T13:16:40.658Z,2026-05-27T13:16:40.658Z
4130,26.4,74.5,3514,50,2.7031,0.3544,72.5,2026-05-27T13:16:50.737Z,2026-05-27T13:16:50.748Z,2026-05-27T13:16:50.748Z
4131,18.3,74.1,750,50,0.6094,0.247,72.5,2026-05-27T13:17:00.847Z,2026-05-27T13:17:00.860Z,2026-05-27T13:17:00.860Z
4132,18,74,2101,50,0.5938,0.2432,72.5,2026-05-27T13:17:11.005Z,2026-05-27T13:17:11.015Z,2026-05-27T13:17:11.015Z
4133,16,74,2816,50,0.7344,0.2162,72.5,2026-05-27T13:17:21.117Z,2026-05-27T13:17:21.128Z,2026-05-27T13:17:21.128Z
4134,19.1,73.9,0,50,0.5781,0.2585,72.5,2026-05-27T13:17:31.255Z,2026-05-27T13:17:31.266Z,2026-05-27T13:17:31.266Z
4135,17.5,73.9,0,50,0.9531,0.2368,72.5,2026-05-27T13:17:41.386Z,2026-05-27T13:17:41.396Z,2026-05-27T13:17:41.396Z
4136,18.2,73.9,971,50,1.1094,0.2463,72.5,2026-05-27T13:17:51.480Z,2026-05-27T13:17:51.490Z,2026-05-27T13:17:51.490Z
4137,16.2,73.8,0,50,0.5312,0.2195,72.5,2026-05-27T13:18:01.583Z,2026-05-27T13:18:01.592Z,2026-05-27T13:18:01.592Z
4138,16,73.8,371,50,0.4688,0.2168,72.5,2026-05-27T13:18:11.679Z,2026-05-27T13:18:11.692Z,2026-05-27T13:18:11.692Z
4139,18.1,73.8,0,50,0.7344,0.2453,72.5,2026-05-27T13:18:21.786Z,2026-05-27T13:18:21.801Z,2026-05-27T13:18:21.801Z
4140,16.3,73.8,248,50,0.6094,0.2209,72.5,2026-05-27T13:18:31.871Z,2026-05-27T13:18:31.882Z,2026-05-27T13:18:31.882Z
4141,17.9,73.8,248,50,1.0938,0.2425,72.5,2026-05-27T13:18:41.953Z,2026-05-27T13:18:41.965Z,2026-05-27T13:18:41.965Z
4142,17.5,73.8,153,50,0.7969,0.2371,72.5,2026-05-27T13:18:52.052Z,2026-05-27T13:18:52.062Z,2026-05-27T13:18:52.062Z
4143,15.8,73.8,0,50,0.6562,0.2141,72.5,2026-05-27T13:19:02.185Z,2026-05-27T13:19:02.194Z,2026-05-27T13:19:02.194Z
4144,17.8,73.8,121,50,0.625,0.2412,72.5,2026-05-27T13:19:12.315Z,2026-05-27T13:19:12.326Z,2026-05-27T13:19:12.326Z
4145,18.1,73.9,1330,50,1.0625,0.2449,72.5,2026-05-27T13:19:22.429Z,2026-05-27T13:19:22.440Z,2026-05-27T13:19:22.440Z
4146,18,73.8,0,50,0.6406,0.2439,72.5,2026-05-27T13:19:32.521Z,2026-05-27T13:19:32.533Z,2026-05-27T13:19:32.533Z
4147,16.8,73.8,298,50,0.5469,0.2276,72.5,2026-05-27T13:19:42.642Z,2026-05-27T13:19:42.654Z,2026-05-27T13:19:42.654Z
4148,19.9,74.4,153,50,1.125,0.2675,72.5,2026-05-27T13:19:52.730Z,2026-05-27T13:19:52.742Z,2026-05-27T13:19:52.742Z
4149,24.9,73.1,0,50,0.7188,0.3406,72.5,2026-05-27T13:20:02.835Z,2026-05-27T13:20:02.847Z,2026-05-27T13:20:02.847Z
4150,18.2,73.1,438,50,1.2031,0.249,72.5,2026-05-27T13:20:12.973Z,2026-05-27T13:20:12.983Z,2026-05-27T13:20:12.983Z
4151,18.7,73.2,60,50,0.7812,0.2555,72.5,2026-05-27T13:20:23.089Z,2026-05-27T13:20:23.099Z,2026-05-27T13:20:23.099Z
4152,18.8,73.2,1644,350.15,1.0469,0.2568,72.5,2026-05-27T13:20:33.216Z,2026-05-27T13:20:33.228Z,2026-05-27T13:20:33.228Z
4153,16.6,73.2,1396,387.5,0.625,0.2268,72.5,2026-05-27T13:20:43.303Z,2026-05-27T13:20:43.313Z,2026-05-27T13:20:43.313Z
4154,19.1,73.2,2900,50,1.1562,0.2609,72.5,2026-05-27T13:20:53.448Z,2026-05-27T13:20:53.457Z,2026-05-27T13:20:53.457Z
4155,17.6,73.2,0,50,0.625,0.2404,72.5,2026-05-27T13:21:03.534Z,2026-05-27T13:21:03.545Z,2026-05-27T13:21:03.545Z
4156,18.5,73.3,84,50,1.0781,0.2524,72.5,2026-05-27T13:21:13.650Z,2026-05-27T13:21:13.664Z,2026-05-27T13:21:13.664Z
4157,17.5,73.3,0,50,0.5781,0.2387,72.5,2026-05-27T13:21:23.776Z,2026-05-27T13:21:23.785Z,2026-05-27T13:21:23.785Z
4158,17.2,73.3,1517,50,0.5938,0.2347,72.5,2026-05-27T13:21:33.870Z,2026-05-27T13:21:33.882Z,2026-05-27T13:21:33.882Z
4159,18.1,73,0,50,0.5781,0.2479,72.5,2026-05-27T13:21:43.938Z,2026-05-27T13:21:43.949Z,2026-05-27T13:21:43.949Z
4160,16.9,73,0,50,0.6406,0.2315,72.5,2026-05-27T13:21:54.077Z,2026-05-27T13:21:54.087Z,2026-05-27T13:21:54.087Z
4161,17.1,73,0,50,0.5938,0.2342,72.5,2026-05-27T13:22:04.189Z,2026-05-27T13:22:04.199Z,2026-05-27T13:22:04.199Z
4162,20.2,73.7,84,50,0.8125,0.2741,72.5,2026-05-27T13:22:14.368Z,2026-05-27T13:22:14.378Z,2026-05-27T13:22:14.378Z
4163,18.9,73.6,0,50,0.625,0.2568,72.5,2026-05-27T13:22:24.478Z,2026-05-27T13:22:24.487Z,2026-05-27T13:22:24.487Z
4164,16.5,73.6,84,140,0.5312,0.2242,72.5,2026-05-27T13:22:34.608Z,2026-05-27T13:22:34.619Z,2026-05-27T13:22:34.619Z
4165,18.3,73.5,0,50,0.6719,0.249,72.5,2026-05-27T13:22:44.727Z,2026-05-27T13:22:44.739Z,2026-05-27T13:22:44.739Z
4166,17.6,73.5,23246,50,0.625,0.2395,72.5,2026-05-27T13:22:54.843Z,2026-05-27T13:22:54.854Z,2026-05-27T13:22:54.854Z
4167,17.6,73.5,0,50,0.5625,0.2395,72.5,2026-05-27T13:23:04.955Z,2026-05-27T13:23:04.965Z,2026-05-27T13:23:04.965Z
4168,17.7,73.6,317,50,0.6875,0.2405,72.5,2026-05-27T13:23:15.073Z,2026-05-27T13:23:15.082Z,2026-05-27T13:23:15.082Z
4169,18.3,73.4,4462,162.5,0.6562,0.2493,72.5,2026-05-27T13:23:25.169Z,2026-05-27T13:23:25.181Z,2026-05-27T13:23:25.181Z
4170,18,73.3,0,50,0.6875,0.2456,72.5,2026-05-27T13:23:35.244Z,2026-05-27T13:23:35.256Z,2026-05-27T13:23:35.256Z
4171,18.1,73.4,0,387.5,1.125,0.2466,72.5,2026-05-27T13:23:45.374Z,2026-05-27T13:23:45.384Z,2026-05-27T13:23:45.384Z
4172,16.6,73.3,16249,50,0.625,0.2265,72.5,2026-05-27T13:23:55.471Z,2026-05-27T13:23:55.481Z,2026-05-27T13:23:55.481Z
4173,18.1,73.4,0,50,1,0.2466,72.5,2026-05-27T13:24:05.692Z,2026-05-27T13:24:05.702Z,2026-05-27T13:24:05.702Z
4174,17.9,73.4,0,500,0.5938,0.2439,72.5,2026-05-27T13:24:15.816Z,2026-05-27T13:24:15.827Z,2026-05-27T13:24:15.827Z
4175,18.3,73.4,13146,50,0.625,0.2493,72.5,2026-05-27T13:24:25.918Z,2026-05-27T13:24:25.929Z,2026-05-27T13:24:25.929Z
4176,20.3,73.4,769,50,0.6562,0.2766,72.5,2026-05-27T13:24:36.014Z,2026-05-27T13:24:36.024Z,2026-05-27T13:24:36.024Z
4177,17.2,73.5,68,50,0.625,0.234,72.5,2026-05-27T13:24:46.107Z,2026-05-27T13:24:46.119Z,2026-05-27T13:24:46.119Z
4178,17.9,73.5,162,50,0.5938,0.2435,72.5,2026-05-27T13:24:56.229Z,2026-05-27T13:24:56.240Z,2026-05-27T13:24:56.240Z
4179,16.5,73.5,3869,275,0.6094,0.2245,72.5,2026-05-27T13:25:06.341Z,2026-05-27T13:25:06.353Z,2026-05-27T13:25:06.353Z
4180,18.3,73.5,42,50,1.0312,0.249,72.5,2026-05-27T13:25:16.455Z,2026-05-27T13:25:16.466Z,2026-05-27T13:25:16.466Z
4181,17.7,73.5,0,50,0.6094,0.2408,72.5,2026-05-27T13:25:26.574Z,2026-05-27T13:25:26.585Z,2026-05-27T13:25:26.585Z
4182,17.7,73.5,0,50,0.5312,0.2408,72.5,2026-05-27T13:25:36.683Z,2026-05-27T13:25:36.693Z,2026-05-27T13:25:36.693Z
4183,19,73.5,0,50,0.5625,0.2585,72.5,2026-05-27T13:25:46.879Z,2026-05-27T13:25:46.894Z,2026-05-27T13:25:46.894Z
4184,18.4,73.5,0,162.5,0.5469,0.2503,72.5,2026-05-27T13:25:56.976Z,2026-05-27T13:25:56.985Z,2026-05-27T13:25:56.985Z
4185,18.8,73.6,139,50,0.5625,0.2554,72.5,2026-05-27T13:26:07.075Z,2026-05-27T13:26:07.086Z,2026-05-27T13:26:07.086Z
4186,17.1,73.6,0,50,0.5469,0.2323,72.5,2026-05-27T13:26:17.155Z,2026-05-27T13:26:17.166Z,2026-05-27T13:26:17.166Z
4187,18.4,73.6,0,50,0.75,0.25,72.5,2026-05-27T13:26:27.267Z,2026-05-27T13:26:27.279Z,2026-05-27T13:26:27.279Z
4188,16.2,73.6,139,50,0.5625,0.2201,72.5,2026-05-27T13:26:37.387Z,2026-05-27T13:26:37.404Z,2026-05-27T13:26:37.404Z
4189,19,73.6,260,50,1.0938,0.2582,72.5,2026-05-27T13:26:47.479Z,2026-05-27T13:26:47.488Z,2026-05-27T13:26:47.488Z
4190,16.1,73.6,0,50,0.5938,0.2188,72.5,2026-05-27T13:26:57.576Z,2026-05-27T13:26:57.586Z,2026-05-27T13:26:57.586Z
4191,19,73.7,139,275,1.1875,0.2578,72.5,2026-05-27T13:27:07.770Z,2026-05-27T13:27:07.780Z,2026-05-27T13:27:07.780Z
4192,16.7,73.7,138,50,0.5,0.2266,72.5,2026-05-27T13:27:17.877Z,2026-05-27T13:27:17.887Z,2026-05-27T13:27:17.887Z
4193,18.3,73.7,121,275,0.8125,0.2483,72.5,2026-05-27T13:27:28.018Z,2026-05-27T13:27:28.031Z,2026-05-27T13:27:28.031Z
4194,18.3,73.7,617,50,0.7344,0.2483,72.5,2026-05-27T13:27:38.100Z,2026-05-27T13:27:38.110Z,2026-05-27T13:27:38.110Z
4195,17.1,73.6,8974,50,0.7344,0.2323,72.5,2026-05-27T13:27:48.245Z,2026-05-27T13:27:48.257Z,2026-05-27T13:27:48.257Z
4196,18.7,73.7,659,50,0.6875,0.2537,72.5,2026-05-27T13:27:58.369Z,2026-05-27T13:27:58.380Z,2026-05-27T13:27:58.380Z
4197,16.6,73.7,84,50,0.625,0.2252,72.5,2026-05-27T13:28:08.465Z,2026-05-27T13:28:08.475Z,2026-05-27T13:28:08.475Z
4198,20.1,73.6,138,275,1.0781,0.2731,72.5,2026-05-27T13:28:18.614Z,2026-05-27T13:28:18.626Z,2026-05-27T13:28:18.626Z
4199,17.6,73.7,13852,50,0.625,0.2388,72.5,2026-05-27T13:28:28.751Z,2026-05-27T13:28:28.762Z,2026-05-27T13:28:28.762Z
4200,19.3,73.7,332,50,1.1562,0.2619,72.5,2026-05-27T13:28:38.830Z,2026-05-27T13:28:38.841Z,2026-05-27T13:28:38.841Z
4201,17.6,73.7,10203,500,0.7812,0.2388,72.5,2026-05-27T13:28:48.936Z,2026-05-27T13:28:48.949Z,2026-05-27T13:28:48.949Z
4202,21.5,74,6570,50,1.0625,0.2905,72.5,2026-05-27T13:28:59.061Z,2026-05-27T13:28:59.070Z,2026-05-27T13:28:59.070Z
4203,17.7,74.1,43489,50,0.875,0.2389,72.5,2026-05-27T13:29:09.172Z,2026-05-27T13:29:09.181Z,2026-05-27T13:29:09.181Z
4204,18.5,74.1,0,275,1.0625,0.2497,72.5,2026-05-27T13:29:19.261Z,2026-05-27T13:29:19.272Z,2026-05-27T13:29:19.272Z
4205,19,74.1,0,275,0.6562,0.2564,72.5,2026-05-27T13:29:29.365Z,2026-05-27T13:29:29.376Z,2026-05-27T13:29:29.376Z
4206,19.1,74.1,0,50,1.0781,0.2578,72.5,2026-05-27T13:29:39.460Z,2026-05-27T13:29:39.472Z,2026-05-27T13:29:39.472Z
4207,16.6,74.1,0,50,0.5938,0.224,72.5,2026-05-27T13:29:49.574Z,2026-05-27T13:29:49.583Z,2026-05-27T13:29:49.583Z
4208,19,74.1,400,500,1.2031,0.2564,72.5,2026-05-27T13:29:59.693Z,2026-05-27T13:29:59.705Z,2026-05-27T13:29:59.705Z
4209,20,74.1,55382,50,0.8594,0.2699,72.5,2026-05-27T13:30:09.806Z,2026-05-27T13:30:09.816Z,2026-05-27T13:30:09.816Z
4210,19.3,74.1,371,50,1.0625,0.2605,72.5,2026-05-27T13:30:19.936Z,2026-05-27T13:30:19.947Z,2026-05-27T13:30:19.947Z
4211,18.2,74.1,386,50,0.7031,0.2456,72.5,2026-05-27T13:30:30.047Z,2026-05-27T13:30:30.058Z,2026-05-27T13:30:30.058Z
4212,18.5,74,308,50,1.1562,0.25,72.5,2026-05-27T13:30:40.144Z,2026-05-27T13:30:40.156Z,2026-05-27T13:30:40.156Z
4213,17.2,74,138,50,0.6094,0.2324,72.5,2026-05-27T13:30:50.230Z,2026-05-27T13:30:50.243Z,2026-05-27T13:30:50.243Z
4214,19.5,74,1625,140,0.8125,0.2635,72.5,2026-05-27T13:31:00.309Z,2026-05-27T13:31:00.320Z,2026-05-27T13:31:00.320Z
4215,17.4,74.1,1534,50,0.7188,0.2348,72.5,2026-05-27T13:31:10.419Z,2026-05-27T13:31:10.428Z,2026-05-27T13:31:10.428Z
4216,18,74.1,2656,50,0.625,0.2429,72.5,2026-05-27T13:31:20.565Z,2026-05-27T13:31:20.574Z,2026-05-27T13:31:20.574Z
4217,17.8,74,0,50,0.6094,0.2405,72.5,2026-05-27T13:31:30.653Z,2026-05-27T13:31:30.664Z,2026-05-27T13:31:30.664Z
4218,18.9,74.2,6516,50,0.6719,0.2547,72.5,2026-05-27T13:31:40.751Z,2026-05-27T13:31:40.762Z,2026-05-27T13:31:40.762Z
4219,17.3,74.2,168,50,0.6094,0.2332,72.5,2026-05-27T13:31:50.834Z,2026-05-27T13:31:50.847Z,2026-05-27T13:31:50.847Z
4220,19.4,74.2,168,50,0.8281,0.2615,72.5,2026-05-27T13:32:00.932Z,2026-05-27T13:32:00.945Z,2026-05-27T13:32:00.945Z
4221,20.5,74.3,14181,50,1.2188,0.2759,72.5,2026-05-27T13:32:11.052Z,2026-05-27T13:32:11.064Z,2026-05-27T13:32:11.064Z
4222,18.3,74.1,126,50,0.5938,0.247,72.5,2026-05-27T13:32:21.146Z,2026-05-27T13:32:21.157Z,2026-05-27T13:32:21.157Z
4223,19.1,74.1,1406,50,0.6875,0.2578,72.5,2026-05-27T13:32:31.253Z,2026-05-27T13:32:31.265Z,2026-05-27T13:32:31.265Z
4224,17.4,74.1,84,199.85,0.625,0.2348,72.5,2026-05-27T13:32:41.362Z,2026-05-27T13:32:41.371Z,2026-05-27T13:32:41.371Z
4225,17.9,74,5282,140,0.7188,0.2419,72.5,2026-05-27T13:32:51.467Z,2026-05-27T13:32:51.478Z,2026-05-27T13:32:51.478Z
4226,17.5,74,787,162.5,0.6875,0.2365,72.5,2026-05-27T13:33:01.598Z,2026-05-27T13:33:01.608Z,2026-05-27T13:33:01.608Z
4227,19.6,74.1,402,50,0.75,0.2645,72.5,2026-05-27T13:33:11.696Z,2026-05-27T13:33:11.705Z,2026-05-27T13:33:11.705Z
4228,17.2,74,1535,50,0.7344,0.2324,72.5,2026-05-27T13:33:21.783Z,2026-05-27T13:33:21.793Z,2026-05-27T13:33:21.793Z
4229,20.6,74.1,1116,50,0.6562,0.278,72.5,2026-05-27T13:33:31.893Z,2026-05-27T13:33:31.902Z,2026-05-27T13:33:31.902Z
4230,17.1,74.1,36924,50,0.75,0.2308,72.5,2026-05-27T13:33:41.996Z,2026-05-27T13:33:42.005Z,2026-05-27T13:33:42.005Z
4231,19.2,74.1,826,50,0.6094,0.2591,72.5,2026-05-27T13:33:52.094Z,2026-05-27T13:33:52.103Z,2026-05-27T13:33:52.103Z
4232,19,74.1,84,50,1.25,0.2564,72.5,2026-05-27T13:34:02.211Z,2026-05-27T13:34:02.220Z,2026-05-27T13:34:02.220Z
4233,17.6,74.1,284,50,0.6875,0.2375,72.5,2026-05-27T13:34:12.317Z,2026-05-27T13:34:12.329Z,2026-05-27T13:34:12.329Z
4234,18.7,74.1,1362,50,1.0938,0.2524,72.5,2026-05-27T13:34:22.427Z,2026-05-27T13:34:22.438Z,2026-05-27T13:34:22.438Z
4235,19,74,2634,50,0.5781,0.2568,72.5,2026-05-27T13:34:32.571Z,2026-05-27T13:34:32.581Z,2026-05-27T13:34:32.581Z
4236,19.1,74.1,204,50,1.3906,0.2578,72.5,2026-05-27T13:34:42.659Z,2026-05-27T13:34:42.668Z,2026-05-27T13:34:42.668Z
4237,18,74.1,636,50,0.6406,0.2429,72.5,2026-05-27T13:34:52.744Z,2026-05-27T13:34:52.756Z,2026-05-27T13:34:52.756Z
4238,30.8,73.5,826,50,1.1875,0.419,72.5,2026-05-27T13:35:02.872Z,2026-05-27T13:35:02.881Z,2026-05-27T13:35:02.881Z
4239,16.9,73.5,269,50,0.6094,0.2299,72.5,2026-05-27T13:35:12.956Z,2026-05-27T13:35:12.966Z,2026-05-27T13:35:12.966Z
4240,18.2,73.6,1552,50,1.0156,0.2473,72.5,2026-05-27T13:35:23.032Z,2026-05-27T13:35:23.044Z,2026-05-27T13:35:23.044Z
4241,18.9,73.6,42,500,0.6406,0.2568,72.5,2026-05-27T13:35:33.241Z,2026-05-27T13:35:33.253Z,2026-05-27T13:35:33.253Z
4242,18.1,73.6,14777,50,1.1406,0.2459,72.5,2026-05-27T13:35:43.337Z,2026-05-27T13:35:43.349Z,2026-05-27T13:35:43.349Z
4243,16.8,73.6,126,50,0.6406,0.2283,72.5,2026-05-27T13:35:53.440Z,2026-05-27T13:35:53.450Z,2026-05-27T13:35:53.450Z
4244,19,73.6,42,50,1.0938,0.2582,72.5,2026-05-27T13:36:03.555Z,2026-05-27T13:36:03.566Z,2026-05-27T13:36:03.566Z
4245,17.8,73.6,84,50,0.5938,0.2418,72.5,2026-05-27T13:36:13.638Z,2026-05-27T13:36:13.648Z,2026-05-27T13:36:13.648Z
4246,17.8,73.6,42,50,1.0312,0.2418,72.5,2026-05-27T13:36:23.740Z,2026-05-27T13:36:23.750Z,2026-05-27T13:36:23.750Z
4247,17.3,73.6,755,50,0.6094,0.2351,72.5,2026-05-27T13:36:33.859Z,2026-05-27T13:36:33.870Z,2026-05-27T13:36:33.870Z
4248,18.3,73.6,2117,199.85,1.125,0.2486,72.5,2026-05-27T13:36:43.940Z,2026-05-27T13:36:43.952Z,2026-05-27T13:36:43.952Z
4249,17,73.6,767,275,0.6094,0.231,72.5,2026-05-27T13:36:54.013Z,2026-05-27T13:36:54.025Z,2026-05-27T13:36:54.025Z
4250,18.2,73.7,42,50,1.125,0.2469,72.5,2026-05-27T13:37:04.126Z,2026-05-27T13:37:04.138Z,2026-05-27T13:37:04.138Z
4251,16.4,73.7,512,50,0.6094,0.2225,72.5,2026-05-27T13:37:14.234Z,2026-05-27T13:37:14.245Z,2026-05-27T13:37:14.245Z
4252,17.7,73.7,3872,50,1.2031,0.2402,72.5,2026-05-27T13:37:24.321Z,2026-05-27T13:37:24.332Z,2026-05-27T13:37:24.332Z
4253,17.5,73.7,180,50,0.5938,0.2374,72.5,2026-05-27T13:37:34.457Z,2026-05-27T13:37:34.467Z,2026-05-27T13:37:34.467Z
4254,17.1,73.5,84,50,1.125,0.2327,72.5,2026-05-27T13:37:44.545Z,2026-05-27T13:37:44.556Z,2026-05-27T13:37:44.556Z
4255,17,73.5,368,50,0.625,0.2313,72.5,2026-05-27T13:37:54.659Z,2026-05-27T13:37:54.668Z,2026-05-27T13:37:54.668Z
4256,19.8,73.5,1454,50,1.1875,0.2694,72.5,2026-05-27T13:38:04.789Z,2026-05-27T13:38:04.799Z,2026-05-27T13:38:04.799Z
4257,18,74,146,50,0.7031,0.2432,72.5,2026-05-27T13:38:14.915Z,2026-05-27T13:38:14.927Z,2026-05-27T13:38:14.927Z
4258,18.9,74,0,50,1.125,0.2554,72.5,2026-05-27T13:38:25.021Z,2026-05-27T13:38:25.036Z,2026-05-27T13:38:25.036Z
4259,18.6,73.9,142,50,0.75,0.2517,72.5,2026-05-27T13:38:35.223Z,2026-05-27T13:38:35.239Z,2026-05-27T13:38:35.239Z
4260,19.7,73.9,0,50,1.2031,0.2666,72.5,2026-05-27T13:38:45.333Z,2026-05-27T13:38:45.346Z,2026-05-27T13:38:45.346Z
4261,16.1,73.9,2038,50,0.5625,0.2179,72.5,2026-05-27T13:38:55.467Z,2026-05-27T13:38:55.476Z,2026-05-27T13:38:55.476Z
4262,18.5,73.8,0,275,1.0781,0.2507,72.5,2026-05-27T13:39:05.543Z,2026-05-27T13:39:05.553Z,2026-05-27T13:39:05.553Z
4263,18.4,73.8,371,50,0.8906,0.2493,72.5,2026-05-27T13:39:15.655Z,2026-05-27T13:39:15.671Z,2026-05-27T13:39:15.671Z
4264,19.9,73.9,7684,50,1.2344,0.2693,72.5,2026-05-27T13:39:25.764Z,2026-05-27T13:39:25.773Z,2026-05-27T13:39:25.773Z
4265,18.2,73.8,10650,50,0.625,0.2466,72.5,2026-05-27T13:39:35.856Z,2026-05-27T13:39:35.870Z,2026-05-27T13:39:35.870Z
4266,20,73.9,4120,500,1.2188,0.2706,72.5,2026-05-27T13:39:45.931Z,2026-05-27T13:39:45.943Z,2026-05-27T13:39:45.943Z
4267,16.8,73.9,14670,275,0.625,0.2273,72.5,2026-05-27T13:39:56.028Z,2026-05-27T13:39:56.038Z,2026-05-27T13:39:56.038Z
4268,21.1,74,2949,50,1.2969,0.2851,72.5,2026-05-27T13:40:06.116Z,2026-05-27T13:40:06.125Z,2026-05-27T13:40:06.125Z
4269,17.6,73.8,0,50,0.5312,0.2385,72.5,2026-05-27T13:40:16.211Z,2026-05-27T13:40:16.221Z,2026-05-27T13:40:16.221Z
4270,20.1,73.7,0,350.15,1.1719,0.2727,72.5,2026-05-27T13:40:26.326Z,2026-05-27T13:40:26.337Z,2026-05-27T13:40:26.337Z
4271,18.5,73.6,14258,50,0.9062,0.2514,72.5,2026-05-27T13:40:36.429Z,2026-05-27T13:40:36.441Z,2026-05-27T13:40:36.441Z
4272,17.2,73.6,0,350.15,0.625,0.2337,72.5,2026-05-27T13:40:46.557Z,2026-05-27T13:40:46.575Z,2026-05-27T13:40:46.575Z
4273,18.5,73.7,0,50,0.5312,0.251,72.5,2026-05-27T13:40:56.631Z,2026-05-27T13:40:56.642Z,2026-05-27T13:40:56.642Z
4274,18.4,73.6,5175,50,0.6094,0.25,72.5,2026-05-27T13:41:06.743Z,2026-05-27T13:41:06.752Z,2026-05-27T13:41:06.752Z
4275,19.6,73.6,0,50,0.5469,0.2663,72.5,2026-05-27T13:41:16.876Z,2026-05-27T13:41:16.885Z,2026-05-27T13:41:16.885Z
4276,17.2,73.6,0,50,0.6562,0.2337,72.5,2026-05-27T13:41:26.973Z,2026-05-27T13:41:26.982Z,2026-05-27T13:41:26.982Z
4277,19.3,73.6,4228,50,0.5781,0.2622,72.5,2026-05-27T13:41:37.066Z,2026-05-27T13:41:37.079Z,2026-05-27T13:41:37.079Z
4278,16.5,73.6,5856,50,0.5781,0.2242,72.5,2026-05-27T13:41:47.174Z,2026-05-27T13:41:47.184Z,2026-05-27T13:41:47.184Z
4279,19.1,73.7,4630,50,1.125,0.2592,72.5,2026-05-27T13:41:57.280Z,2026-05-27T13:41:57.290Z,2026-05-27T13:41:57.290Z
4280,18.3,73.8,2954,50,0.625,0.248,72.5,2026-05-27T13:42:07.389Z,2026-05-27T13:42:07.398Z,2026-05-27T13:42:07.398Z
4281,18.1,73.9,60,50,1.0938,0.2449,72.5,2026-05-27T13:42:17.489Z,2026-05-27T13:42:17.498Z,2026-05-27T13:42:17.498Z
4282,18.9,73.9,362,50,0.5156,0.2558,72.5,2026-05-27T13:42:27.575Z,2026-05-27T13:42:27.585Z,2026-05-27T13:42:27.585Z
4283,21.3,74,7104,50,0.9844,0.2878,72.5,2026-05-27T13:42:37.688Z,2026-05-27T13:42:37.705Z,2026-05-27T13:42:37.705Z
4284,19.7,74,1684,50,0.7031,0.2662,72.5,2026-05-27T13:42:47.791Z,2026-05-27T13:42:47.801Z,2026-05-27T13:42:47.801Z
4285,17.1,74.1,138,50,0.5625,0.2308,72.5,2026-05-27T13:42:57.883Z,2026-05-27T13:42:57.893Z,2026-05-27T13:42:57.893Z
4286,18.8,74.1,15892,500,0.75,0.2537,72.5,2026-05-27T13:43:08.003Z,2026-05-27T13:43:08.015Z,2026-05-27T13:43:08.015Z
4287,20.3,73.9,486,50,1,0.2747,72.5,2026-05-27T13:43:18.098Z,2026-05-27T13:43:18.108Z,2026-05-27T13:43:18.108Z
4288,20.6,74,13585,50,1.1875,0.2784,72.5,2026-05-27T13:43:28.208Z,2026-05-27T13:43:28.218Z,2026-05-27T13:43:28.218Z
4289,30.2,74.2,2025,50,0.6719,0.407,72.5,2026-05-27T13:43:38.305Z,2026-05-27T13:43:38.314Z,2026-05-27T13:43:38.314Z
4290,18.4,73.9,0,275,0.5938,0.249,72.5,2026-05-27T13:43:48.435Z,2026-05-27T13:43:48.519Z,2026-05-27T13:43:48.519Z
4291,19.7,73.9,348,500,0.5156,0.2666,72.5,2026-05-27T13:43:58.540Z,2026-05-27T13:43:58.552Z,2026-05-27T13:43:58.552Z
4292,28.2,74.9,1258,50,2.4375,0.3765,72.5,2026-05-27T13:44:08.708Z,2026-05-27T13:44:08.720Z,2026-05-27T13:44:08.720Z
4293,21.5,74,121,50,0.8281,0.2905,72.5,2026-05-27T13:44:18.788Z,2026-05-27T13:44:18.797Z,2026-05-27T13:44:18.797Z
4294,18.1,74.1,0,50,0.7188,0.2443,72.5,2026-05-27T13:44:28.926Z,2026-05-27T13:44:28.955Z,2026-05-27T13:44:28.955Z
4295,19.6,74,1291,50,1.2188,0.2649,72.5,2026-05-27T13:44:39.032Z,2026-05-27T13:44:39.043Z,2026-05-27T13:44:39.043Z
4296,17.3,74,0,50,0.7188,0.2338,72.5,2026-05-27T13:44:49.121Z,2026-05-27T13:44:49.133Z,2026-05-27T13:44:49.133Z
4297,18,74,0,50,0.9062,0.2432,72.5,2026-05-27T13:44:59.233Z,2026-05-27T13:44:59.246Z,2026-05-27T13:44:59.246Z
4298,18.7,74,18404,162.5,0.8125,0.2527,72.5,2026-05-27T13:45:09.327Z,2026-05-27T13:45:09.340Z,2026-05-27T13:45:09.340Z
4299,17.6,74,0,275,0.7188,0.2378,72.5,2026-05-27T13:45:19.429Z,2026-05-27T13:45:19.440Z,2026-05-27T13:45:19.440Z
4300,19,74,378,50,0.8125,0.2568,72.5,2026-05-27T13:45:29.570Z,2026-05-27T13:45:29.581Z,2026-05-27T13:45:29.581Z
4301,16,74,0,50,0.5781,0.2162,72.5,2026-05-27T13:45:39.691Z,2026-05-27T13:45:39.701Z,2026-05-27T13:45:39.701Z
4302,18.5,74,4695,50,0.7188,0.25,72.5,2026-05-27T13:45:49.911Z,2026-05-27T13:45:49.921Z,2026-05-27T13:45:49.921Z
4303,17.5,73.9,0,350.15,0.8438,0.2368,72.5,2026-05-27T13:46:00.024Z,2026-05-27T13:46:00.045Z,2026-05-27T13:46:00.045Z
4304,18.8,73.9,120,230,1.0781,0.2544,72.5,2026-05-27T13:46:10.168Z,2026-05-27T13:46:10.178Z,2026-05-27T13:46:10.178Z
4305,16.6,73.9,0,50,0.7031,0.2246,72.5,2026-05-27T13:46:20.280Z,2026-05-27T13:46:20.290Z,2026-05-27T13:46:20.290Z
4306,19.1,74,2162,500,1.1719,0.2581,72.5,2026-05-27T13:46:30.477Z,2026-05-27T13:46:30.488Z,2026-05-27T13:46:30.488Z
4307,20,74.2,248,50,0.6406,0.2695,72.5,2026-05-27T13:46:40.561Z,2026-05-27T13:46:40.570Z,2026-05-27T13:46:40.570Z
4308,17,74.2,1051,275,0.4531,0.2291,72.5,2026-05-27T13:46:50.663Z,2026-05-27T13:46:50.674Z,2026-05-27T13:46:50.674Z
4309,17.9,74.2,0,50,0.5625,0.2412,72.5,2026-05-27T13:47:00.775Z,2026-05-27T13:47:00.785Z,2026-05-27T13:47:00.785Z
4310,19.3,74.3,392,500,0.5938,0.2598,72.5,2026-05-27T13:47:10.891Z,2026-05-27T13:47:10.901Z,2026-05-27T13:47:10.901Z
4311,19.2,74.2,3730,50,0.7031,0.2588,72.5,2026-05-27T13:47:21.006Z,2026-05-27T13:47:21.017Z,2026-05-27T13:47:21.017Z
4312,18.6,74,371,50,0.6562,0.2514,72.5,2026-05-27T13:47:31.116Z,2026-05-27T13:47:31.127Z,2026-05-27T13:47:31.127Z
4313,24.2,74,15828,50,0.8125,0.327,72.5,2026-05-27T13:47:41.194Z,2026-05-27T13:47:41.203Z,2026-05-27T13:47:41.203Z
4314,16.4,74,4735,50,0.6875,0.2216,72.5,2026-05-27T13:47:51.299Z,2026-05-27T13:47:51.309Z,2026-05-27T13:47:51.309Z
4315,18.3,74,0,50,0.6719,0.2473,72.5,2026-05-27T13:48:01.432Z,2026-05-27T13:48:01.444Z,2026-05-27T13:48:01.444Z
4316,17.7,74.1,675,50,0.625,0.2389,72.5,2026-05-27T13:48:11.512Z,2026-05-27T13:48:11.523Z,2026-05-27T13:48:11.523Z
4317,19.2,74.1,0,387.5,0.9531,0.2591,72.5,2026-05-27T13:48:21.640Z,2026-05-27T13:48:21.656Z,2026-05-27T13:48:21.656Z
4318,17.3,74,565,50,0.6094,0.2338,72.5,2026-05-27T13:48:31.725Z,2026-05-27T13:48:31.736Z,2026-05-27T13:48:31.736Z
4319,18.3,74.1,248,50,0.9844,0.247,72.5,2026-05-27T13:48:41.817Z,2026-05-27T13:48:41.828Z,2026-05-27T13:48:41.828Z
4320,17,74.1,317,50,0.5313,0.2294,72.5,2026-05-27T13:48:51.908Z,2026-05-27T13:48:51.919Z,2026-05-27T13:48:51.919Z
4321,17.5,74.1,0,50,0.625,0.2362,72.5,2026-05-27T13:49:02.177Z,2026-05-27T13:49:02.187Z,2026-05-27T13:49:02.187Z
4322,18.7,74.1,121,50,0.6562,0.2524,72.5,2026-05-27T13:49:12.299Z,2026-05-27T13:49:12.311Z,2026-05-27T13:49:12.311Z
4323,17.6,74.2,310,50,0.7188,0.2372,72.5,2026-05-27T13:49:22.404Z,2026-05-27T13:49:22.414Z,2026-05-27T13:49:22.414Z
4324,19.3,74.1,120,50,0.625,0.2605,72.5,2026-05-27T13:49:32.521Z,2026-05-27T13:49:32.535Z,2026-05-27T13:49:32.535Z
4325,16.7,74.1,0,50,0.625,0.2254,72.5,2026-05-27T13:49:42.674Z,2026-05-27T13:49:42.683Z,2026-05-27T13:49:42.683Z
4326,18.7,74.2,139,50,0.5781,0.252,72.5,2026-05-27T13:49:52.778Z,2026-05-27T13:49:52.789Z,2026-05-27T13:49:52.789Z
4327,25.1,74,0,275,1.4688,0.3392,72.5,2026-05-27T13:50:02.891Z,2026-05-27T13:50:02.901Z,2026-05-27T13:50:02.901Z
4328,20.3,73.5,0,50,0.7031,0.2762,72.5,2026-05-27T13:50:13.087Z,2026-05-27T13:50:13.097Z,2026-05-27T13:50:13.097Z
4329,16.8,73.6,139,50,0.625,0.2283,72.5,2026-05-27T13:50:23.217Z,2026-05-27T13:50:23.228Z,2026-05-27T13:50:23.228Z
4330,19.1,73.5,248,50,1.1719,0.2599,72.5,2026-05-27T13:50:33.333Z,2026-05-27T13:50:33.345Z,2026-05-27T13:50:33.345Z
4331,16.6,73.5,60,50,0.6719,0.2259,72.5,2026-05-27T13:50:43.426Z,2026-05-27T13:50:43.438Z,2026-05-27T13:50:43.438Z
4332,16.6,73.5,0,50,0.625,0.2259,72.5,2026-05-27T13:50:53.522Z,2026-05-27T13:50:53.533Z,2026-05-27T13:50:53.533Z
4333,19,73.5,0,50,0.6719,0.2585,72.5,2026-05-27T13:51:03.632Z,2026-05-27T13:51:03.644Z,2026-05-27T13:51:03.644Z
4334,19.4,73.5,438,350.15,0.7188,0.2639,72.5,2026-05-27T13:51:13.739Z,2026-05-27T13:51:13.750Z,2026-05-27T13:51:13.750Z
4335,18.6,73.6,0,275,1.25,0.2527,72.5,2026-05-27T13:51:23.848Z,2026-05-27T13:51:23.858Z,2026-05-27T13:51:23.858Z
4336,18.4,73.6,15487,50,0.6719,0.25,72.5,2026-05-27T13:51:33.964Z,2026-05-27T13:51:33.974Z,2026-05-27T13:51:33.974Z
4337,16.7,73.6,0,50,0.6094,0.2269,72.5,2026-05-27T13:51:44.073Z,2026-05-27T13:51:44.083Z,2026-05-27T13:51:44.083Z
4338,18.1,73.6,591,50,0.5312,0.2459,72.5,2026-05-27T13:51:54.168Z,2026-05-27T13:51:54.178Z,2026-05-27T13:51:54.178Z
4339,19,73.8,358,199.85,0.5938,0.2575,72.5,2026-05-27T13:52:04.248Z,2026-05-27T13:52:04.259Z,2026-05-27T13:52:04.259Z
4340,18.5,73.8,437,500,0.5312,0.2507,72.5,2026-05-27T13:52:14.368Z,2026-05-27T13:52:14.378Z,2026-05-27T13:52:14.378Z
4341,18.6,73.7,1431,162.5,0.6562,0.2524,72.5,2026-05-27T13:52:24.492Z,2026-05-27T13:52:24.501Z,2026-05-27T13:52:24.501Z
4342,20,73.7,46786,275,1.2812,0.2714,72.5,2026-05-27T13:52:34.599Z,2026-05-27T13:52:34.609Z,2026-05-27T13:52:34.609Z
4343,15.8,73.7,0,500,0.5781,0.2144,72.5,2026-05-27T13:52:44.709Z,2026-05-27T13:52:44.719Z,2026-05-27T13:52:44.719Z
4344,17,73.6,1472,50,0.6562,0.231,72.5,2026-05-27T13:52:54.879Z,2026-05-27T13:52:54.888Z,2026-05-27T13:52:54.888Z
4345,20.4,73.8,4889,50,0.7188,0.2764,72.5,2026-05-27T13:53:04.975Z,2026-05-27T13:53:04.985Z,2026-05-27T13:53:04.985Z
4346,17.6,73.8,438,50,0.7812,0.2385,72.5,2026-05-27T13:53:15.056Z,2026-05-27T13:53:15.068Z,2026-05-27T13:53:15.068Z
4347,17.8,73.8,60,50,0.5938,0.2412,72.5,2026-05-27T13:53:25.189Z,2026-05-27T13:53:25.198Z,2026-05-27T13:53:25.198Z
4348,19.4,73.8,438,50,0.6562,0.2629,72.5,2026-05-27T13:53:35.283Z,2026-05-27T13:53:35.293Z,2026-05-27T13:53:35.293Z
4349,16.4,73.8,0,50,0.5625,0.2222,72.5,2026-05-27T13:53:45.369Z,2026-05-27T13:53:45.378Z,2026-05-27T13:53:45.378Z
4350,17.1,73.8,576,50,0.5625,0.2317,72.5,2026-05-27T13:53:55.461Z,2026-05-27T13:53:55.471Z,2026-05-27T13:53:55.471Z
4351,18,73.8,0,50,0.6719,0.2439,72.5,2026-05-27T13:54:05.551Z,2026-05-27T13:54:05.563Z,2026-05-27T13:54:05.563Z
4352,21.9,73.9,636,50,1.3125,0.2963,72.5,2026-05-27T13:54:15.637Z,2026-05-27T13:54:15.650Z,2026-05-27T13:54:15.650Z
4353,20.5,73.7,20626,162.5,1.25,0.2782,72.5,2026-05-27T13:54:25.841Z,2026-05-27T13:54:25.851Z,2026-05-27T13:54:25.851Z
4354,5.3,73.7,438,50,0.0469,0.0719,72.5,2026-05-27T13:54:35.975Z,2026-05-27T13:54:35.986Z,2026-05-27T13:54:35.986Z
4355,13.9,74.4,16670,50,0.1562,0.1868,72.5,2026-05-27T13:54:46.089Z,2026-05-27T13:54:46.099Z,2026-05-27T13:54:46.099Z
4356,5.2,74.2,438,50,0.1719,0.0701,72.5,2026-05-27T13:54:56.218Z,2026-05-27T13:54:56.227Z,2026-05-27T13:54:56.227Z
4357,5.5,74.2,0,50,0.0312,0.0741,72.5,2026-05-27T13:55:06.390Z,2026-05-27T13:55:06.403Z,2026-05-27T13:55:06.403Z
4358,6,74,956,50,0.2656,0.0811,72.5,2026-05-27T13:55:16.530Z,2026-05-27T13:55:16.541Z,2026-05-27T13:55:16.541Z
4359,4.2,74,12461,50,0.1719,0.0568,72.5,2026-05-27T13:55:26.706Z,2026-05-27T13:55:26.726Z,2026-05-27T13:55:26.726Z
4360,5,74,439,50,0.1406,0.0676,72.5,2026-05-27T13:55:36.812Z,2026-05-27T13:55:36.822Z,2026-05-27T13:55:36.822Z
4361,4.1,74,14530,162.5,0.4844,0.0554,72.5,2026-05-27T13:55:46.926Z,2026-05-27T13:55:46.936Z,2026-05-27T13:55:46.936Z
4362,2.8,74,18386,275,0.2031,0.0378,72.5,2026-05-27T13:55:57.049Z,2026-05-27T13:55:57.059Z,2026-05-27T13:55:57.059Z
4363,5.3,74,0,50,0.0938,0.0716,72.5,2026-05-27T13:56:07.163Z,2026-05-27T13:56:07.172Z,2026-05-27T13:56:07.172Z
4364,4.7,74,654,50,0.2031,0.0635,72.5,2026-05-27T13:56:17.303Z,2026-05-27T13:56:17.314Z,2026-05-27T13:56:17.314Z
4365,3.3,74,377,50,0.125,0.0446,72.5,2026-05-27T13:56:27.510Z,2026-05-27T13:56:27.526Z,2026-05-27T13:56:27.526Z
4366,8,74,16487,275,0.2969,0.1081,72.5,2026-05-27T13:56:37.633Z,2026-05-27T13:56:37.643Z,2026-05-27T13:56:37.643Z
4367,3.9,73.7,308,50,0.0938,0.0529,72.5,2026-05-27T13:56:47.757Z,2026-05-27T13:56:47.765Z,2026-05-27T13:56:47.765Z
4368,3,73.6,437,50,0.0781,0.0408,72.5,2026-05-27T13:56:57.967Z,2026-05-27T13:56:57.989Z,2026-05-27T13:56:57.989Z
4369,6.9,73.6,3534,275,0.2188,0.0938,72.5,2026-05-27T13:57:08.112Z,2026-05-27T13:57:08.121Z,2026-05-27T13:57:08.121Z
4370,4.9,73.6,786,50,0.0781,0.0666,72.5,2026-05-27T13:57:18.252Z,2026-05-27T13:57:18.262Z,2026-05-27T13:57:18.262Z
4371,3.6,73.6,121,50,0.0781,0.0489,72.5,2026-05-27T13:57:28.374Z,2026-05-27T13:57:28.383Z,2026-05-27T13:57:28.383Z
4372,6,73.6,438,50,0.2031,0.0815,72.5,2026-05-27T13:57:38.500Z,2026-05-27T13:57:38.510Z,2026-05-27T13:57:38.510Z
4373,5.1,73.6,121,50,0.2969,0.0693,72.5,2026-05-27T13:57:48.614Z,2026-05-27T13:57:48.623Z,2026-05-27T13:57:48.623Z
4374,4.1,73.6,658,50,0.0938,0.0557,72.5,2026-05-27T13:57:58.746Z,2026-05-27T13:57:58.755Z,2026-05-27T13:57:58.755Z
4375,5.7,73.6,1089,50,0.4688,0.0774,72.5,2026-05-27T13:58:08.871Z,2026-05-27T13:58:08.881Z,2026-05-27T13:58:08.881Z
4376,5.6,73.6,0,275,0.5781,0.0761,72.5,2026-05-27T13:58:19.006Z,2026-05-27T13:58:19.018Z,2026-05-27T13:58:19.018Z
4377,5.5,73.6,1859,275,0.1719,0.0747,72.5,2026-05-27T13:58:29.114Z,2026-05-27T13:58:29.122Z,2026-05-27T13:58:29.122Z
4378,4.6,73.6,332,275,0.125,0.0625,72.5,2026-05-27T13:58:39.233Z,2026-05-27T13:58:39.244Z,2026-05-27T13:58:39.244Z
4379,6.4,73.6,248,500,0.1875,0.087,72.5,2026-05-27T13:58:49.345Z,2026-05-27T13:58:49.355Z,2026-05-27T13:58:49.355Z
4380,2.2,73.7,0,50,0.125,0.0299,72.5,2026-05-27T13:58:59.463Z,2026-05-27T13:58:59.475Z,2026-05-27T13:58:59.475Z
4381,6.1,73.7,21454,140,0.75,0.0828,72.5,2026-05-27T13:59:09.595Z,2026-05-27T13:59:09.605Z,2026-05-27T13:59:09.605Z
4382,6.9,73.9,4077,50,0.1406,0.0934,72.5,2026-05-27T13:59:19.719Z,2026-05-27T13:59:19.729Z,2026-05-27T13:59:19.729Z
4383,5.7,73.8,0,50,0.375,0.0772,72.5,2026-05-27T13:59:29.840Z,2026-05-27T13:59:29.849Z,2026-05-27T13:59:29.849Z
4384,6,73.7,0,50,0.0938,0.0814,72.5,2026-05-27T13:59:39.948Z,2026-05-27T13:59:39.958Z,2026-05-27T13:59:39.958Z
4385,5.6,73.9,872,50,0.0938,0.0758,72.5,2026-05-27T13:59:50.073Z,2026-05-27T13:59:50.083Z,2026-05-27T13:59:50.083Z
4386,8.8,74.3,358,50,0.1875,0.1184,72.5,2026-05-27T14:00:00.184Z,2026-05-27T14:00:00.194Z,2026-05-27T14:00:00.194Z
4387,8,74.4,0,50,0.25,0.1075,72.5,2026-05-27T14:00:10.309Z,2026-05-27T14:00:10.319Z,2026-05-27T14:00:10.319Z
4388,5.8,74.5,0,50,0.1562,0.0779,72.5,2026-05-27T14:00:20.471Z,2026-05-27T14:00:20.481Z,2026-05-27T14:00:20.481Z
4389,6.7,74.5,248,50,0.2969,0.0899,72.5,2026-05-27T14:00:30.590Z,2026-05-27T14:00:30.599Z,2026-05-27T14:00:30.599Z
4390,6.5,74.5,248,50,0.1562,0.0872,72.5,2026-05-27T14:00:40.705Z,2026-05-27T14:00:40.714Z,2026-05-27T14:00:40.714Z
4391,5.2,74.5,3501,50,0.1406,0.0698,72.5,2026-05-27T14:00:50.828Z,2026-05-27T14:00:50.838Z,2026-05-27T14:00:50.838Z
4392,5.6,74.4,0,50,0.2344,0.0753,72.5,2026-05-27T14:01:00.969Z,2026-05-27T14:01:00.981Z,2026-05-27T14:01:00.981Z
4393,5.9,74.4,60,50,0.1562,0.0793,72.5,2026-05-27T14:01:11.108Z,2026-05-27T14:01:11.117Z,2026-05-27T14:01:11.117Z
4394,7.3,74.4,42,50,0.3125,0.0981,72.5,2026-05-27T14:01:21.224Z,2026-05-27T14:01:21.236Z,2026-05-27T14:01:21.236Z
4395,6.4,74.4,360,50,0.2344,0.086,72.5,2026-05-27T14:01:31.343Z,2026-05-27T14:01:31.354Z,2026-05-27T14:01:31.354Z
4396,7.7,74.4,0,50,0.6562,0.1035,72.5,2026-05-27T14:01:41.465Z,2026-05-27T14:01:41.474Z,2026-05-27T14:01:41.474Z
4397,5,74.4,0,50,0.1562,0.0672,72.5,2026-05-27T14:01:51.572Z,2026-05-27T14:01:51.582Z,2026-05-27T14:01:51.582Z
4398,5,74.4,0,50,0.1719,0.0672,72.5,2026-05-27T14:02:01.695Z,2026-05-27T14:02:01.706Z,2026-05-27T14:02:01.706Z
4399,6.1,74.3,230,199.85,0.2344,0.0821,72.5,2026-05-27T14:02:11.816Z,2026-05-27T14:02:11.824Z,2026-05-27T14:02:11.824Z
4400,7.8,74.3,0,50,0.0938,0.105,72.5,2026-05-27T14:02:21.972Z,2026-05-27T14:02:21.985Z,2026-05-27T14:02:21.985Z
4401,7.3,74.2,248,50,0.3125,0.0984,72.5,2026-05-27T14:02:32.075Z,2026-05-27T14:02:32.086Z,2026-05-27T14:02:32.086Z
4402,6.5,74.3,308,162.5,0.1562,0.0875,72.5,2026-05-27T14:02:42.207Z,2026-05-27T14:02:42.217Z,2026-05-27T14:02:42.217Z
4403,9.1,74.3,0,50,0.2344,0.1225,72.5,2026-05-27T14:02:52.340Z,2026-05-27T14:02:52.355Z,2026-05-27T14:02:52.355Z
4404,7.8,74.3,2832,50,0.3281,0.105,72.5,2026-05-27T14:03:02.487Z,2026-05-27T14:03:02.498Z,2026-05-27T14:03:02.498Z
4405,6.3,74.3,0,500,0.1875,0.0848,72.5,2026-05-27T14:03:12.711Z,2026-05-27T14:03:12.752Z,2026-05-27T14:03:12.752Z
4406,10.2,74.3,1436,50,0.3906,0.1373,72.5,2026-05-27T14:03:22.853Z,2026-05-27T14:03:22.862Z,2026-05-27T14:03:22.862Z
4407,8.5,74.2,3555,230,0.2812,0.1146,72.5,2026-05-27T14:03:33.004Z,2026-05-27T14:03:33.014Z,2026-05-27T14:03:33.014Z
4408,6.4,74.3,0,162.5,0.2812,0.0861,72.5,2026-05-27T14:03:43.160Z,2026-05-27T14:03:43.170Z,2026-05-27T14:03:43.170Z
4409,8,74.3,317,50,0.25,0.1077,72.5,2026-05-27T14:03:53.302Z,2026-05-27T14:03:53.313Z,2026-05-27T14:03:53.313Z
4410,5.1,74.2,0,500,0.2656,0.0687,72.5,2026-05-27T14:04:03.440Z,2026-05-27T14:04:03.453Z,2026-05-27T14:04:03.453Z
4411,9,74.4,13109,50,0.4375,0.121,72.5,2026-05-27T14:04:13.559Z,2026-05-27T14:04:13.568Z,2026-05-27T14:04:13.568Z
4412,9.9,74.2,15904,162.5,0.5,0.1334,72.5,2026-05-27T14:04:23.695Z,2026-05-27T14:04:23.706Z,2026-05-27T14:04:23.706Z
4413,6.7,74.1,0,500,0.0469,0.0904,72.5,2026-05-27T14:04:33.822Z,2026-05-27T14:04:33.833Z,2026-05-27T14:04:33.833Z
4414,9.4,74.2,15636,50,1.2031,0.1267,72.5,2026-05-27T14:04:43.914Z,2026-05-27T14:04:43.923Z,2026-05-27T14:04:43.923Z
4415,7.4,74.2,1054,162.5,0.1094,0.0997,72.5,2026-05-27T14:04:54.065Z,2026-05-27T14:04:54.075Z,2026-05-27T14:04:54.075Z
4416,9.2,74.6,0,50,0.4062,0.1233,72.5,2026-05-27T14:05:04.204Z,2026-05-27T14:05:04.215Z,2026-05-27T14:05:04.215Z
4417,14.5,73.3,0,50,0.0781,0.1978,72.5,2026-05-27T14:05:14.316Z,2026-05-27T14:05:14.327Z,2026-05-27T14:05:14.327Z
4418,7.9,73.4,16373,162.5,0.3438,0.1076,72.5,2026-05-27T14:05:24.450Z,2026-05-27T14:05:24.460Z,2026-05-27T14:05:24.460Z
4419,9.9,73.3,4768,162.5,0.5781,0.1351,72.5,2026-05-27T14:05:34.589Z,2026-05-27T14:05:34.599Z,2026-05-27T14:05:34.599Z
4420,20.3,73.9,320,50,0.2344,0.2747,72.5,2026-05-27T14:05:44.724Z,2026-05-27T14:05:44.732Z,2026-05-27T14:05:44.732Z
4421,9.6,73.6,154,50,0.2812,0.1304,72.5,2026-05-27T14:05:54.843Z,2026-05-27T14:05:54.855Z,2026-05-27T14:05:54.855Z
4422,21.8,74.4,13661,50,1.8438,0.293,72.5,2026-05-27T14:06:04.957Z,2026-05-27T14:06:04.965Z,2026-05-27T14:06:04.965Z
4423,9.4,74,0,50,0.3281,0.127,72.5,2026-05-27T14:06:15.067Z,2026-05-27T14:06:15.077Z,2026-05-27T14:06:15.077Z
4424,11.1,73.8,0,50,0.2344,0.1504,72.5,2026-05-27T14:06:25.176Z,2026-05-27T14:06:25.185Z,2026-05-27T14:06:25.185Z
4425,8.9,73.7,0,50,0.9219,0.1208,72.5,2026-05-27T14:06:35.328Z,2026-05-27T14:06:35.339Z,2026-05-27T14:06:35.339Z
4426,8.4,73.8,371,50,0.375,0.1138,72.5,2026-05-27T14:06:45.457Z,2026-05-27T14:06:45.466Z,2026-05-27T14:06:45.466Z
4427,9.9,73.8,60,50,0.2812,0.1341,72.5,2026-05-27T14:06:55.555Z,2026-05-27T14:06:55.565Z,2026-05-27T14:06:55.565Z
4428,10.8,73.5,0,50,0.4062,0.1469,72.5,2026-05-27T14:07:05.662Z,2026-05-27T14:07:05.672Z,2026-05-27T14:07:05.672Z
4429,11.8,73.9,195,50,0.3125,0.1597,72.5,2026-05-27T14:07:15.835Z,2026-05-27T14:07:15.844Z,2026-05-27T14:07:15.844Z
4430,12.1,73.9,0,50,0.375,0.1637,72.5,2026-05-27T14:07:25.937Z,2026-05-27T14:07:25.947Z,2026-05-27T14:07:25.947Z
4431,10.5,73.8,0,50,0.5625,0.1423,72.5,2026-05-27T14:07:36.107Z,2026-05-27T14:07:36.118Z,2026-05-27T14:07:36.118Z
4432,10.5,73.8,2288,50,0.4219,0.1423,72.5,2026-05-27T14:07:46.252Z,2026-05-27T14:07:46.264Z,2026-05-27T14:07:46.264Z
4433,11.3,73.8,2152,50,0.4688,0.1531,72.5,2026-05-27T14:07:56.406Z,2026-05-27T14:07:56.420Z,2026-05-27T14:07:56.420Z
4434,10.8,73.8,139,50,0.6406,0.1463,72.5,2026-05-27T14:08:06.515Z,2026-05-27T14:08:06.525Z,2026-05-27T14:08:06.525Z
4435,13.6,74,813,275,0.4531,0.1838,72.5,2026-05-27T14:08:16.671Z,2026-05-27T14:08:16.681Z,2026-05-27T14:08:16.681Z
4436,10.9,73.9,14244,162.5,0.3594,0.1475,72.5,2026-05-27T14:08:26.771Z,2026-05-27T14:08:26.782Z,2026-05-27T14:08:26.782Z
4437,11.9,73.9,24369,50,0.6562,0.161,72.5,2026-05-27T14:08:36.912Z,2026-05-27T14:08:36.923Z,2026-05-27T14:08:36.923Z
4438,13,73.8,139,50,0.5,0.1762,72.5,2026-05-27T14:08:47.051Z,2026-05-27T14:08:47.060Z,2026-05-27T14:08:47.060Z
4439,10.8,73.8,0,50,0.375,0.1463,72.5,2026-05-27T14:08:57.164Z,2026-05-27T14:08:57.173Z,2026-05-27T14:08:57.173Z
4440,12.9,73.8,4452,50,1.2031,0.1748,72.5,2026-05-27T14:09:07.281Z,2026-05-27T14:09:07.291Z,2026-05-27T14:09:07.291Z
4441,11.6,73.9,0,275,0.3906,0.157,72.5,2026-05-27T14:09:17.389Z,2026-05-27T14:09:17.398Z,2026-05-27T14:09:17.398Z
4442,12.4,73.8,211,50,0.3906,0.168,72.5,2026-05-27T14:09:27.475Z,2026-05-27T14:09:27.485Z,2026-05-27T14:09:27.485Z
4443,12.5,73.8,1868,50,0.5156,0.1694,72.5,2026-05-27T14:09:37.564Z,2026-05-27T14:09:37.573Z,2026-05-27T14:09:37.573Z
4444,13.5,73.9,4370,50,0.5938,0.1827,72.5,2026-05-27T14:09:47.673Z,2026-05-27T14:09:47.683Z,2026-05-27T14:09:47.683Z
4445,11.5,73.9,735,50,0.3281,0.1556,72.5,2026-05-27T14:09:57.816Z,2026-05-27T14:09:57.828Z,2026-05-27T14:09:57.828Z
4446,12.8,73.9,325,50,0.5625,0.1732,72.5,2026-05-27T14:10:07.918Z,2026-05-27T14:10:07.928Z,2026-05-27T14:10:07.928Z
4447,12.4,73.9,0,50,0.4844,0.1678,72.5,2026-05-27T14:10:18.078Z,2026-05-27T14:10:18.087Z,2026-05-27T14:10:18.087Z
4448,13.1,73.9,60,50,0.625,0.1773,72.5,2026-05-27T14:10:28.171Z,2026-05-27T14:10:28.182Z,2026-05-27T14:10:28.182Z
4449,10.8,73.9,348,50,0.3438,0.1461,72.5,2026-05-27T14:10:38.309Z,2026-05-27T14:10:38.318Z,2026-05-27T14:10:38.318Z
4450,13.7,73.8,248,50,0.5156,0.1856,72.5,2026-05-27T14:10:48.425Z,2026-05-27T14:10:48.435Z,2026-05-27T14:10:48.435Z
4451,13.3,73.6,1884,50,0.4688,0.1807,72.5,2026-05-27T14:10:58.605Z,2026-05-27T14:10:58.616Z,2026-05-27T14:10:58.616Z
4452,13,73.6,0,500,0.4688,0.1766,72.5,2026-05-27T14:11:08.796Z,2026-05-27T14:11:08.816Z,2026-05-27T14:11:08.816Z
4453,16,74,0,162.5,0.4375,0.2162,72.5,2026-05-27T14:11:18.941Z,2026-05-27T14:11:18.951Z,2026-05-27T14:11:18.951Z
4454,19.5,74.1,0,50,0.5625,0.2632,72.5,2026-05-27T14:11:29.158Z,2026-05-27T14:11:29.170Z,2026-05-27T14:11:29.170Z
4455,14.4,74,0,50,0.4219,0.1946,72.5,2026-05-27T14:11:39.241Z,2026-05-27T14:11:39.250Z,2026-05-27T14:11:39.250Z
4456,14.5,74,0,275,0.4688,0.1959,72.5,2026-05-27T14:11:49.353Z,2026-05-27T14:11:49.363Z,2026-05-27T14:11:49.363Z
4457,14,73.9,136,50,0.3906,0.1894,72.5,2026-05-27T14:11:59.489Z,2026-05-27T14:11:59.500Z,2026-05-27T14:11:59.500Z
4458,19.4,74.1,6343,50,1.5469,0.2618,72.5,2026-05-27T14:12:09.589Z,2026-05-27T14:12:09.599Z,2026-05-27T14:12:09.599Z
4459,22.9,74,0,50,0.3594,0.3095,72.5,2026-05-27T14:12:19.688Z,2026-05-27T14:12:19.697Z,2026-05-27T14:12:19.697Z
4460,17.8,74,70,50,0.4219,0.2405,72.5,2026-05-27T14:12:29.786Z,2026-05-27T14:12:29.795Z,2026-05-27T14:12:29.795Z
4461,16.2,74,248,50,1,0.2189,72.5,2026-05-27T14:12:39.881Z,2026-05-27T14:12:39.891Z,2026-05-27T14:12:39.891Z
4462,13.2,74,0,50,0.4375,0.1784,72.5,2026-05-27T14:12:49.987Z,2026-05-27T14:12:49.997Z,2026-05-27T14:12:49.997Z
4463,18.9,73.9,593,50,0.4844,0.2558,72.5,2026-05-27T14:13:00.091Z,2026-05-27T14:13:00.099Z,2026-05-27T14:13:00.099Z
4464,16.2,73.9,0,50,0.5,0.2192,72.5,2026-05-27T14:13:10.192Z,2026-05-27T14:13:10.205Z,2026-05-27T14:13:10.205Z
4465,24.6,74.7,2960,387.5,1.875,0.3293,72.5,2026-05-27T14:13:20.328Z,2026-05-27T14:13:20.345Z,2026-05-27T14:13:20.345Z
4466,26.9,74.4,35117,50,1.3125,0.3616,72.5,2026-05-27T14:13:30.419Z,2026-05-27T14:13:30.432Z,2026-05-27T14:13:30.432Z
4467,18.3,74.1,2441,50,0.9688,0.247,72.5,2026-05-27T14:13:40.502Z,2026-05-27T14:13:40.512Z,2026-05-27T14:13:40.512Z
4468,17,74,42186,50,0.9688,0.2297,72.5,2026-05-27T14:13:50.595Z,2026-05-27T14:13:50.607Z,2026-05-27T14:13:50.607Z
4469,16.7,74.1,2832,275,0.9688,0.2254,72.5,2026-05-27T14:14:00.740Z,2026-05-27T14:14:00.751Z,2026-05-27T14:14:00.751Z
4470,31.2,74.5,2346,50,0.8281,0.4188,72.5,2026-05-27T14:14:10.847Z,2026-05-27T14:14:10.858Z,2026-05-27T14:14:10.858Z
4471,17.8,74.2,2093,50,0.5625,0.2399,72.5,2026-05-27T14:14:20.983Z,2026-05-27T14:14:20.992Z,2026-05-27T14:14:20.992Z
4472,16.5,74.3,0,50,0.6094,0.2221,72.5,2026-05-27T14:14:31.082Z,2026-05-27T14:14:31.092Z,2026-05-27T14:14:31.092Z
4473,15.9,74.2,1258,162.5,0.4531,0.2143,72.5,2026-05-27T14:14:41.194Z,2026-05-27T14:14:41.203Z,2026-05-27T14:14:41.203Z
4474,16.1,74.2,60,50,0.6562,0.217,72.5,2026-05-27T14:14:51.290Z,2026-05-27T14:14:51.300Z,2026-05-27T14:14:51.300Z
4475,17.3,74.2,142,50,0.5938,0.2332,72.5,2026-05-27T14:15:01.484Z,2026-05-27T14:15:01.522Z,2026-05-27T14:15:01.522Z
4476,18.8,74.4,0,50,0.6406,0.2527,72.5,2026-05-27T14:15:11.591Z,2026-05-27T14:15:11.600Z,2026-05-27T14:15:11.600Z
4477,21.2,74.4,1682,50,0.7656,0.2849,72.5,2026-05-27T14:15:21.697Z,2026-05-27T14:15:21.705Z,2026-05-27T14:15:21.705Z
4478,18.4,74.4,0,50,1.125,0.2473,72.5,2026-05-27T14:15:31.787Z,2026-05-27T14:15:31.796Z,2026-05-27T14:15:31.796Z
4479,16.3,74.3,1423,50,0.5,0.2194,72.5,2026-05-27T14:15:41.908Z,2026-05-27T14:15:41.918Z,2026-05-27T14:15:41.918Z
4480,16,74.3,3811,140,0.7031,0.2153,72.5,2026-05-27T14:15:52.048Z,2026-05-27T14:15:52.060Z,2026-05-27T14:15:52.060Z
4481,16.9,74.4,121,50,0.5312,0.2272,72.5,2026-05-27T14:16:02.216Z,2026-05-27T14:16:02.224Z,2026-05-27T14:16:02.224Z
4482,16.8,74.4,571,50,0.5,0.2258,72.5,2026-05-27T14:16:12.331Z,2026-05-27T14:16:12.341Z,2026-05-27T14:16:12.341Z
4483,17.1,74.4,33546,275,1.1875,0.2298,72.5,2026-05-27T14:16:22.474Z,2026-05-27T14:16:22.483Z,2026-05-27T14:16:22.483Z
4484,16.7,74.3,1619,140,0.5625,0.2248,72.5,2026-05-27T14:16:32.578Z,2026-05-27T14:16:32.590Z,2026-05-27T14:16:32.590Z
4485,15.8,74.4,1423,50,0.5156,0.2124,72.5,2026-05-27T14:16:42.696Z,2026-05-27T14:16:42.705Z,2026-05-27T14:16:42.705Z
4486,27.6,74.9,0,350.15,0.9375,0.3685,72.5,2026-05-27T14:16:52.795Z,2026-05-27T14:16:52.804Z,2026-05-27T14:16:52.804Z
4487,18.6,74.6,9738,50,1.3594,0.2493,72.5,2026-05-27T14:17:02.897Z,2026-05-27T14:17:02.905Z,2026-05-27T14:17:02.905Z
4488,17.5,74.5,387,50,0.4844,0.2349,72.5,2026-05-27T14:17:12.996Z,2026-05-27T14:17:13.005Z,2026-05-27T14:17:13.005Z
4489,16.5,74.5,60,50,0.5781,0.2215,72.5,2026-05-27T14:17:23.093Z,2026-05-27T14:17:23.102Z,2026-05-27T14:17:23.102Z
4490,17.5,74.4,1499,50,0.7031,0.2352,72.5,2026-05-27T14:17:33.206Z,2026-05-27T14:17:33.216Z,2026-05-27T14:17:33.216Z
4491,19.2,74.5,422,199.85,1.0469,0.2577,72.5,2026-05-27T14:17:43.298Z,2026-05-27T14:17:43.308Z,2026-05-27T14:17:43.308Z
4492,15.3,74.5,137,500,0.4375,0.2054,72.5,2026-05-27T14:17:53.395Z,2026-05-27T14:17:53.404Z,2026-05-27T14:17:53.404Z
4493,17.3,74.5,2245,50,0.6562,0.2322,72.5,2026-05-27T14:18:03.476Z,2026-05-27T14:18:03.486Z,2026-05-27T14:18:03.486Z
4494,17.5,74.5,2513,275,0.6562,0.2349,72.5,2026-05-27T14:18:13.557Z,2026-05-27T14:18:13.568Z,2026-05-27T14:18:13.568Z
4495,17.6,74.5,0,50,0.5781,0.2362,72.5,2026-05-27T14:18:23.692Z,2026-05-27T14:18:23.701Z,2026-05-27T14:18:23.701Z
4496,16.2,74.4,1135,50,0.4688,0.2177,72.5,2026-05-27T14:18:33.801Z,2026-05-27T14:18:33.811Z,2026-05-27T14:18:33.811Z
4497,18.3,74.5,60,50,0.6562,0.2456,72.5,2026-05-27T14:18:43.910Z,2026-05-27T14:18:43.921Z,2026-05-27T14:18:43.921Z
4498,18.2,74.5,568,50,0.6719,0.2443,72.5,2026-05-27T14:18:53.996Z,2026-05-27T14:18:54.007Z,2026-05-27T14:18:54.007Z
4499,17.5,74.5,2852,50,0.5938,0.2349,72.5,2026-05-27T14:19:04.114Z,2026-05-27T14:19:04.123Z,2026-05-27T14:19:04.123Z
4500,18.2,74.5,0,50,0.5312,0.2443,72.5,2026-05-27T14:19:14.233Z,2026-05-27T14:19:14.243Z,2026-05-27T14:19:14.243Z
4501,18,74.5,2905,50,0.7031,0.2416,72.5,2026-05-27T14:19:24.345Z,2026-05-27T14:19:24.356Z,2026-05-27T14:19:24.356Z
4502,17,74.4,137,50,0.625,0.2285,72.5,2026-05-27T14:19:34.466Z,2026-05-27T14:19:34.478Z,2026-05-27T14:19:34.478Z
4503,18,74.5,13939,50,0.6719,0.2416,72.5,2026-05-27T14:19:44.622Z,2026-05-27T14:19:44.655Z,2026-05-27T14:19:44.655Z
4504,21,74.3,317,50,1.4375,0.2826,72.5,2026-05-27T14:19:54.746Z,2026-05-27T14:19:54.755Z,2026-05-27T14:19:54.755Z
4505,16.1,74.3,1264,50,0.6406,0.2167,72.5,2026-05-27T14:20:04.866Z,2026-05-27T14:20:04.878Z,2026-05-27T14:20:04.878Z
4506,26.4,73.9,14195,50,1.2969,0.3572,72.5,2026-05-27T14:20:14.941Z,2026-05-27T14:20:14.951Z,2026-05-27T14:20:14.951Z
4507,16.6,74,1258,50,0.6406,0.2243,72.5,2026-05-27T14:20:25.042Z,2026-05-27T14:20:25.053Z,2026-05-27T14:20:25.053Z
4508,17,73.9,0,50,0.6875,0.23,72.5,2026-05-27T14:20:36.193Z,2026-05-27T14:20:36.209Z,2026-05-27T14:20:36.209Z
4509,18.4,73.9,11284,275,0.5625,0.249,72.5,2026-05-27T14:20:46.283Z,2026-05-27T14:20:46.295Z,2026-05-27T14:20:46.295Z
4510,17.3,74,495,50,0.6562,0.2338,72.5,2026-05-27T14:20:56.398Z,2026-05-27T14:20:56.409Z,2026-05-27T14:20:56.409Z
4511,24.9,74.3,416,50,1.1406,0.3351,72.5,2026-05-27T14:21:06.531Z,2026-05-27T14:21:06.540Z,2026-05-27T14:21:06.540Z
4512,19.7,73.5,400,50,0.5469,0.268,72.5,2026-05-27T14:21:16.644Z,2026-05-27T14:21:16.656Z,2026-05-27T14:21:16.656Z
4513,17.7,73.4,5001,50,0.6562,0.2411,72.5,2026-05-27T14:21:26.792Z,2026-05-27T14:21:26.801Z,2026-05-27T14:21:26.801Z
4514,18.2,73.3,646,500,0.5625,0.2483,72.5,2026-05-27T14:21:36.927Z,2026-05-27T14:21:36.937Z,2026-05-27T14:21:36.937Z
4515,17.6,73.3,856,50,0.6562,0.2401,72.5,2026-05-27T14:21:47.043Z,2026-05-27T14:21:47.054Z,2026-05-27T14:21:47.054Z
4516,18.2,73.4,1101,50,0.6875,0.248,72.5,2026-05-27T14:21:57.164Z,2026-05-27T14:21:57.176Z,2026-05-27T14:21:57.176Z
4517,19,73.4,42,50,0.5781,0.2589,72.5,2026-05-27T14:22:07.263Z,2026-05-27T14:22:07.274Z,2026-05-27T14:22:07.274Z
4518,20,73.6,3954,50,1.2812,0.2717,72.5,2026-05-27T14:22:17.365Z,2026-05-27T14:22:17.376Z,2026-05-27T14:22:17.376Z
4519,16.2,73.6,204,50,0.5625,0.2201,72.5,2026-05-27T14:22:27.492Z,2026-05-27T14:22:27.535Z,2026-05-27T14:22:27.535Z
4520,17.6,73.6,4476,50,0.6562,0.2391,72.5,2026-05-27T14:22:37.632Z,2026-05-27T14:22:37.642Z,2026-05-27T14:22:37.642Z
4521,19.3,73.5,770,275,0.8594,0.2626,72.5,2026-05-27T14:22:47.778Z,2026-05-27T14:22:47.795Z,2026-05-27T14:22:47.795Z
4522,16.2,73.3,1061,50,0.6563,0.221,72.5,2026-05-27T14:22:57.869Z,2026-05-27T14:22:57.886Z,2026-05-27T14:22:57.886Z
4523,20.3,73.7,3263,50,0.8281,0.2754,72.5,2026-05-27T14:23:08.057Z,2026-05-27T14:23:08.070Z,2026-05-27T14:23:08.070Z
4524,18.8,73.7,390,50,0.625,0.2551,72.5,2026-05-27T14:23:18.212Z,2026-05-27T14:23:18.222Z,2026-05-27T14:23:18.222Z
4525,19,73.8,13962,50,1.1562,0.2575,72.5,2026-05-27T14:23:28.293Z,2026-05-27T14:23:28.303Z,2026-05-27T14:23:28.303Z
4526,17.7,73.6,84,50,0.5781,0.2405,72.5,2026-05-27T14:23:38.393Z,2026-05-27T14:23:38.404Z,2026-05-27T14:23:38.404Z
4527,16.8,73.6,400,50,0.6875,0.2283,72.5,2026-05-27T14:23:48.511Z,2026-05-27T14:23:48.521Z,2026-05-27T14:23:48.521Z
4528,18.9,73.7,42,50,0.6406,0.2564,72.5,2026-05-27T14:23:58.629Z,2026-05-27T14:23:58.640Z,2026-05-27T14:23:58.640Z
4529,17.7,73.7,480,50,0.9531,0.2402,72.5,2026-05-27T14:24:08.749Z,2026-05-27T14:24:08.763Z,2026-05-27T14:24:08.763Z
4530,20.4,73.8,1798,50,0.6875,0.2764,72.5,2026-05-27T14:24:18.869Z,2026-05-27T14:24:18.881Z,2026-05-27T14:24:18.881Z
4531,18.2,73.8,7845,50,0.8281,0.2466,72.5,2026-05-27T14:24:28.985Z,2026-05-27T14:24:28.996Z,2026-05-27T14:24:28.996Z
4532,18.2,73.7,1478,50,0.6094,0.2469,72.5,2026-05-27T14:24:39.084Z,2026-05-27T14:24:39.095Z,2026-05-27T14:24:39.095Z
4533,17.7,73.7,1470,50,0.7188,0.2402,72.5,2026-05-27T14:24:49.171Z,2026-05-27T14:24:49.183Z,2026-05-27T14:24:49.183Z
4534,19.5,73.8,290,50,0.625,0.2642,72.5,2026-05-27T14:24:59.268Z,2026-05-27T14:24:59.280Z,2026-05-27T14:24:59.280Z
4535,17.9,73.9,1552,50,0.7188,0.2422,72.5,2026-05-27T14:25:09.360Z,2026-05-27T14:25:09.371Z,2026-05-27T14:25:09.371Z
4536,19.8,73.9,413,50,1.2188,0.2679,72.5,2026-05-27T14:25:19.444Z,2026-05-27T14:25:19.455Z,2026-05-27T14:25:19.455Z
4537,18.3,73.9,14005,50,0.7656,0.2476,72.5,2026-05-27T14:25:29.565Z,2026-05-27T14:25:29.576Z,2026-05-27T14:25:29.576Z
4538,17.4,73.9,42,50,0.5781,0.2355,72.5,2026-05-27T14:25:39.667Z,2026-05-27T14:25:39.680Z,2026-05-27T14:25:39.680Z
4539,19,73.9,0,50,0.6406,0.2571,72.5,2026-05-27T14:25:49.834Z,2026-05-27T14:25:49.855Z,2026-05-27T14:25:49.855Z
4540,18.2,73.9,42,50,0.625,0.2463,72.5,2026-05-27T14:25:59.924Z,2026-05-27T14:25:59.934Z,2026-05-27T14:25:59.934Z
4541,21.4,74,521,275,0.9844,0.2892,72.5,2026-05-27T14:26:10.054Z,2026-05-27T14:26:10.066Z,2026-05-27T14:26:10.066Z
4542,19,73.8,42,50,0.6562,0.2575,72.5,2026-05-27T14:26:20.159Z,2026-05-27T14:26:20.170Z,2026-05-27T14:26:20.170Z
4543,18.2,73.8,963,50,0.6562,0.2466,72.5,2026-05-27T14:26:30.266Z,2026-05-27T14:26:30.276Z,2026-05-27T14:26:30.276Z
4544,17.1,73.8,0,50,0.6875,0.2317,72.5,2026-05-27T14:26:40.382Z,2026-05-27T14:26:40.392Z,2026-05-27T14:26:40.392Z
4545,18.7,73.7,438,50,1.1094,0.2537,72.5,2026-05-27T14:26:50.504Z,2026-05-27T14:26:50.513Z,2026-05-27T14:26:50.513Z
4546,18.5,73.7,290,50,0.6562,0.251,72.5,2026-05-27T14:27:00.596Z,2026-05-27T14:27:00.606Z,2026-05-27T14:27:00.606Z
4547,17.2,73.8,42,162.5,0.6406,0.2331,72.5,2026-05-27T14:27:10.721Z,2026-05-27T14:27:10.730Z,2026-05-27T14:27:10.730Z
4548,18.9,73.7,0,275,0.5938,0.2564,72.5,2026-05-27T14:27:20.813Z,2026-05-27T14:27:20.823Z,2026-05-27T14:27:20.823Z
4549,16.7,73.8,42,199.85,0.5938,0.2263,72.5,2026-05-27T14:27:30.898Z,2026-05-27T14:27:30.907Z,2026-05-27T14:27:30.907Z
4550,18.6,73.8,42,50,0.5469,0.252,72.5,2026-05-27T14:27:40.996Z,2026-05-27T14:27:41.008Z,2026-05-27T14:27:41.008Z
4551,17.6,73.8,162,50,0.5469,0.2385,72.5,2026-05-27T14:27:51.096Z,2026-05-27T14:27:51.106Z,2026-05-27T14:27:51.106Z
4552,18.7,73.8,102,50,1.0781,0.2534,72.5,2026-05-27T14:28:01.191Z,2026-05-27T14:28:01.203Z,2026-05-27T14:28:01.203Z
4553,17.4,73.8,102,50,0.6094,0.2358,72.5,2026-05-27T14:28:11.276Z,2026-05-27T14:28:11.287Z,2026-05-27T14:28:11.287Z
4554,17.8,73.8,766,50,0.5781,0.2412,72.5,2026-05-27T14:28:21.375Z,2026-05-27T14:28:21.387Z,2026-05-27T14:28:21.387Z
4555,18.5,73.8,14310,50,0.7188,0.2507,72.5,2026-05-27T14:28:31.467Z,2026-05-27T14:28:31.478Z,2026-05-27T14:28:31.478Z
4556,17.1,73.9,42,50,0.5469,0.2314,72.5,2026-05-27T14:28:41.599Z,2026-05-27T14:28:41.610Z,2026-05-27T14:28:41.610Z
4557,19,73.9,689,50,0.6406,0.2571,72.5,2026-05-27T14:28:51.692Z,2026-05-27T14:28:51.701Z,2026-05-27T14:28:51.701Z
4558,17.4,73.9,8700,50,0.5938,0.2355,72.5,2026-05-27T14:29:01.795Z,2026-05-27T14:29:01.804Z,2026-05-27T14:29:01.804Z
4559,18.7,73.9,264,275,0.9688,0.253,72.5,2026-05-27T14:29:11.898Z,2026-05-27T14:29:11.908Z,2026-05-27T14:29:11.908Z
4560,16.9,73.9,42,50,0.5469,0.2287,72.5,2026-05-27T14:29:22.004Z,2026-05-27T14:29:22.014Z,2026-05-27T14:29:22.014Z
4561,16,73.9,2465,50,0.5,0.2165,72.5,2026-05-27T14:29:32.099Z,2026-05-27T14:29:32.109Z,2026-05-27T14:29:32.109Z
4562,18.4,73.9,0,50,0.6094,0.249,72.5,2026-05-27T14:29:42.216Z,2026-05-27T14:29:42.225Z,2026-05-27T14:29:42.225Z
4563,16,73.9,42,500,0.6094,0.2165,72.5,2026-05-27T14:29:52.335Z,2026-05-27T14:29:52.345Z,2026-05-27T14:29:52.345Z
4564,19.4,73.9,4210,50,0.7812,0.2625,72.5,2026-05-27T14:30:02.455Z,2026-05-27T14:30:02.467Z,2026-05-27T14:30:02.467Z
4565,18.5,73.9,404,50,0.7969,0.2503,72.5,2026-05-27T14:30:12.560Z,2026-05-27T14:30:12.571Z,2026-05-27T14:30:12.571Z
4566,18.7,74,4328,50,1.2031,0.2527,72.5,2026-05-27T14:30:22.665Z,2026-05-27T14:30:22.677Z,2026-05-27T14:30:22.677Z
4567,18.2,74,2015,50,0.6875,0.2459,72.5,2026-05-27T14:30:32.768Z,2026-05-27T14:30:32.778Z,2026-05-27T14:30:32.778Z
4568,17.5,74,180,162.5,0.7344,0.2365,72.5,2026-05-27T14:30:42.858Z,2026-05-27T14:30:42.870Z,2026-05-27T14:30:42.870Z
4569,18.7,74,3922,50,0.6875,0.2527,72.5,2026-05-27T14:30:52.940Z,2026-05-27T14:30:52.951Z,2026-05-27T14:30:52.951Z
4570,19.6,74.2,486,50,1.1719,0.2642,72.5,2026-05-27T14:31:03.039Z,2026-05-27T14:31:03.050Z,2026-05-27T14:31:03.050Z
4571,21.4,74.6,42,50,0.8906,0.2869,72.5,2026-05-27T14:31:13.141Z,2026-05-27T14:31:13.151Z,2026-05-27T14:31:13.151Z
4572,17.1,74.6,180,350.15,0.5625,0.2292,72.5,2026-05-27T14:31:23.252Z,2026-05-27T14:31:23.263Z,2026-05-27T14:31:23.263Z
4573,18.2,74.4,1386,50,1.1406,0.2446,72.5,2026-05-27T14:31:33.344Z,2026-05-27T14:31:33.353Z,2026-05-27T14:31:33.353Z
4574,18,74.5,180,50,0.8438,0.2416,72.5,2026-05-27T14:31:43.449Z,2026-05-27T14:31:43.461Z,2026-05-27T14:31:43.461Z
4575,16.4,74.5,42,500,0.5312,0.2201,72.5,2026-05-27T14:31:53.539Z,2026-05-27T14:31:53.548Z,2026-05-27T14:31:53.548Z
4576,20.8,74.5,240,50,0.5938,0.2792,72.5,2026-05-27T14:32:03.652Z,2026-05-27T14:32:03.665Z,2026-05-27T14:32:03.665Z
4577,18,74.5,220,387.5,0.75,0.2416,72.5,2026-05-27T14:32:13.765Z,2026-05-27T14:32:13.775Z,2026-05-27T14:32:13.775Z
4578,18.4,74.5,319,50,0.6094,0.247,72.5,2026-05-27T14:32:23.885Z,2026-05-27T14:32:23.896Z,2026-05-27T14:32:23.896Z
4579,18.2,74.4,2597,500,0.7344,0.2446,72.5,2026-05-27T14:32:33.992Z,2026-05-27T14:32:34.001Z,2026-05-27T14:32:34.001Z
4580,19.3,74.4,60,162.5,0.7188,0.2594,72.5,2026-05-27T14:32:44.135Z,2026-05-27T14:32:44.146Z,2026-05-27T14:32:44.146Z
4581,17.2,74.3,42,50,0.7188,0.2315,72.5,2026-05-27T14:32:54.252Z,2026-05-27T14:32:54.262Z,2026-05-27T14:32:54.262Z
4582,18.6,74.3,609,50,1.0312,0.2503,72.5,2026-05-27T14:33:04.425Z,2026-05-27T14:33:04.435Z,2026-05-27T14:33:04.435Z
4583,22.2,74.5,102,162.5,0.6562,0.298,72.5,2026-05-27T14:33:14.555Z,2026-05-27T14:33:14.568Z,2026-05-27T14:33:14.568Z
4584,17.5,74.6,2721,50,0.6562,0.2346,72.5,2026-05-27T14:33:24.665Z,2026-05-27T14:33:24.674Z,2026-05-27T14:33:24.674Z
4585,20.1,74.5,1273,50,0.7656,0.2698,72.5,2026-05-27T14:33:34.753Z,2026-05-27T14:33:34.765Z,2026-05-27T14:33:34.765Z
4586,18.2,74.6,597,50,0.6406,0.244,72.5,2026-05-27T14:33:44.860Z,2026-05-27T14:33:44.871Z,2026-05-27T14:33:44.871Z
4587,18.2,74.5,2656,50,1.2188,0.2443,72.5,2026-05-27T14:33:55.007Z,2026-05-27T14:33:55.017Z,2026-05-27T14:33:55.017Z
4588,16.7,74.6,902,50,0.5938,0.2239,72.5,2026-05-27T14:34:05.101Z,2026-05-27T14:34:05.111Z,2026-05-27T14:34:05.111Z
4589,18.5,74.6,5300,50,0.6406,0.248,72.5,2026-05-27T14:34:15.199Z,2026-05-27T14:34:15.209Z,2026-05-27T14:34:15.209Z
4590,18.4,74.6,113,50,0.5469,0.2466,72.5,2026-05-27T14:34:25.307Z,2026-05-27T14:34:25.316Z,2026-05-27T14:34:25.316Z
4591,16.7,74.5,998,50,0.6094,0.2242,72.5,2026-05-27T14:34:35.408Z,2026-05-27T14:34:35.418Z,2026-05-27T14:34:35.418Z
4592,19.9,74.5,42,500,0.5469,0.2671,72.5,2026-05-27T14:34:45.500Z,2026-05-27T14:34:45.511Z,2026-05-27T14:34:45.511Z
4593,23.3,74.5,446,50,0.9062,0.3128,72.5,2026-05-27T14:34:55.622Z,2026-05-27T14:34:55.632Z,2026-05-27T14:34:55.632Z
4594,20.8,74.7,542,500,1.0625,0.2784,72.5,2026-05-27T14:35:05.736Z,2026-05-27T14:35:05.748Z,2026-05-27T14:35:05.748Z
4595,26.3,74.2,4000,350.15,0.7031,0.3544,72.5,2026-05-27T14:35:15.850Z,2026-05-27T14:35:15.862Z,2026-05-27T14:35:15.862Z
4596,17.1,74.3,4763,50,0.7188,0.2301,72.5,2026-05-27T14:35:25.950Z,2026-05-27T14:35:25.963Z,2026-05-27T14:35:25.963Z
4597,18.3,74.2,198,50,0.5312,0.2466,72.5,2026-05-27T14:35:36.060Z,2026-05-27T14:35:36.072Z,2026-05-27T14:35:36.072Z
4598,17.6,74.3,52402,50,0.6406,0.2369,72.5,2026-05-27T14:35:46.158Z,2026-05-27T14:35:46.171Z,2026-05-27T14:35:46.171Z
4599,19.1,74.5,498,350.15,0.7031,0.2564,72.5,2026-05-27T14:35:56.271Z,2026-05-27T14:35:56.282Z,2026-05-27T14:35:56.282Z
4600,18.6,74.5,154,230,0.6719,0.2497,72.5,2026-05-27T14:36:06.390Z,2026-05-27T14:36:06.402Z,2026-05-27T14:36:06.402Z
4601,20.2,74.6,19963,50,0.4844,0.2708,72.5,2026-05-27T14:36:16.529Z,2026-05-27T14:36:16.539Z,2026-05-27T14:36:16.539Z
4602,18.9,74.4,0,50,0.7656,0.254,72.5,2026-05-27T14:36:26.644Z,2026-05-27T14:36:26.654Z,2026-05-27T14:36:26.654Z
4603,18.8,74.3,860,50,0.5781,0.253,72.5,2026-05-27T14:36:36.796Z,2026-05-27T14:36:36.806Z,2026-05-27T14:36:36.806Z
4604,17.7,74.4,11858,387.5,0.5781,0.2379,72.5,2026-05-27T14:36:46.902Z,2026-05-27T14:36:46.913Z,2026-05-27T14:36:46.913Z
4605,17.9,74.4,0,162.5,1.0625,0.2406,72.5,2026-05-27T14:36:57.004Z,2026-05-27T14:36:57.013Z,2026-05-27T14:36:57.013Z
4606,17.9,74.4,468,50,0.5938,0.2406,72.5,2026-05-27T14:37:07.079Z,2026-05-27T14:37:07.091Z,2026-05-27T14:37:07.091Z
4607,18.3,74.3,94,50,0.5625,0.2463,72.5,2026-05-27T14:37:17.368Z,2026-05-27T14:37:17.379Z,2026-05-27T14:37:17.379Z
4608,21.4,74.4,706,50,0.7031,0.2876,72.5,2026-05-27T14:37:27.494Z,2026-05-27T14:37:27.506Z,2026-05-27T14:37:27.506Z
4609,19.8,73.9,11371,50,0.6562,0.2679,72.5,2026-05-27T14:37:37.611Z,2026-05-27T14:37:37.621Z,2026-05-27T14:37:37.621Z
4610,19.7,73.9,6572,50,0.8438,0.2666,72.5,2026-05-27T14:37:47.738Z,2026-05-27T14:37:47.746Z,2026-05-27T14:37:47.746Z
4611,17.3,74.2,436,500,0.8906,0.2332,72.5,2026-05-27T14:37:57.865Z,2026-05-27T14:37:57.878Z,2026-05-27T14:37:57.878Z
4612,18.9,74.2,3146,50,0.9688,0.2547,72.5,2026-05-27T14:38:07.959Z,2026-05-27T14:38:07.972Z,2026-05-27T14:38:07.972Z
4613,18.1,74.2,3779,50,0.6875,0.2439,72.5,2026-05-27T14:38:18.086Z,2026-05-27T14:38:18.097Z,2026-05-27T14:38:18.097Z
4614,18.5,74.2,0,50,0.5625,0.2493,72.5,2026-05-27T14:38:28.189Z,2026-05-27T14:38:28.198Z,2026-05-27T14:38:28.198Z
4615,17.9,74.2,4260,199.85,0.6875,0.2412,72.5,2026-05-27T14:38:38.346Z,2026-05-27T14:38:38.358Z,2026-05-27T14:38:38.358Z
4616,18.6,74.2,498,50,0.9219,0.2507,72.5,2026-05-27T14:38:48.439Z,2026-05-27T14:38:48.449Z,2026-05-27T14:38:48.449Z
4617,17.8,74.2,0,50,0.5938,0.2399,72.5,2026-05-27T14:38:58.576Z,2026-05-27T14:38:58.589Z,2026-05-27T14:38:58.589Z
4618,18.5,74.3,0,350.15,0.6406,0.249,72.5,2026-05-27T14:39:08.688Z,2026-05-27T14:39:08.705Z,2026-05-27T14:39:08.705Z
4619,19.6,74.3,437,50,0.6719,0.2638,72.5,2026-05-27T14:39:18.815Z,2026-05-27T14:39:18.824Z,2026-05-27T14:39:18.824Z
4620,23.2,74.3,248,50,1.3438,0.3122,72.5,2026-05-27T14:39:28.885Z,2026-05-27T14:39:28.895Z,2026-05-27T14:39:28.895Z
4621,17,74.3,1655,275,0.6562,0.2288,72.5,2026-05-27T14:39:39.020Z,2026-05-27T14:39:39.030Z,2026-05-27T14:39:39.030Z
4622,20.2,74.3,4792,50,1.2812,0.2719,72.5,2026-05-27T14:39:49.133Z,2026-05-27T14:39:49.141Z,2026-05-27T14:39:49.141Z
4623,18.9,74.4,636,50,0.7031,0.254,72.5,2026-05-27T14:39:59.287Z,2026-05-27T14:39:59.298Z,2026-05-27T14:39:59.298Z
4624,19.2,74.4,43545,50,0.8594,0.2581,72.5,2026-05-27T14:40:09.408Z,2026-05-27T14:40:09.418Z,2026-05-27T14:40:09.418Z
4625,18.4,74.5,0,162.5,0.625,0.247,72.5,2026-05-27T14:40:19.535Z,2026-05-27T14:40:19.545Z,2026-05-27T14:40:19.545Z
4626,18.8,74.5,0,50,0.6875,0.2523,72.5,2026-05-27T14:40:29.673Z,2026-05-27T14:40:29.685Z,2026-05-27T14:40:29.685Z
4627,17.8,74.4,137,50,0.7344,0.2392,72.5,2026-05-27T14:40:39.817Z,2026-05-27T14:40:39.828Z,2026-05-27T14:40:39.828Z
4628,19.7,74.4,0,50,0.5781,0.2648,72.5,2026-05-27T14:40:49.915Z,2026-05-27T14:40:49.924Z,2026-05-27T14:40:49.924Z
4629,18.1,74.4,0,500,0.7344,0.2433,72.5,2026-05-27T14:41:00.053Z,2026-05-27T14:41:00.064Z,2026-05-27T14:41:00.064Z
4630,18.9,74.6,42,50,0.5781,0.2534,72.5,2026-05-27T14:41:10.148Z,2026-05-27T14:41:10.159Z,2026-05-27T14:41:10.159Z
4631,18.5,74.6,0,50,0.625,0.248,72.5,2026-05-27T14:41:20.261Z,2026-05-27T14:41:20.271Z,2026-05-27T14:41:20.271Z
4632,18.7,74.6,290,50,0.5312,0.2507,72.5,2026-05-27T14:41:30.372Z,2026-05-27T14:41:30.387Z,2026-05-27T14:41:30.387Z
4633,19.2,74.2,54,50,0.5781,0.2588,72.5,2026-05-27T14:41:40.464Z,2026-05-27T14:41:40.475Z,2026-05-27T14:41:40.475Z
4634,20.3,74.2,199,50,0.5781,0.2736,72.5,2026-05-27T14:41:50.556Z,2026-05-27T14:41:50.567Z,2026-05-27T14:41:50.567Z
4635,18.9,74.2,0,50,0.6875,0.2547,72.5,2026-05-27T14:42:00.653Z,2026-05-27T14:42:00.664Z,2026-05-27T14:42:00.664Z
4636,19.7,74.3,0,50,0.5781,0.2651,72.5,2026-05-27T14:42:10.745Z,2026-05-27T14:42:10.758Z,2026-05-27T14:42:10.758Z
4637,19.1,74.2,0,230,0.7656,0.2574,72.5,2026-05-27T14:42:20.871Z,2026-05-27T14:42:20.881Z,2026-05-27T14:42:20.881Z
4638,19.3,74.4,5284,199.85,0.6875,0.2594,72.5,2026-05-27T14:42:30.980Z,2026-05-27T14:42:30.994Z,2026-05-27T14:42:30.994Z
4639,17.7,74.4,244,387.5,0.5625,0.2379,72.5,2026-05-27T14:42:41.105Z,2026-05-27T14:42:41.115Z,2026-05-27T14:42:41.115Z
4640,19.6,74.5,0,162.5,0.625,0.2631,72.5,2026-05-27T14:42:51.212Z,2026-05-27T14:42:51.222Z,2026-05-27T14:42:51.222Z
4641,17.9,74.5,1218,50,0.6719,0.2403,72.5,2026-05-27T14:43:01.319Z,2026-05-27T14:43:01.331Z,2026-05-27T14:43:01.331Z
4642,19.8,74.5,181,50,0.6562,0.2658,72.5,2026-05-27T14:43:11.410Z,2026-05-27T14:43:11.419Z,2026-05-27T14:43:11.419Z
4643,18.4,74.5,0,50,0.7656,0.247,72.5,2026-05-27T14:43:21.522Z,2026-05-27T14:43:21.531Z,2026-05-27T14:43:21.531Z
4644,22.6,74.5,199,50,0.6562,0.3034,72.5,2026-05-27T14:43:31.614Z,2026-05-27T14:43:31.624Z,2026-05-27T14:43:31.624Z
4645,23.9,75,120,50,0.6562,0.3187,72.5,2026-05-27T14:43:41.728Z,2026-05-27T14:43:41.737Z,2026-05-27T14:43:41.737Z
4646,21.7,74.4,139,50,0.8438,0.2917,72.5,2026-05-27T14:43:51.858Z,2026-05-27T14:43:51.869Z,2026-05-27T14:43:51.869Z
4647,18,74.5,1890,50,0.7656,0.2416,72.5,2026-05-27T14:44:01.975Z,2026-05-27T14:44:01.986Z,2026-05-27T14:44:01.986Z
4648,29.2,75.1,193,50,0.4844,0.3888,72.5,2026-05-27T14:44:12.086Z,2026-05-27T14:44:12.097Z,2026-05-27T14:44:12.097Z
4649,20.9,74.5,0,50,0.6719,0.2805,72.5,2026-05-27T14:44:22.195Z,2026-05-27T14:44:22.205Z,2026-05-27T14:44:22.205Z
4650,18.7,74.6,18374,50,1.0781,0.2507,72.5,2026-05-27T14:44:32.300Z,2026-05-27T14:44:32.312Z,2026-05-27T14:44:32.312Z
4651,17.5,74.5,0,50,0.6406,0.2349,72.5,2026-05-27T14:44:42.421Z,2026-05-27T14:44:42.429Z,2026-05-27T14:44:42.429Z
4652,19.9,74.5,0,275,1.1719,0.2671,72.5,2026-05-27T14:44:52.521Z,2026-05-27T14:44:52.531Z,2026-05-27T14:44:52.531Z
4653,18.8,74.5,363,500,0.6875,0.2523,72.5,2026-05-27T14:45:02.636Z,2026-05-27T14:45:02.654Z,2026-05-27T14:45:02.654Z
4654,19.8,74.5,595,50,0.7812,0.2658,72.5,2026-05-27T14:45:12.825Z,2026-05-27T14:45:12.836Z,2026-05-27T14:45:12.836Z
4655,20.2,74.5,443,500,0.7969,0.2711,72.5,2026-05-27T14:45:22.937Z,2026-05-27T14:45:22.949Z,2026-05-27T14:45:22.949Z
4656,19.1,74.5,860,350.15,1.0938,0.2564,72.5,2026-05-27T14:45:33.045Z,2026-05-27T14:45:33.056Z,2026-05-27T14:45:33.056Z
4657,17.5,74.5,2832,275,0.6094,0.2349,72.5,2026-05-27T14:45:43.154Z,2026-05-27T14:45:43.167Z,2026-05-27T14:45:43.167Z
4658,19.8,74.7,16424,275,1.25,0.2651,72.5,2026-05-27T14:45:53.315Z,2026-05-27T14:45:53.323Z,2026-05-27T14:45:53.323Z
4659,17.2,74.7,0,275,0.6406,0.2303,72.5,2026-05-27T14:46:03.403Z,2026-05-27T14:46:03.411Z,2026-05-27T14:46:03.411Z
4660,18.3,74.7,0,500,0.6094,0.245,72.5,2026-05-27T14:46:13.504Z,2026-05-27T14:46:13.515Z,2026-05-27T14:46:13.515Z
4661,20.4,74.5,3844,50,0.7656,0.2738,72.5,2026-05-27T14:46:23.604Z,2026-05-27T14:46:23.614Z,2026-05-27T14:46:23.614Z
4662,22.5,74.5,121,50,0.5469,0.302,72.5,2026-05-27T14:46:33.708Z,2026-05-27T14:46:33.718Z,2026-05-27T14:46:33.718Z
4663,18.7,74.4,437,50,0.5781,0.2513,72.5,2026-05-27T14:46:43.816Z,2026-05-27T14:46:43.825Z,2026-05-27T14:46:43.825Z
4664,18.2,74.4,1058,50,0.875,0.2446,72.5,2026-05-27T14:46:53.927Z,2026-05-27T14:46:53.937Z,2026-05-27T14:46:53.937Z
4665,19.8,74.4,437,50,0.5938,0.2661,72.5,2026-05-27T14:47:04.051Z,2026-05-27T14:47:04.060Z,2026-05-27T14:47:04.060Z
4666,17,74.5,0,50,0.6406,0.2282,72.5,2026-05-27T14:47:14.144Z,2026-05-27T14:47:14.155Z,2026-05-27T14:47:14.155Z
4667,19.1,74.5,437,50,0.6875,0.2564,72.5,2026-05-27T14:47:24.299Z,2026-05-27T14:47:24.308Z,2026-05-27T14:47:24.308Z
4668,17.8,74.4,0,162.5,0.6406,0.2392,72.5,2026-05-27T14:47:34.397Z,2026-05-27T14:47:34.409Z,2026-05-27T14:47:34.409Z
4669,17.8,74.4,559,50,1.1406,0.2392,72.5,2026-05-27T14:47:44.492Z,2026-05-27T14:47:44.502Z,2026-05-27T14:47:44.502Z
4670,17.9,74.4,60,50,0.5625,0.2406,72.5,2026-05-27T14:47:54.575Z,2026-05-27T14:47:54.585Z,2026-05-27T14:47:54.585Z
4671,16.7,74.4,438,50,0.625,0.2245,72.5,2026-05-27T14:48:04.711Z,2026-05-27T14:48:04.721Z,2026-05-27T14:48:04.721Z
4672,19.8,74.4,283,50,0.6094,0.2661,72.5,2026-05-27T14:48:14.835Z,2026-05-27T14:48:14.848Z,2026-05-27T14:48:14.848Z
4673,17.9,74.4,438,50,0.6719,0.2406,72.5,2026-05-27T14:48:24.960Z,2026-05-27T14:48:24.972Z,2026-05-27T14:48:24.972Z
4674,19.5,74.4,0,50,0.8906,0.2621,72.5,2026-05-27T14:48:35.160Z,2026-05-27T14:48:35.170Z,2026-05-27T14:48:35.170Z
4675,17,74.5,4005,50,0.5469,0.2282,72.5,2026-05-27T14:48:45.237Z,2026-05-27T14:48:45.248Z,2026-05-27T14:48:45.248Z
4676,19.6,74.2,0,500,0.7188,0.2642,72.5,2026-05-27T14:48:55.367Z,2026-05-27T14:48:55.379Z,2026-05-27T14:48:55.379Z
4677,17.5,74.2,18215,50,0.625,0.2358,72.5,2026-05-27T14:49:05.492Z,2026-05-27T14:49:05.502Z,2026-05-27T14:49:05.502Z
4678,21.8,74.7,0,50,1.2344,0.2918,72.5,2026-05-27T14:49:15.608Z,2026-05-27T14:49:15.617Z,2026-05-27T14:49:15.617Z
4679,19.5,74.7,755,275,0.5938,0.261,72.5,2026-05-27T14:49:25.685Z,2026-05-27T14:49:25.696Z,2026-05-27T14:49:25.696Z
4680,19.1,74.5,2390,50,1.2812,0.2564,72.5,2026-05-27T14:49:35.808Z,2026-05-27T14:49:35.817Z,2026-05-27T14:49:35.817Z
4681,18.2,74.5,1004,50,0.7188,0.2443,72.5,2026-05-27T14:49:45.929Z,2026-05-27T14:49:45.941Z,2026-05-27T14:49:45.941Z
4682,21,74.3,0,500,1.1562,0.2826,72.5,2026-05-27T14:49:56.144Z,2026-05-27T14:49:56.154Z,2026-05-27T14:49:56.154Z
4683,18.3,74.4,756,50,0.7812,0.246,72.5,2026-05-27T14:50:06.243Z,2026-05-27T14:50:06.254Z,2026-05-27T14:50:06.254Z
4684,21.4,74.9,42,50,1.9219,0.2857,72.5,2026-05-27T14:50:16.338Z,2026-05-27T14:50:16.350Z,2026-05-27T14:50:16.350Z
4685,23.8,73.9,402,50,0.6406,0.3221,72.5,2026-05-27T14:50:26.444Z,2026-05-27T14:50:26.457Z,2026-05-27T14:50:26.457Z
4686,18.2,73.9,42,50,0.5938,0.2463,72.5,2026-05-27T14:50:36.706Z,2026-05-27T14:50:36.737Z,2026-05-27T14:50:36.737Z
4687,18,73.9,360,50,0.6719,0.2436,72.5,2026-05-27T14:50:46.812Z,2026-05-27T14:50:46.822Z,2026-05-27T14:50:46.822Z
4688,19.7,74.1,42,50,1.125,0.2659,72.5,2026-05-27T14:50:57.012Z,2026-05-27T14:50:57.021Z,2026-05-27T14:50:57.021Z
4689,17.6,74,42,162.5,0.6406,0.2378,72.5,2026-05-27T14:51:07.132Z,2026-05-27T14:51:07.141Z,2026-05-27T14:51:07.141Z
4690,21.1,74.1,0,50,1.2344,0.2848,72.5,2026-05-27T14:51:17.288Z,2026-05-27T14:51:17.296Z,2026-05-27T14:51:17.296Z
4691,20.4,74.1,619,275,0.6719,0.2753,72.5,2026-05-27T14:51:27.412Z,2026-05-27T14:51:27.424Z,2026-05-27T14:51:27.424Z
4692,19.2,74,1044,50,1.2031,0.2595,72.5,2026-05-27T14:51:37.541Z,2026-05-27T14:51:37.567Z,2026-05-27T14:51:37.567Z
4693,17.2,74.1,248,50,0.6406,0.2321,72.5,2026-05-27T14:51:47.625Z,2026-05-27T14:51:47.635Z,2026-05-27T14:51:47.635Z
4694,22.6,73.8,571,50,1.3906,0.3062,72.5,2026-05-27T14:51:57.728Z,2026-05-27T14:51:57.738Z,2026-05-27T14:51:57.738Z
4695,19.3,73.9,423,275,0.7188,0.2612,72.5,2026-05-27T14:52:07.830Z,2026-05-27T14:52:07.839Z,2026-05-27T14:52:07.839Z
4696,21.1,74.4,248,50,1.1406,0.2836,72.5,2026-05-27T14:52:17.952Z,2026-05-27T14:52:17.964Z,2026-05-27T14:52:17.964Z
4697,17.5,74.4,1859,50,0.5781,0.2352,72.5,2026-05-27T14:52:28.053Z,2026-05-27T14:52:28.065Z,2026-05-27T14:52:28.065Z
4698,18.6,74.3,348,50,1.1406,0.2503,72.5,2026-05-27T14:52:38.216Z,2026-05-27T14:52:38.226Z,2026-05-27T14:52:38.226Z
4699,17.2,74.3,16499,500,0.5938,0.2315,72.5,2026-05-27T14:52:48.352Z,2026-05-27T14:52:48.367Z,2026-05-27T14:52:48.367Z
4700,32.4,74.5,21233,50,2.125,0.4349,72.5,2026-05-27T14:52:58.466Z,2026-05-27T14:52:58.475Z,2026-05-27T14:52:58.475Z
4701,47.6,75.7,14694,162.5,0.5312,0.6288,72.5,2026-05-27T14:53:08.563Z,2026-05-27T14:53:08.572Z,2026-05-27T14:53:08.572Z
4702,14.2,75.2,8294,500,0.8125,0.1888,72.5,2026-05-27T14:53:18.699Z,2026-05-27T14:53:18.713Z,2026-05-27T14:53:18.713Z
4703,35.1,75.2,547,50,0.5781,0.4668,72.5,2026-05-27T14:53:28.817Z,2026-05-27T14:53:28.827Z,2026-05-27T14:53:28.827Z
4704,27.1,75,430,50,1.3438,0.3613,72.5,2026-05-27T14:53:38.934Z,2026-05-27T14:53:38.945Z,2026-05-27T14:53:38.945Z
4705,46.9,74.9,244,50,2.4375,0.6262,72.5,2026-05-27T14:53:49.067Z,2026-05-27T14:53:49.077Z,2026-05-27T14:53:49.077Z
4706,36.2,74.8,372,500,2.125,0.484,72.5,2026-05-27T14:53:59.320Z,2026-05-27T14:53:59.352Z,2026-05-27T14:53:59.352Z
4707,41.6,75.3,19591,50,2.8125,0.5525,72.5,2026-05-27T14:54:09.472Z,2026-05-27T14:54:09.482Z,2026-05-27T14:54:09.482Z
4708,21.3,75.3,248,140,0.4062,0.2829,72.5,2026-05-27T14:54:19.607Z,2026-05-27T14:54:19.617Z,2026-05-27T14:54:19.617Z
4709,31.1,75.1,5081,50,2.1406,0.4141,72.5,2026-05-27T14:54:29.884Z,2026-05-27T14:54:29.906Z,2026-05-27T14:54:29.906Z
4710,47.9,74.9,6300,50,2.3438,0.6395,72.5,2026-05-27T14:54:40.066Z,2026-05-27T14:54:40.087Z,2026-05-27T14:54:40.087Z
4711,31.7,75.5,194,50,0.2656,0.4199,72.5,2026-05-27T14:54:50.194Z,2026-05-27T14:54:50.203Z,2026-05-27T14:54:50.203Z
4712,12.6,75,212,275,1.5625,0.168,72.5,2026-05-27T14:55:00.303Z,2026-05-27T14:55:00.317Z,2026-05-27T14:55:00.317Z
4713,27,75.2,2601,50,0.4375,0.359,72.5,2026-05-27T14:55:10.401Z,2026-05-27T14:55:10.411Z,2026-05-27T14:55:10.411Z
4714,29.7,74.8,1226,162.5,0.4844,0.3971,72.5,2026-05-27T14:55:20.521Z,2026-05-27T14:55:20.533Z,2026-05-27T14:55:20.533Z
4715,41.8,74.7,11883,387.5,1.7188,0.5596,72.5,2026-05-27T14:55:30.633Z,2026-05-27T14:55:30.650Z,2026-05-27T14:55:30.650Z
4716,29.9,74.6,16900,50,1.4531,0.4008,72.5,2026-05-27T14:55:40.749Z,2026-05-27T14:55:40.760Z,2026-05-27T14:55:40.760Z
4717,47.2,74.7,5606,50,2.1875,0.6319,72.5,2026-05-27T14:55:50.883Z,2026-05-27T14:55:50.896Z,2026-05-27T14:55:50.896Z
4718,33,74.2,302,50,0.7812,0.4447,72.5,2026-05-27T14:56:00.999Z,2026-05-27T14:56:01.016Z,2026-05-27T14:56:01.016Z
4719,21.9,74.2,341,50,0.8438,0.2951,72.5,2026-05-27T14:56:11.112Z,2026-05-27T14:56:11.124Z,2026-05-27T14:56:11.124Z
4720,22.6,74.1,2892,50,0.7969,0.305,72.5,2026-05-27T14:56:21.292Z,2026-05-27T14:56:21.306Z,2026-05-27T14:56:21.306Z
4721,21.2,74,1913,50,0.7188,0.2865,72.5,2026-05-27T14:56:31.392Z,2026-05-27T14:56:31.405Z,2026-05-27T14:56:31.405Z
4722,20.2,74,3071,50,0.8125,0.273,72.5,2026-05-27T14:56:41.480Z,2026-05-27T14:56:41.491Z,2026-05-27T14:56:41.491Z
4723,22,74,3903,50,0.9219,0.2973,72.5,2026-05-27T14:56:51.571Z,2026-05-27T14:56:51.582Z,2026-05-27T14:56:51.582Z
4724,23.6,73.9,23175,50,1.0469,0.3194,72.5,2026-05-27T14:57:01.674Z,2026-05-27T14:57:01.695Z,2026-05-27T14:57:01.695Z
4725,25,74,487,50,1.0156,0.3378,72.5,2026-05-27T14:57:11.770Z,2026-05-27T14:57:11.779Z,2026-05-27T14:57:11.779Z
4726,24.4,73.8,7680,50,0.9688,0.3306,72.5,2026-05-27T14:57:21.874Z,2026-05-27T14:57:21.886Z,2026-05-27T14:57:21.886Z
4727,21.7,73.7,13475,50,1.0938,0.2944,72.5,2026-05-27T14:57:31.985Z,2026-05-27T14:57:31.996Z,2026-05-27T14:57:31.996Z
4728,21.4,73.7,1258,50,0.8438,0.2904,72.5,2026-05-27T14:57:42.077Z,2026-05-27T14:57:42.089Z,2026-05-27T14:57:42.089Z
4729,22.7,73.7,12544,50,1.0312,0.308,72.5,2026-05-27T14:57:52.185Z,2026-05-27T14:57:52.195Z,2026-05-27T14:57:52.195Z
4730,22.5,73.7,8596,275,0.8906,0.3053,72.5,2026-05-27T14:58:02.289Z,2026-05-27T14:58:02.301Z,2026-05-27T14:58:02.301Z
4731,21.9,73.7,60,500,0.7969,0.2972,72.5,2026-05-27T14:58:12.385Z,2026-05-27T14:58:12.398Z,2026-05-27T14:58:12.398Z
4732,21.4,73.7,60,387.5,0.8906,0.2904,72.5,2026-05-27T14:58:22.492Z,2026-05-27T14:58:22.505Z,2026-05-27T14:58:22.505Z
4733,22.5,73.6,7027,50,0.9062,0.3057,72.5,2026-05-27T14:58:32.598Z,2026-05-27T14:58:32.610Z,2026-05-27T14:58:32.610Z
4734,21.7,73.3,588,50,0.7188,0.296,72.5,2026-05-27T14:58:42.690Z,2026-05-27T14:58:42.702Z,2026-05-27T14:58:42.702Z
4735,22.3,73.3,120,50,0.9219,0.3042,72.5,2026-05-27T14:58:52.785Z,2026-05-27T14:58:52.798Z,2026-05-27T14:58:52.798Z
4736,23.9,73.4,241,50,1.5312,0.3256,72.5,2026-05-27T14:59:02.899Z,2026-05-27T14:59:02.914Z,2026-05-27T14:59:02.914Z
4737,24.4,73.8,1723,50,0.8594,0.3306,72.5,2026-05-27T14:59:12.990Z,2026-05-27T14:59:13.002Z,2026-05-27T14:59:13.002Z
4738,22.2,73.7,2892,50,0.8125,0.3012,72.5,2026-05-27T14:59:23.082Z,2026-05-27T14:59:23.097Z,2026-05-27T14:59:23.097Z
4739,21,73.7,120,50,0.7656,0.2849,72.5,2026-05-27T14:59:33.191Z,2026-05-27T14:59:33.202Z,2026-05-27T14:59:33.202Z
4740,21.7,73.6,120,50,0.7812,0.2948,72.5,2026-05-27T14:59:43.280Z,2026-05-27T14:59:43.292Z,2026-05-27T14:59:43.292Z
4741,21.4,73.6,146,50,1.0469,0.2908,72.5,2026-05-27T14:59:53.381Z,2026-05-27T14:59:53.395Z,2026-05-27T14:59:53.395Z
4742,22.4,73.6,60,387.5,0.875,0.3043,72.5,2026-05-27T15:00:03.484Z,2026-05-27T15:00:03.496Z,2026-05-27T15:00:03.496Z
4743,23.9,73.6,24417,162.5,0.8906,0.3247,72.5,2026-05-27T15:00:13.587Z,2026-05-27T15:00:13.600Z,2026-05-27T15:00:13.600Z
4744,24.8,73.7,11325,50,1.3281,0.3365,72.5,2026-05-27T15:00:23.712Z,2026-05-27T15:00:23.722Z,2026-05-27T15:00:23.722Z
4745,30.4,73.9,21735,50,1.625,0.4114,72.5,2026-05-27T15:00:33.836Z,2026-05-27T15:00:33.854Z,2026-05-27T15:00:33.854Z
4746,24.9,74.1,9164,50,0.2656,0.336,72.5,2026-05-27T15:00:43.982Z,2026-05-27T15:00:44.009Z,2026-05-27T15:00:44.009Z
4747,18.8,74.2,6655,50,0.125,0.2534,72.5,2026-05-27T15:00:54.206Z,2026-05-27T15:00:54.216Z,2026-05-27T15:00:54.216Z
4748,39,75.7,78660,50,0.4844,0.5152,72.5,2026-05-27T15:01:04.318Z,2026-05-27T15:01:04.328Z,2026-05-27T15:01:04.328Z
4749,25,75.1,15661,50,1.3281,0.3329,72.9,2026-05-27T15:01:14.435Z,2026-05-27T15:01:14.445Z,2026-05-27T15:01:14.445Z
4750,16.7,75.1,206,50,0.2188,0.2224,72.9,2026-05-27T15:01:24.561Z,2026-05-27T15:01:24.571Z,2026-05-27T15:01:24.571Z
4751,12.3,75,256,162.5,0.0625,0.164,72.9,2026-05-27T15:01:34.696Z,2026-05-27T15:01:34.720Z,2026-05-27T15:01:34.720Z
4752,17.5,75,283,50,2.7344,0.2333,72.9,2026-05-27T15:01:44.906Z,2026-05-27T15:01:44.927Z,2026-05-27T15:01:44.927Z
4753,33.5,75.7,243,50,1.2344,0.4425,72.9,2026-05-27T15:01:54.996Z,2026-05-27T15:01:55.007Z,2026-05-27T15:01:55.007Z
4754,23.6,74.7,424,50,1.6094,0.3159,72.9,2026-05-27T15:02:05.182Z,2026-05-27T15:02:05.196Z,2026-05-27T15:02:05.196Z
4755,15.5,75.3,120,50,0.1719,0.2058,72.9,2026-05-27T15:02:15.293Z,2026-05-27T15:02:15.303Z,2026-05-27T15:02:15.303Z
4756,8.3,75.3,162,50,0.6562,0.1102,72.9,2026-05-27T15:02:25.424Z,2026-05-27T15:02:25.439Z,2026-05-27T15:02:25.439Z
4757,23.9,75.4,412,50,0.5,0.317,72.9,2026-05-27T15:02:35.841Z,2026-05-27T15:02:35.855Z,2026-05-27T15:02:35.855Z
4758,16.3,75.2,214,50,0.0312,0.2168,72.9,2026-05-27T15:02:45.936Z,2026-05-27T15:02:45.944Z,2026-05-27T15:02:45.944Z
4759,4.4,75.2,2854,50,0.1094,0.0585,72.9,2026-05-27T15:02:56.104Z,2026-05-27T15:02:56.113Z,2026-05-27T15:02:56.113Z
4760,4.4,75.1,197,162.5,0.1094,0.0586,72.9,2026-05-27T15:03:06.257Z,2026-05-27T15:03:06.267Z,2026-05-27T15:03:06.267Z
4761,6,75.1,60,162.5,0.2344,0.0799,72.9,2026-05-27T15:03:16.378Z,2026-05-27T15:03:16.387Z,2026-05-27T15:03:16.387Z
4762,5.4,75.3,1634,500,0.4062,0.0717,72.9,2026-05-27T15:03:26.525Z,2026-05-27T15:03:26.539Z,2026-05-27T15:03:26.539Z
4763,8.7,75.2,3801,50,0.4688,0.1157,72.9,2026-05-27T15:03:36.659Z,2026-05-27T15:03:36.669Z,2026-05-27T15:03:36.669Z
4764,13.3,75.2,1300,50,0.2188,0.1769,72.9,2026-05-27T15:03:46.796Z,2026-05-27T15:03:46.807Z,2026-05-27T15:03:46.807Z
4765,5.8,75.2,60,50,0.0312,0.0771,72.9,2026-05-27T15:03:56.917Z,2026-05-27T15:03:56.926Z,2026-05-27T15:03:56.926Z
4766,8.2,75.2,60,275,0.0469,0.109,72.9,2026-05-27T15:04:07.062Z,2026-05-27T15:04:07.074Z,2026-05-27T15:04:07.074Z
4767,9.1,75.9,239,162.5,0.0312,0.1199,72.9,2026-05-27T15:04:17.180Z,2026-05-27T15:04:17.188Z,2026-05-27T15:04:17.188Z
4768,5.5,75.9,102,50,0.1875,0.0725,72.9,2026-05-27T15:04:27.333Z,2026-05-27T15:04:27.343Z,2026-05-27T15:04:27.343Z
4769,4,75.9,206,50,0.0781,0.0527,72.9,2026-05-27T15:04:37.452Z,2026-05-27T15:04:37.462Z,2026-05-27T15:04:37.462Z
4770,3.9,76,120,275,0.125,0.0513,72.9,2026-05-27T15:04:47.580Z,2026-05-27T15:04:47.590Z,2026-05-27T15:04:47.590Z
4771,6.4,76,519,50,0.0781,0.0842,72.9,2026-05-27T15:04:57.699Z,2026-05-27T15:04:57.708Z,2026-05-27T15:04:57.708Z
4772,2.9,76,214,50,0.0469,0.0382,72.9,2026-05-27T15:05:07.827Z,2026-05-27T15:05:07.837Z,2026-05-27T15:05:07.837Z
4773,7.6,75.9,3656,50,0.1562,0.1001,72.9,2026-05-27T15:05:18.018Z,2026-05-27T15:05:18.029Z,2026-05-27T15:05:18.029Z
4774,8.7,76.1,214,50,0.3594,0.1143,72.9,2026-05-27T15:05:28.119Z,2026-05-27T15:05:28.129Z,2026-05-27T15:05:28.129Z
4775,13.8,75.8,1005,275,1.1562,0.1821,72.9,2026-05-27T15:05:38.231Z,2026-05-27T15:05:38.242Z,2026-05-27T15:05:38.242Z
4776,9.7,75.7,15279,50,0.4531,0.1281,72.9,2026-05-27T15:05:48.351Z,2026-05-27T15:05:48.361Z,2026-05-27T15:05:48.361Z
4777,5.9,75.9,665,275,0.2188,0.0777,72.9,2026-05-27T15:05:58.487Z,2026-05-27T15:05:58.496Z,2026-05-27T15:05:58.496Z
4778,5.2,75.9,652,50,0.1719,0.0685,72.9,2026-05-27T15:06:08.625Z,2026-05-27T15:06:08.652Z,2026-05-27T15:06:08.652Z
4779,3.9,76,3211,50,0.1719,0.0513,72.9,2026-05-27T15:06:18.828Z,2026-05-27T15:06:18.838Z,2026-05-27T15:06:18.838Z
4780,4.9,76,120,50,0.1875,0.0645,72.9,2026-05-27T15:06:28.962Z,2026-05-27T15:06:28.971Z,2026-05-27T15:06:28.971Z
4781,2.9,76,466,199.85,0.0469,0.0382,72.9,2026-05-27T15:06:39.098Z,2026-05-27T15:06:39.108Z,2026-05-27T15:06:39.108Z
4782,4.9,76,162,162.5,0.1562,0.0645,72.9,2026-05-27T15:06:49.267Z,2026-05-27T15:06:49.278Z,2026-05-27T15:06:49.278Z
4783,5.2,76,15473,50,0.1875,0.0684,72.9,2026-05-27T15:06:59.390Z,2026-05-27T15:06:59.399Z,2026-05-27T15:06:59.399Z
4784,7.8,76,24897,162.5,0.6562,0.1026,72.9,2026-05-27T15:07:09.524Z,2026-05-27T15:07:09.533Z,2026-05-27T15:07:09.533Z
4785,3.7,76,6817,50,0.4062,0.0487,72.9,2026-05-27T15:07:19.656Z,2026-05-27T15:07:19.667Z,2026-05-27T15:07:19.667Z
4786,4.1,76,3506,50,0.1406,0.0539,72.9,2026-05-27T15:07:29.777Z,2026-05-27T15:07:29.785Z,2026-05-27T15:07:29.785Z
4787,4.3,75.9,60,50,0.2656,0.0567,72.9,2026-05-27T15:07:39.910Z,2026-05-27T15:07:39.920Z,2026-05-27T15:07:39.920Z
4788,4.3,76,60125,500,0.0781,0.0566,72.9,2026-05-27T15:07:50.051Z,2026-05-27T15:07:50.070Z,2026-05-27T15:07:50.070Z
4789,11.1,76,591,50,0.4844,0.1461,72.9,2026-05-27T15:08:00.156Z,2026-05-27T15:08:00.165Z,2026-05-27T15:08:00.165Z
4790,12.6,76,3709,50,0.0781,0.1658,72.9,2026-05-27T15:08:10.272Z,2026-05-27T15:08:10.281Z,2026-05-27T15:08:10.281Z
4791,5.1,75.8,257,50,0.0469,0.0673,72.9,2026-05-27T15:08:20.423Z,2026-05-27T15:08:20.435Z,2026-05-27T15:08:20.435Z
4792,5,76.1,334,50,0.2344,0.0657,72.9,2026-05-27T15:08:30.549Z,2026-05-27T15:08:30.558Z,2026-05-27T15:08:30.558Z
4793,14.5,75.8,275,162.5,0.2344,0.1913,72.9,2026-05-27T15:08:40.683Z,2026-05-27T15:08:40.695Z,2026-05-27T15:08:40.695Z
4794,4.1,75.7,84,275,0.3438,0.0542,72.9,2026-05-27T15:08:50.798Z,2026-05-27T15:08:50.807Z,2026-05-27T15:08:50.807Z
4795,4.4,75.8,162,387.5,0.125,0.058,72.9,2026-05-27T15:09:00.909Z,2026-05-27T15:09:00.920Z,2026-05-27T15:09:00.920Z
4796,4.3,75.7,3708,50,0.1875,0.0568,72.9,2026-05-27T15:09:11.027Z,2026-05-27T15:09:11.038Z,2026-05-27T15:09:11.038Z
4797,9.9,75.7,60,50,0.8906,0.1308,72.9,2026-05-27T15:09:21.211Z,2026-05-27T15:09:21.221Z,2026-05-27T15:09:21.221Z
4798,7.2,75.6,2036,50,0.1406,0.0952,72.9,2026-05-27T15:09:31.371Z,2026-05-27T15:09:31.381Z,2026-05-27T15:09:31.381Z
4799,3.8,75.5,15355,50,0.2344,0.0503,72.9,2026-05-27T15:09:41.476Z,2026-05-27T15:09:41.486Z,2026-05-27T15:09:41.486Z
4800,10.5,75.8,37527,50,1.6406,0.1385,72.9,2026-05-27T15:09:51.691Z,2026-05-27T15:09:51.702Z,2026-05-27T15:09:51.702Z
4801,25.1,76,583,275,0.5156,0.3303,72.9,2026-05-27T15:10:01.815Z,2026-05-27T15:10:01.824Z,2026-05-27T15:10:01.824Z
4802,19,76,42,50,0.2969,0.25,72.9,2026-05-27T15:10:11.941Z,2026-05-27T15:10:11.951Z,2026-05-27T15:10:11.951Z
4803,20.9,76.3,11709,50,0.2031,0.2739,72.9,2026-05-27T15:10:22.136Z,2026-05-27T15:10:22.151Z,2026-05-27T15:10:22.151Z
4804,22,75.7,102,50,0.5469,0.2906,72.9,2026-05-27T15:10:32.273Z,2026-05-27T15:10:32.284Z,2026-05-27T15:10:32.284Z
4805,23.3,76.1,438,275,0.5469,0.3062,72.9,2026-05-27T15:10:42.392Z,2026-05-27T15:10:42.401Z,2026-05-27T15:10:42.401Z
4806,12.1,75.6,214,50,0.5,0.1601,72.9,2026-05-27T15:10:52.539Z,2026-05-27T15:10:52.552Z,2026-05-27T15:10:52.552Z
4807,16.1,75.6,412,162.5,0.7031,0.213,72.9,2026-05-27T15:11:02.679Z,2026-05-27T15:11:02.693Z,2026-05-27T15:11:02.693Z
4808,31,75.8,8558,50,1.5,0.409,72.9,2026-05-27T15:11:12.813Z,2026-05-27T15:11:12.857Z,2026-05-27T15:11:12.857Z
4809,25.6,75.9,5058,50,0.7969,0.3373,72.9,2026-05-27T15:11:22.940Z,2026-05-27T15:11:22.953Z,2026-05-27T15:11:22.953Z
4810,47.3,76.9,2266795,50,3.9844,0.6151,72.9,2026-05-27T15:11:33.241Z,2026-05-27T15:11:33.280Z,2026-05-27T15:11:33.280Z
4811,67.8,77.5,362,387.5,1.8906,0.8748,72.9,2026-05-27T15:11:43.346Z,2026-05-27T15:11:43.358Z,2026-05-27T15:11:43.358Z
4812,57.9,79,3139,50,1.1094,0.7329,72.9,2026-05-27T15:11:53.469Z,2026-05-27T15:11:53.484Z,2026-05-27T15:11:53.484Z
4813,41.7,76.6,5576,50,1.9688,0.5444,72.9,2026-05-27T15:12:03.562Z,2026-05-27T15:12:03.572Z,2026-05-27T15:12:03.572Z
4814,28.9,76.1,884,50,0.7656,0.3798,72.9,2026-05-27T15:12:13.674Z,2026-05-27T15:12:13.697Z,2026-05-27T15:12:13.697Z
4815,34.7,76,704,50,0.7969,0.4566,72.9,2026-05-27T15:12:23.772Z,2026-05-27T15:12:23.784Z,2026-05-27T15:12:23.784Z
4816,28.3,75.9,7020,50,1.0156,0.3729,72.9,2026-05-27T15:12:33.903Z,2026-05-27T15:12:33.918Z,2026-05-27T15:12:33.918Z
4817,27.3,75.8,60,350.15,0.9844,0.3602,72.9,2026-05-27T15:12:43.994Z,2026-05-27T15:12:44.009Z,2026-05-27T15:12:44.009Z
4818,26.4,75.7,60,50,0.9531,0.3487,72.9,2026-05-27T15:12:54.100Z,2026-05-27T15:12:54.113Z,2026-05-27T15:12:54.113Z
4819,23.8,75.2,6522,50,0.9531,0.3165,72.9,2026-05-27T15:13:04.192Z,2026-05-27T15:13:04.207Z,2026-05-27T15:13:04.207Z
4820,24,75.4,102,50,0.8438,0.3183,72.9,2026-05-27T15:13:14.313Z,2026-05-27T15:13:14.326Z,2026-05-27T15:13:14.326Z
4821,23.3,75.1,215,50,1.0625,0.3103,72.9,2026-05-27T15:13:24.498Z,2026-05-27T15:13:24.511Z,2026-05-27T15:13:24.511Z
4822,27.4,75.1,8376,500,0.9688,0.3648,72.9,2026-05-27T15:13:34.591Z,2026-05-27T15:13:34.602Z,2026-05-27T15:13:34.602Z
4823,23.1,75.1,102,199.85,0.7031,0.3076,72.9,2026-05-27T15:13:44.702Z,2026-05-27T15:13:44.714Z,2026-05-27T15:13:44.714Z
4824,22.4,75.1,2458,50,0.8125,0.2983,72.9,2026-05-27T15:13:54.888Z,2026-05-27T15:13:54.901Z,2026-05-27T15:13:54.901Z
4825,23.7,75.2,6765,50,1.0312,0.3152,72.9,2026-05-27T15:14:05.000Z,2026-05-27T15:14:05.013Z,2026-05-27T15:14:05.013Z
4826,28.1,75.3,166,50,1.2031,0.3732,72.9,2026-05-27T15:14:15.117Z,2026-05-27T15:14:15.129Z,2026-05-27T15:14:15.129Z
4827,27.7,75.4,398,162.5,1.1562,0.3674,72.9,2026-05-27T15:14:25.232Z,2026-05-27T15:14:25.245Z,2026-05-27T15:14:25.245Z
4828,22.1,75.3,7833,275,0.9062,0.2935,72.9,2026-05-27T15:14:35.344Z,2026-05-27T15:14:35.357Z,2026-05-27T15:14:35.357Z
4829,23.3,75.2,60,50,0.8594,0.3098,72.9,2026-05-27T15:14:45.446Z,2026-05-27T15:14:45.459Z,2026-05-27T15:14:45.459Z
4830,21.9,75.2,166,50,1.1562,0.2912,72.9,2026-05-27T15:14:55.546Z,2026-05-27T15:14:55.560Z,2026-05-27T15:14:55.560Z
4831,22.6,75.2,5180,50,1.0156,0.3005,72.9,2026-05-27T15:15:05.714Z,2026-05-27T15:15:05.726Z,2026-05-27T15:15:05.726Z
4832,29.8,75.6,28383,50,1.4375,0.3942,72.9,2026-05-27T15:15:15.815Z,2026-05-27T15:15:15.828Z,2026-05-27T15:15:15.828Z
4833,36.3,75.1,513,50,1.5625,0.4834,72.9,2026-05-27T15:15:25.926Z,2026-05-27T15:15:25.939Z,2026-05-27T15:15:25.939Z
4834,23,74.9,5978,50,1.0625,0.3071,72.9,2026-05-27T15:15:36.024Z,2026-05-27T15:15:36.038Z,2026-05-27T15:15:36.038Z
4835,22.4,75,920,50,0.8281,0.2987,72.9,2026-05-27T15:15:46.112Z,2026-05-27T15:15:46.125Z,2026-05-27T15:15:46.125Z
4836,23,74.9,41757,50,1.1875,0.3071,72.9,2026-05-27T15:15:56.688Z,2026-05-27T15:15:56.700Z,2026-05-27T15:15:56.700Z
4837,22.7,74.9,806,50,0.7969,0.3031,72.9,2026-05-27T15:16:06.788Z,2026-05-27T15:16:06.802Z,2026-05-27T15:16:06.802Z
4838,22.2,74.9,33278,50,1.0312,0.2964,72.9,2026-05-27T15:16:16.916Z,2026-05-27T15:16:16.927Z,2026-05-27T15:16:16.927Z
4839,24.1,74.9,223,162.5,0.8906,0.3218,72.9,2026-05-27T15:16:27.025Z,2026-05-27T15:16:27.037Z,2026-05-27T15:16:27.037Z
4840,26.4,75,1072,50,1.0156,0.352,72.9,2026-05-27T15:16:37.118Z,2026-05-27T15:16:37.130Z,2026-05-27T15:16:37.130Z
4841,22.5,74.9,274,50,0.9062,0.3004,72.9,2026-05-27T15:16:47.215Z,2026-05-27T15:16:47.231Z,2026-05-27T15:16:47.231Z
4842,37.4,74.9,730,50,0.8594,0.4993,72.9,2026-05-27T15:16:57.332Z,2026-05-27T15:16:57.345Z,2026-05-27T15:16:57.345Z
4843,26.3,74.8,198,50,1.5,0.3516,72.9,2026-05-27T15:17:07.466Z,2026-05-27T15:17:07.477Z,2026-05-27T15:17:07.477Z
4844,26.8,73.2,497,275,1,0.3661,72.9,2026-05-27T15:17:17.587Z,2026-05-27T15:17:17.601Z,2026-05-27T15:17:17.601Z
4845,23.5,73.2,60,50,0.9844,0.321,72.9,2026-05-27T15:17:27.696Z,2026-05-27T15:17:27.709Z,2026-05-27T15:17:27.709Z
4846,35.7,73.2,19196,50,1.0469,0.4877,72.9,2026-05-27T15:17:37.801Z,2026-05-27T15:17:37.814Z,2026-05-27T15:17:37.814Z
4847,23,73.2,2892,50,0.7969,0.3142,72.9,2026-05-27T15:17:47.894Z,2026-05-27T15:17:47.908Z,2026-05-27T15:17:47.908Z
4848,23.6,73.2,4419,50,0.7969,0.3224,72.9,2026-05-27T15:17:57.996Z,2026-05-27T15:17:58.009Z,2026-05-27T15:17:58.009Z
4849,37.4,73.6,1874,162.5,0.875,0.5082,72.9,2026-05-27T15:18:08.104Z,2026-05-27T15:18:08.118Z,2026-05-27T15:18:08.118Z
4850,24,73.6,308,350.15,0.7656,0.3261,72.9,2026-05-27T15:18:18.216Z,2026-05-27T15:18:18.229Z,2026-05-27T15:18:18.229Z
4851,22.2,73.5,3616,50,0.8594,0.302,72.9,2026-05-27T15:18:28.328Z,2026-05-27T15:18:28.340Z,2026-05-27T15:18:28.340Z
4852,22.3,73.5,15296,50,0.9062,0.3034,72.9,2026-05-27T15:18:38.448Z,2026-05-27T15:18:38.465Z,2026-05-27T15:18:38.465Z
4853,22.8,73.5,60,500,0.8125,0.3102,72.9,2026-05-27T15:18:48.555Z,2026-05-27T15:18:48.566Z,2026-05-27T15:18:48.566Z
4854,22.2,73.5,464,50,0.7969,0.302,72.9,2026-05-27T15:18:58.655Z,2026-05-27T15:18:58.669Z,2026-05-27T15:18:58.669Z
4855,22.5,73.5,12624,500,1.0156,0.3061,72.9,2026-05-27T15:19:08.812Z,2026-05-27T15:19:08.824Z,2026-05-27T15:19:08.824Z
4856,22.2,73.5,60,162.5,0.7969,0.302,72.9,2026-05-27T15:19:18.910Z,2026-05-27T15:19:18.921Z,2026-05-27T15:19:18.921Z
4857,23.8,73.5,1008,50,0.8906,0.3238,72.9,2026-05-27T15:19:29.018Z,2026-05-27T15:19:29.031Z,2026-05-27T15:19:29.031Z
4858,22.4,73.4,60,50,0.8594,0.3052,72.9,2026-05-27T15:19:39.143Z,2026-05-27T15:19:39.159Z,2026-05-27T15:19:39.159Z
4859,23.1,73.4,60,50,0.8281,0.3147,72.9,2026-05-27T15:19:49.245Z,2026-05-27T15:19:49.259Z,2026-05-27T15:19:49.259Z
4860,24.4,73.4,60,500,1.0312,0.3324,72.9,2026-05-27T15:19:59.342Z,2026-05-27T15:19:59.357Z,2026-05-27T15:19:59.357Z
4861,22.9,73.4,18436,50,0.9219,0.312,72.9,2026-05-27T15:20:09.551Z,2026-05-27T15:20:09.593Z,2026-05-27T15:20:09.593Z
4862,23.6,73.4,745,50,0.9062,0.3215,72.9,2026-05-27T15:20:19.652Z,2026-05-27T15:20:19.667Z,2026-05-27T15:20:19.667Z
4863,23,73.4,239,275,0.9531,0.3134,72.9,2026-05-27T15:20:29.753Z,2026-05-27T15:20:29.764Z,2026-05-27T15:20:29.764Z
4864,24.1,73.3,901,50,0.8906,0.3288,72.9,2026-05-27T15:20:39.838Z,2026-05-27T15:20:39.848Z,2026-05-27T15:20:39.848Z
4865,22.5,73.3,1794,50,1,0.307,72.9,2026-05-27T15:20:49.935Z,2026-05-27T15:20:49.947Z,2026-05-27T15:20:49.947Z
4866,22.6,73.3,60,50,0.8281,0.3083,72.9,2026-05-27T15:21:00.065Z,2026-05-27T15:21:00.079Z,2026-05-27T15:21:00.079Z
4867,23.5,73.3,14856,50,0.9375,0.3206,72.9,2026-05-27T15:21:10.238Z,2026-05-27T15:21:10.248Z,2026-05-27T15:21:10.248Z
4868,26.3,73.2,3710,50,0.9531,0.3593,72.9,2026-05-27T15:21:20.341Z,2026-05-27T15:21:20.355Z,2026-05-27T15:21:20.355Z
4869,22.8,73.1,146,50,0.7969,0.3119,72.9,2026-05-27T15:21:30.448Z,2026-05-27T15:21:30.466Z,2026-05-27T15:21:30.466Z
4870,22.2,73.1,590,275,0.8281,0.3037,72.9,2026-05-27T15:21:40.544Z,2026-05-27T15:21:40.556Z,2026-05-27T15:21:40.556Z
4871,22.5,73.1,60,350.15,0.9219,0.3078,72.9,2026-05-27T15:21:50.652Z,2026-05-27T15:21:50.676Z,2026-05-27T15:21:50.676Z
4872,23.4,73.1,60,320,0.9375,0.3201,72.9,2026-05-27T15:22:00.757Z,2026-05-27T15:22:00.771Z,2026-05-27T15:22:00.771Z
4873,27.1,72.4,368,50,0.8281,0.3743,72.9,2026-05-27T15:22:10.871Z,2026-05-27T15:22:10.885Z,2026-05-27T15:22:10.885Z
4874,22.9,72.4,964,275,0.9375,0.3163,72.9,2026-05-27T15:22:20.970Z,2026-05-27T15:22:20.982Z,2026-05-27T15:22:20.982Z
4875,24.1,72.4,60,275,0.7969,0.3329,72.9,2026-05-27T15:22:31.126Z,2026-05-27T15:22:31.139Z,2026-05-27T15:22:31.139Z
4876,23.3,72.3,11157,50,1.1406,0.3223,72.9,2026-05-27T15:22:41.224Z,2026-05-27T15:22:41.236Z,2026-05-27T15:22:41.236Z
4877,23.9,72.3,33302,50,1.1094,0.3306,72.9,2026-05-27T15:22:51.320Z,2026-05-27T15:22:51.334Z,2026-05-27T15:22:51.334Z
4878,24,72.3,127,275,0.8906,0.332,72.9,2026-05-27T15:23:01.420Z,2026-05-27T15:23:01.434Z,2026-05-27T15:23:01.434Z
4879,24.5,72.5,3112,50,0.9219,0.3379,72.9,2026-05-27T15:23:11.531Z,2026-05-27T15:23:11.542Z,2026-05-27T15:23:11.542Z
4880,23.6,72.5,627,50,0.9531,0.3255,72.9,2026-05-27T15:23:21.624Z,2026-05-27T15:23:21.640Z,2026-05-27T15:23:21.640Z
4881,25.8,72.4,1006,50,1.0469,0.3564,72.9,2026-05-27T15:23:31.717Z,2026-05-27T15:23:31.731Z,2026-05-27T15:23:31.731Z
4882,24.1,72.4,4425,500,1.0781,0.3329,72.9,2026-05-27T15:23:41.817Z,2026-05-27T15:23:41.828Z,2026-05-27T15:23:41.828Z
4883,23,72.4,1177,50,0.9375,0.3177,72.9,2026-05-27T15:23:51.919Z,2026-05-27T15:23:51.933Z,2026-05-27T15:23:51.933Z
4884,23.7,72.4,1062,50,0.8594,0.3273,72.9,2026-05-27T15:24:02.013Z,2026-05-27T15:24:02.024Z,2026-05-27T15:24:02.024Z
4885,24.6,72.4,9272,50,1.4062,0.3398,72.9,2026-05-27T15:24:12.257Z,2026-05-27T15:24:12.270Z,2026-05-27T15:24:12.270Z
4886,22.5,72.4,2043,50,0.875,0.3108,72.9,2026-05-27T15:24:22.368Z,2026-05-27T15:24:22.381Z,2026-05-27T15:24:22.381Z
4887,23.2,72.4,2236,50,1,0.3204,72.9,2026-05-27T15:24:32.456Z,2026-05-27T15:24:32.468Z,2026-05-27T15:24:32.468Z
4888,21.6,72.4,3805,50,0.9062,0.2983,72.9,2026-05-27T15:24:42.562Z,2026-05-27T15:24:42.572Z,2026-05-27T15:24:42.572Z
4889,22.7,72.3,1035,275,0.8281,0.314,72.9,2026-05-27T15:24:52.675Z,2026-05-27T15:24:52.688Z,2026-05-27T15:24:52.688Z
4890,24.7,72.4,1908,50,1,0.3412,72.9,2026-05-27T15:25:02.775Z,2026-05-27T15:25:02.787Z,2026-05-27T15:25:02.787Z
4891,22.9,72.4,1685,275,0.8906,0.3163,72.9,2026-05-27T15:25:12.865Z,2026-05-27T15:25:12.877Z,2026-05-27T15:25:12.877Z
4892,21.6,72.4,2177,50,0.9219,0.2983,72.9,2026-05-27T15:25:22.956Z,2026-05-27T15:25:22.969Z,2026-05-27T15:25:22.969Z
4893,24.6,72.5,1198,50,0.9844,0.3393,72.9,2026-05-27T15:25:33.049Z,2026-05-27T15:25:33.061Z,2026-05-27T15:25:33.061Z
4894,24.7,72.4,46198,50,0.9688,0.3412,72.9,2026-05-27T15:25:43.175Z,2026-05-27T15:25:43.187Z,2026-05-27T15:25:43.187Z
4895,24.2,72.4,1105,50,1.0156,0.3343,72.9,2026-05-27T15:25:53.278Z,2026-05-27T15:25:53.291Z,2026-05-27T15:25:53.291Z
4896,24.7,72.4,1202,50,0.8906,0.3412,72.9,2026-05-27T15:26:03.386Z,2026-05-27T15:26:03.398Z,2026-05-27T15:26:03.398Z
4897,23.1,72.4,30609,350.15,0.8906,0.3191,72.9,2026-05-27T15:26:13.497Z,2026-05-27T15:26:13.509Z,2026-05-27T15:26:13.509Z
4898,23.6,72.4,18308,275,1,0.326,72.9,2026-05-27T15:26:23.597Z,2026-05-27T15:26:23.609Z,2026-05-27T15:26:23.609Z
4899,23.3,72.4,983,50,0.8125,0.3218,72.9,2026-05-27T15:26:33.705Z,2026-05-27T15:26:33.725Z,2026-05-27T15:26:33.725Z
4900,22.9,72.4,1038,50,0.9062,0.3163,72.9,2026-05-27T15:26:43.798Z,2026-05-27T15:26:43.812Z,2026-05-27T15:26:43.812Z
4901,22.6,72.4,12444,50,0.8906,0.3122,72.9,2026-05-27T15:26:53.899Z,2026-05-27T15:26:53.911Z,2026-05-27T15:26:53.911Z
4902,23.9,72.4,457,50,1.0781,0.3301,72.9,2026-05-27T15:27:03.993Z,2026-05-27T15:27:04.009Z,2026-05-27T15:27:04.009Z
4903,24.5,72.4,9220,350.15,0.8125,0.3384,72.9,2026-05-27T15:27:14.092Z,2026-05-27T15:27:14.106Z,2026-05-27T15:27:14.106Z
4904,27,72.5,198,50,0.8594,0.3724,72.9,2026-05-27T15:27:24.201Z,2026-05-27T15:27:24.223Z,2026-05-27T15:27:24.223Z
4905,23.1,72.5,311,50,0.8281,0.3186,72.9,2026-05-27T15:27:34.304Z,2026-05-27T15:27:34.316Z,2026-05-27T15:27:34.316Z
4906,22.4,72.1,59257,500,0.9219,0.3107,72.9,2026-05-27T15:27:44.406Z,2026-05-27T15:27:44.420Z,2026-05-27T15:27:44.420Z
4907,25.6,72.1,197,50,0.9062,0.3551,72.9,2026-05-27T15:27:54.498Z,2026-05-27T15:27:54.512Z,2026-05-27T15:27:54.512Z
4908,25.9,72.2,4074,50,1.6562,0.3587,72.9,2026-05-27T15:28:04.609Z,2026-05-27T15:28:04.621Z,2026-05-27T15:28:04.621Z
4909,31.4,72.4,60,50,1.0469,0.4337,72.9,2026-05-27T15:28:14.724Z,2026-05-27T15:28:14.737Z,2026-05-27T15:28:14.737Z
4910,27.1,72.3,60,50,0.8438,0.3748,72.9,2026-05-27T15:28:24.835Z,2026-05-27T15:28:24.853Z,2026-05-27T15:28:24.853Z
4911,31.2,73.5,6015,50,2.1094,0.4245,72.9,2026-05-27T15:28:34.969Z,2026-05-27T15:28:34.987Z,2026-05-27T15:28:34.987Z
4912,33.8,72.2,436,275,0.875,0.4681,72.9,2026-05-27T15:28:45.074Z,2026-05-27T15:28:45.087Z,2026-05-27T15:28:45.087Z
4913,23.4,72.2,60,350.15,0.9219,0.3241,72.9,2026-05-27T15:28:55.211Z,2026-05-27T15:28:55.242Z,2026-05-27T15:28:55.242Z
4914,24.7,72.2,3688,50,0.9531,0.3421,72.9,2026-05-27T15:29:05.310Z,2026-05-27T15:29:05.323Z,2026-05-27T15:29:05.323Z
4915,23.5,72.2,59537,50,0.8906,0.3255,72.9,2026-05-27T15:29:15.415Z,2026-05-27T15:29:15.426Z,2026-05-27T15:29:15.426Z
4916,22.9,72.2,60,50,0.8281,0.3172,72.9,2026-05-27T15:29:25.499Z,2026-05-27T15:29:25.510Z,2026-05-27T15:29:25.510Z
4917,23.1,72.2,60,50,0.8594,0.3199,72.9,2026-05-27T15:29:35.620Z,2026-05-27T15:29:35.632Z,2026-05-27T15:29:35.632Z
4918,22.7,72.1,784,387.5,0.9062,0.3148,72.9,2026-05-27T15:29:45.721Z,2026-05-27T15:29:45.737Z,2026-05-27T15:29:45.737Z
4919,22.4,72.2,60,500,0.7969,0.3102,72.9,2026-05-27T15:29:55.854Z,2026-05-27T15:29:55.866Z,2026-05-27T15:29:55.866Z
4920,24,72.2,60,387.5,0.875,0.3324,72.9,2026-05-27T15:30:05.949Z,2026-05-27T15:30:05.963Z,2026-05-27T15:30:05.963Z
4921,24.6,72.3,422,50,0.9531,0.3402,72.9,2026-05-27T15:30:16.065Z,2026-05-27T15:30:16.078Z,2026-05-27T15:30:16.078Z
4922,22.2,72.2,8496,50,0.8438,0.3075,72.9,2026-05-27T15:30:26.168Z,2026-05-27T15:30:26.181Z,2026-05-27T15:30:26.181Z
4923,23.9,72.1,459,500,0.8906,0.3315,72.9,2026-05-27T15:30:36.253Z,2026-05-27T15:30:36.266Z,2026-05-27T15:30:36.266Z
4924,22.1,72.2,3087,50,0.9219,0.3061,72.9,2026-05-27T15:30:46.351Z,2026-05-27T15:30:46.366Z,2026-05-27T15:30:46.366Z
4925,25,72.2,4401,275,0.9844,0.3463,72.9,2026-05-27T15:30:56.460Z,2026-05-27T15:30:56.471Z,2026-05-27T15:30:56.471Z
4926,23.2,72.2,482,50,0.7812,0.3213,72.9,2026-05-27T15:31:06.551Z,2026-05-27T15:31:06.564Z,2026-05-27T15:31:06.564Z
4927,23.2,72.2,378,50,0.8906,0.3213,72.9,2026-05-27T15:31:16.658Z,2026-05-27T15:31:16.670Z,2026-05-27T15:31:16.670Z
4928,30.4,72.4,5689,50,0.8438,0.4199,72.9,2026-05-27T15:31:26.749Z,2026-05-27T15:31:26.761Z,2026-05-27T15:31:26.761Z
4929,25.1,72.3,295,50,0.8906,0.3472,72.9,2026-05-27T15:31:36.854Z,2026-05-27T15:31:36.868Z,2026-05-27T15:31:36.868Z
4930,25,72.3,60,350.15,0.9531,0.3458,72.9,2026-05-27T15:31:46.942Z,2026-05-27T15:31:46.953Z,2026-05-27T15:31:46.953Z
4931,27.3,72.3,204,50,0.875,0.3776,72.9,2026-05-27T15:31:57.047Z,2026-05-27T15:31:57.060Z,2026-05-27T15:31:57.060Z
4932,34,74.3,60,50,0.1719,0.4576,72.9,2026-05-27T15:32:07.157Z,2026-05-27T15:32:07.168Z,2026-05-27T15:32:07.168Z
4933,9.8,74.3,308,275,0.1406,0.1319,72.9,2026-05-27T15:32:17.261Z,2026-05-27T15:32:17.270Z,2026-05-27T15:32:17.270Z
4934,17.3,74.3,60,50,0.8594,0.2328,72.9,2026-05-27T15:32:27.377Z,2026-05-27T15:32:27.386Z,2026-05-27T15:32:27.386Z
4935,19.2,74.1,199,500,0.4062,0.2591,72.9,2026-05-27T15:32:37.525Z,2026-05-27T15:32:37.535Z,2026-05-27T15:32:37.535Z
4936,19,74.6,146,50,3,0.2547,72.9,2026-05-27T15:32:47.614Z,2026-05-27T15:32:47.626Z,2026-05-27T15:32:47.626Z
4937,29.8,74.8,6240,50,0.9219,0.3984,72.9,2026-05-27T15:32:57.740Z,2026-05-27T15:32:57.748Z,2026-05-27T15:32:57.748Z
4938,63.1,75,5989,387.5,2.7656,0.8413,72.9,2026-05-27T15:33:07.848Z,2026-05-27T15:33:07.861Z,2026-05-27T15:33:07.861Z
4939,46.8,75.5,10565,50,0.6875,0.6199,72.9,2026-05-27T15:33:17.974Z,2026-05-27T15:33:17.984Z,2026-05-27T15:33:17.984Z
4940,20.3,75.7,541,50,0.6562,0.2682,72.9,2026-05-27T15:33:28.115Z,2026-05-27T15:33:28.125Z,2026-05-27T15:33:28.125Z
4941,24.2,75,199,50,2.7969,0.3227,72.9,2026-05-27T15:33:38.220Z,2026-05-27T15:33:38.229Z,2026-05-27T15:33:38.229Z
4942,36.1,75.5,668,50,1.2969,0.4781,72.9,2026-05-27T15:33:48.327Z,2026-05-27T15:33:48.338Z,2026-05-27T15:33:48.338Z
4943,21.6,76.8,444,50,0.2812,0.2813,72.9,2026-05-27T15:33:58.431Z,2026-05-27T15:33:58.444Z,2026-05-27T15:33:58.444Z
4944,22.5,75.8,28967,50,1.9531,0.2968,72.9,2026-05-27T15:34:08.559Z,2026-05-27T15:34:08.578Z,2026-05-27T15:34:08.578Z
4945,37.2,76.6,7594,50,1.3594,0.4856,72.9,2026-05-27T15:34:18.695Z,2026-05-27T15:34:18.720Z,2026-05-27T15:34:18.720Z
4946,24.2,76.2,146,50,0.0938,0.3176,72.9,2026-05-27T15:34:28.864Z,2026-05-27T15:34:28.874Z,2026-05-27T15:34:28.874Z
4947,6.4,75.9,13244,50,0.1406,0.0843,72.9,2026-05-27T15:34:39.002Z,2026-05-27T15:34:39.012Z,2026-05-27T15:34:39.012Z
4948,4.7,77.1,154,162.5,0.2031,0.061,72.9,2026-05-27T15:34:49.139Z,2026-05-27T15:34:49.149Z,2026-05-27T15:34:49.149Z
4949,9.6,77,146,50,0.1406,0.1247,72.9,2026-05-27T15:34:59.285Z,2026-05-27T15:34:59.298Z,2026-05-27T15:34:59.298Z
4950,8.8,77,24744,500,1.0781,0.1143,72.9,2026-05-27T15:35:09.398Z,2026-05-27T15:35:09.407Z,2026-05-27T15:35:09.407Z
4951,9.3,76.9,60,162.5,0.375,0.1209,72.9,2026-05-27T15:35:19.504Z,2026-05-27T15:35:19.513Z,2026-05-27T15:35:19.513Z
4952,4.2,77,380,50,0.2344,0.0545,72.9,2026-05-27T15:35:29.671Z,2026-05-27T15:35:29.680Z,2026-05-27T15:35:29.680Z
4953,8.5,76.7,1805,162.5,0.2969,0.1108,72.9,2026-05-27T15:35:39.783Z,2026-05-27T15:35:39.792Z,2026-05-27T15:35:39.792Z
4954,4.7,76.9,440,50,0.2344,0.0611,72.9,2026-05-27T15:35:49.913Z,2026-05-27T15:35:49.922Z,2026-05-27T15:35:49.922Z
4955,4.7,77,11201,50,0.3594,0.061,72.9,2026-05-27T15:36:00.095Z,2026-05-27T15:36:00.105Z,2026-05-27T15:36:00.105Z
4956,8,77.1,8308,50,0.4219,0.1038,72.9,2026-05-27T15:36:10.233Z,2026-05-27T15:36:10.243Z,2026-05-27T15:36:10.243Z
4957,5.2,77.1,138,50,0.2656,0.0674,72.9,2026-05-27T15:36:20.367Z,2026-05-27T15:36:20.378Z,2026-05-27T15:36:20.378Z
4958,3.8,77.1,4268,50,0.2188,0.0493,72.9,2026-05-27T15:36:30.481Z,2026-05-27T15:36:30.490Z,2026-05-27T15:36:30.490Z
4959,4.7,77,198,50,0.1875,0.061,72.9,2026-05-27T15:36:40.599Z,2026-05-27T15:36:40.608Z,2026-05-27T15:36:40.608Z
4960,11.2,76,4283,50,0.1406,0.1474,72.9,2026-05-27T15:36:50.710Z,2026-05-27T15:36:50.720Z,2026-05-27T15:36:50.720Z
4961,4.3,75.9,925,50,0.1875,0.0567,72.9,2026-05-27T15:37:00.855Z,2026-05-27T15:37:00.865Z,2026-05-27T15:37:00.865Z
4962,8.5,75.6,379,50,0.4844,0.1124,72.9,2026-05-27T15:37:10.969Z,2026-05-27T15:37:10.978Z,2026-05-27T15:37:10.978Z
4963,4.2,75.5,785,50,0.1719,0.0556,72.9,2026-05-27T15:37:21.089Z,2026-05-27T15:37:21.099Z,2026-05-27T15:37:21.099Z
4964,4.8,75.6,59053,50,0.2656,0.0635,72.9,2026-05-27T15:37:31.217Z,2026-05-27T15:37:31.228Z,2026-05-27T15:37:31.228Z
4965,12.6,75.2,9098,50,1.1562,0.1676,72.9,2026-05-27T15:37:41.300Z,2026-05-27T15:37:41.311Z,2026-05-27T15:37:41.311Z
4966,11.9,75.2,1306,50,0.5312,0.1582,72.9,2026-05-27T15:37:51.484Z,2026-05-27T15:37:51.509Z,2026-05-27T15:37:51.509Z
4967,21.8,75.2,1224,50,0.3594,0.2899,72.9,2026-05-27T15:38:01.599Z,2026-05-27T15:38:01.609Z,2026-05-27T15:38:01.609Z
4968,25.4,76.1,60,50,0.2188,0.3338,72.9,2026-05-27T15:38:11.708Z,2026-05-27T15:38:11.717Z,2026-05-27T15:38:11.717Z
4969,3.9,76,60,162.5,0.2188,0.0513,72.9,2026-05-27T15:38:21.825Z,2026-05-27T15:38:21.839Z,2026-05-27T15:38:21.839Z
4970,6,76.5,60,162.5,0.0469,0.0784,72.9,2026-05-27T15:38:31.944Z,2026-05-27T15:38:31.953Z,2026-05-27T15:38:31.953Z
4971,19.5,76.8,60,50,0.2188,0.2539,72.9,2026-05-27T15:38:42.057Z,2026-05-27T15:38:42.066Z,2026-05-27T15:38:42.066Z
4972,3.1,76.5,60,50,0.0625,0.0405,72.9,2026-05-27T15:38:52.177Z,2026-05-27T15:38:52.189Z,2026-05-27T15:38:52.189Z
4973,5.3,77.4,5219,50,0.2188,0.0685,72.9,2026-05-27T15:39:02.312Z,2026-05-27T15:39:02.322Z,2026-05-27T15:39:02.322Z
4974,7.8,76.5,1703,162.5,0.4375,0.102,72.9,2026-05-27T15:39:12.408Z,2026-05-27T15:39:12.417Z,2026-05-27T15:39:12.417Z
4975,26.4,77.4,26778,50,3.2656,0.3411,72.9,2026-05-27T15:39:22.567Z,2026-05-27T15:39:22.583Z,2026-05-27T15:39:22.583Z
4976,33.4,77,5429,50,0.4688,0.4338,72.9,2026-05-27T15:39:32.685Z,2026-05-27T15:39:32.695Z,2026-05-27T15:39:32.695Z
4977,4.5,76.7,1157,50,0.25,0.0587,72.9,2026-05-27T15:39:42.797Z,2026-05-27T15:39:42.808Z,2026-05-27T15:39:42.808Z
4978,4.4,76.9,268,50,0.1719,0.0572,72.9,2026-05-27T15:39:52.921Z,2026-05-27T15:39:52.931Z,2026-05-27T15:39:52.931Z
4979,8.4,76.7,2999,162.5,0.1094,0.1095,72.9,2026-05-27T15:40:03.088Z,2026-05-27T15:40:03.103Z,2026-05-27T15:40:03.103Z
4980,5.6,76.7,60,50,0.1406,0.073,72.9,2026-05-27T15:40:13.215Z,2026-05-27T15:40:13.225Z,2026-05-27T15:40:13.225Z
4981,4.2,76.7,367,50,0.1094,0.0548,72.9,2026-05-27T15:40:23.352Z,2026-05-27T15:40:23.361Z,2026-05-27T15:40:23.361Z
4982,3.7,76.9,437,50,0.2188,0.0481,72.9,2026-05-27T15:40:33.539Z,2026-05-27T15:40:33.558Z,2026-05-27T15:40:33.558Z
4983,6,76.9,2308,162.5,0.3125,0.078,72.9,2026-05-27T15:40:43.671Z,2026-05-27T15:40:43.680Z,2026-05-27T15:40:43.680Z
4984,2.8,76.9,2625,50,0.1094,0.0364,72.9,2026-05-27T15:40:53.830Z,2026-05-27T15:40:53.840Z,2026-05-27T15:40:53.840Z
4985,8.5,76.7,8678,50,1.125,0.1108,72.9,2026-05-27T15:41:03.960Z,2026-05-27T15:41:03.971Z,2026-05-27T15:41:03.971Z
4986,10.1,76.6,60,50,0.1406,0.1319,72.9,2026-05-27T15:41:14.099Z,2026-05-27T15:41:14.108Z,2026-05-27T15:41:14.108Z
4987,5.8,76.8,516,50,0.2344,0.0755,72.9,2026-05-27T15:41:24.255Z,2026-05-27T15:41:24.265Z,2026-05-27T15:41:24.265Z
4988,5.9,76.7,1965,50,0.5781,0.0769,72.9,2026-05-27T15:41:34.423Z,2026-05-27T15:41:34.434Z,2026-05-27T15:41:34.434Z
4989,5.4,76.6,3171,162.5,0.2188,0.0705,72.9,2026-05-27T15:41:44.542Z,2026-05-27T15:41:44.552Z,2026-05-27T15:41:44.552Z
4990,12,76.7,13932,50,1.2188,0.1565,72.9,2026-05-27T15:41:54.688Z,2026-05-27T15:41:54.699Z,2026-05-27T15:41:54.699Z
4991,16.1,76.2,1878,50,0.7344,0.2113,72.9,2026-05-27T15:42:04.811Z,2026-05-27T15:42:04.824Z,2026-05-27T15:42:04.824Z
4992,23.7,75.2,724,275,0.2656,0.3152,72.9,2026-05-27T15:42:14.939Z,2026-05-27T15:42:14.948Z,2026-05-27T15:42:14.948Z
4993,14.9,74.3,60,50,0.0625,0.2005,72.8,2026-05-27T15:42:25.065Z,2026-05-27T15:42:25.074Z,2026-05-27T15:42:25.074Z
4994,8.1,74.1,4204,162.5,0.9062,0.1093,72.8,2026-05-27T15:42:35.183Z,2026-05-27T15:42:35.194Z,2026-05-27T15:42:35.194Z
4995,23.2,74.6,20455,50,0.5156,0.311,72.8,2026-05-27T15:42:45.286Z,2026-05-27T15:42:45.296Z,2026-05-27T15:42:45.296Z
4996,8.1,75.1,18217,500,0.375,0.1079,72.8,2026-05-27T15:42:55.413Z,2026-05-27T15:42:55.422Z,2026-05-27T15:42:55.422Z
4997,18.7,74.9,2012,387.5,0.4219,0.2497,72.8,2026-05-27T15:43:05.528Z,2026-05-27T15:43:05.537Z,2026-05-27T15:43:05.537Z
4998,13,74.8,4669,320,0.2656,0.1738,72.8,2026-05-27T15:43:15.664Z,2026-05-27T15:43:15.675Z,2026-05-27T15:43:15.675Z
4999,15.3,74.9,45454,50,0.6875,0.2043,72.8,2026-05-27T15:43:25.782Z,2026-05-27T15:43:25.791Z,2026-05-27T15:43:25.791Z
5000,25.1,75.5,8929,50,1.1562,0.3325,72.8,2026-05-27T15:43:35.893Z,2026-05-27T15:43:35.922Z,2026-05-27T15:43:35.922Z
5001,19,78.7,623,50,0.2344,0.2414,77.4,2026-05-28T03:54:41.263Z,2026-05-28T03:54:41.290Z,2026-05-28T03:54:41.290Z
5002,26.6,78.8,433,50,0.8281,0.3376,77.4,2026-05-28T03:54:51.350Z,2026-05-28T03:54:51.367Z,2026-05-28T03:54:51.367Z
5003,25.9,78.7,15040,50,1.2812,0.3291,77.4,2026-05-28T03:55:01.481Z,2026-05-28T03:55:01.502Z,2026-05-28T03:55:01.502Z
5004,46,79,26528,50,0.9219,0.5823,77.4,2026-05-28T03:55:11.588Z,2026-05-28T03:55:11.602Z,2026-05-28T03:55:11.602Z
5005,38.3,78.7,29347,275,1.3438,0.4867,77.4,2026-05-28T03:55:21.728Z,2026-05-28T03:55:21.742Z,2026-05-28T03:55:21.742Z
5006,46.8,81.3,31617,162.5,1.1406,0.5756,77.4,2026-05-28T03:57:33.969Z,2026-05-28T03:57:33.984Z,2026-05-28T03:57:33.984Z
5007,41.2,81.1,4110,500,3.9375,0.508,77.4,2026-05-28T03:57:44.264Z,2026-05-28T03:57:44.280Z,2026-05-28T03:57:44.280Z
5008,47.9,81.9,18699,50,0.3281,0.5849,77.4,2026-05-28T03:57:54.440Z,2026-05-28T03:57:54.455Z,2026-05-28T03:57:54.455Z
5009,33.4,81.7,3098,50,0.4375,0.4088,77.4,2026-05-28T03:58:04.587Z,2026-05-28T03:58:04.600Z,2026-05-28T03:58:04.600Z
5010,19,81.4,16896,50,0.8906,0.2334,77.4,2026-05-28T03:58:14.721Z,2026-05-28T03:58:14.734Z,2026-05-28T03:58:14.734Z
5011,38.4,82.1,873,50,0.875,0.4677,77.4,2026-05-28T03:58:24.871Z,2026-05-28T03:58:24.888Z,2026-05-28T03:58:24.888Z
5012,30.6,81.2,3582,50,0.8125,0.3768,77.4,2026-05-28T03:58:34.984Z,2026-05-28T03:58:34.996Z,2026-05-28T03:58:34.996Z
5013,47.3,82.2,96368,50,2.875,0.5754,77.4,2026-05-28T03:58:45.283Z,2026-05-28T03:58:45.303Z,2026-05-28T03:58:45.303Z
5014,58.7,83.7,322979,50,0.4688,0.7013,77.4,2026-05-28T03:58:55.482Z,2026-05-28T03:58:55.500Z,2026-05-28T03:58:55.500Z
5015,49,82.3,248,50,2.25,0.5954,77.4,2026-05-28T03:59:05.600Z,2026-05-28T03:59:05.615Z,2026-05-28T03:59:05.615Z
5016,25.7,82.5,21435,50,0.5625,0.3115,77.4,2026-05-28T03:59:15.698Z,2026-05-28T03:59:15.715Z,2026-05-28T03:59:15.715Z
5017,34.4,83.5,82213,350.15,1.25,0.412,77.4,2026-05-28T03:59:25.826Z,2026-05-28T03:59:25.843Z,2026-05-28T03:59:25.843Z
5018,22.1,82.8,1315,275,0.2188,0.2669,77.4,2026-05-28T03:59:35.967Z,2026-05-28T03:59:35.980Z,2026-05-28T03:59:35.980Z
5019,26.3,83.1,102,50,0.4219,0.3165,77.4,2026-05-28T03:59:46.076Z,2026-05-28T03:59:46.088Z,2026-05-28T03:59:46.088Z
5020,23.9,83,895,50,0.625,0.288,77.4,2026-05-28T03:59:56.228Z,2026-05-28T03:59:56.242Z,2026-05-28T03:59:56.242Z
5021,44.1,83.6,764,50,0.6406,0.5275,77.4,2026-05-28T04:00:06.332Z,2026-05-28T04:00:06.343Z,2026-05-28T04:00:06.343Z
5022,18.8,83.8,12052,162.5,0.625,0.2243,77.4,2026-05-28T04:00:16.447Z,2026-05-28T04:00:16.463Z,2026-05-28T04:00:16.463Z
5023,14.2,83.7,0,50,1.1562,0.1697,77.4,2026-05-28T04:00:26.562Z,2026-05-28T04:00:26.575Z,2026-05-28T04:00:26.575Z
5024,29.3,83.2,24716,50,3.0938,0.3522,77.4,2026-05-28T04:00:37.343Z,2026-05-28T04:00:37.370Z,2026-05-28T04:00:37.370Z
5025,17.1,83.2,287,50,0.1562,0.2055,77.4,2026-05-28T04:00:47.433Z,2026-05-28T04:00:47.444Z,2026-05-28T04:00:47.444Z
5026,14.5,83.2,18464,50,0.3594,0.1743,77.4,2026-05-28T04:00:57.634Z,2026-05-28T04:00:57.645Z,2026-05-28T04:00:57.645Z
5027,7.1,84.1,353,50,0.1094,0.0844,77.4,2026-05-28T04:01:07.762Z,2026-05-28T04:01:07.774Z,2026-05-28T04:01:07.774Z
5028,8.2,83.9,0,275,0.1406,0.0977,77.4,2026-05-28T04:01:17.937Z,2026-05-28T04:01:17.949Z,2026-05-28T04:01:17.949Z
5029,4.7,83.8,0,50,0.1094,0.0561,77.4,2026-05-28T04:01:28.157Z,2026-05-28T04:01:28.173Z,2026-05-28T04:01:28.173Z
5030,31.2,82.5,248,50,0.7188,0.3782,77.4,2026-05-28T04:13:15.443Z,2026-05-28T04:13:15.460Z,2026-05-28T04:13:15.460Z
5031,53.9,83.7,46939,50,4.125,0.644,77.4,2026-05-28T04:14:16.022Z,2026-05-28T04:14:16.129Z,2026-05-28T04:14:16.129Z
5032,54.3,83.5,246,500,0.3438,0.6503,77.4,2026-05-28T04:15:16.199Z,2026-05-28T04:15:16.250Z,2026-05-28T04:15:16.250Z
5033,52.2,83.6,13642,50,1.3906,0.6244,77.4,2026-05-28T04:16:16.309Z,2026-05-28T04:16:16.325Z,2026-05-28T04:16:16.325Z
5034,30.2,83.7,121,50,0.2812,0.3608,77.4,2026-05-28T04:17:16.439Z,2026-05-28T04:17:16.450Z,2026-05-28T04:17:16.450Z
5035,6.7,82.6,0,162.5,0.0469,0.0811,77.4,2026-05-28T04:18:16.582Z,2026-05-28T04:18:16.593Z,2026-05-28T04:18:16.593Z
5036,17.4,81.3,3868,50,0.3281,0.214,77.4,2026-05-28T04:19:16.695Z,2026-05-28T04:19:16.710Z,2026-05-28T04:19:16.710Z
5037,7.8,81.5,0,50,0.0469,0.0957,77.4,2026-05-28T04:20:16.835Z,2026-05-28T04:20:16.846Z,2026-05-28T04:20:16.846Z
5038,25.3,82,280,50,0.1562,0.3085,77.4,2026-05-28T04:21:16.951Z,2026-05-28T04:21:16.962Z,2026-05-28T04:21:16.962Z
5039,44.5,86.1,40832,500,4.125,0.5168,77.4,2026-05-28T04:22:17.244Z,2026-05-28T04:22:17.280Z,2026-05-28T04:22:17.280Z
5040,28,84.7,1509,50,0.8125,0.3306,77.4,2026-05-28T04:23:17.424Z,2026-05-28T04:23:17.437Z,2026-05-28T04:23:17.437Z
5041,17.3,83.8,73548,387.5,1.8281,0.2064,77.4,2026-05-28T04:24:17.552Z,2026-05-28T04:24:17.569Z,2026-05-28T04:24:17.569Z
5042,25.2,83.3,4011,275,0.6875,0.3025,77.4,2026-05-28T04:25:17.693Z,2026-05-28T04:25:17.706Z,2026-05-28T04:25:17.706Z
5043,16,82.7,20074,50,1.4531,0.1935,77.4,2026-05-28T04:26:17.845Z,2026-05-28T04:26:17.859Z,2026-05-28T04:26:17.859Z
5044,18,84.7,449,50,1.125,0.2125,77.4,2026-05-28T04:27:18.038Z,2026-05-28T04:27:18.061Z,2026-05-28T04:27:18.061Z
5045,14.6,85.7,6421,50,1.0938,0.1704,77.4,2026-05-28T04:28:18.235Z,2026-05-28T04:28:18.257Z,2026-05-28T04:28:18.257Z
5046,16.4,83.6,286,50,0.375,0.1962,77.4,2026-05-28T04:29:18.367Z,2026-05-28T04:29:18.379Z,2026-05-28T04:29:18.379Z
5047,21.3,84.3,431,162.5,0.1562,0.2527,77.4,2026-05-28T04:30:18.562Z,2026-05-28T04:30:18.575Z,2026-05-28T04:30:18.575Z
5048,21.8,84.5,5027,50,1.1719,0.258,77.4,2026-05-28T04:31:18.667Z,2026-05-28T04:31:18.682Z,2026-05-28T04:31:18.682Z
5049,,,,490,15,0.95,,2026-05-28T04:38:57.876Z,2026-05-28T04:38:57.897Z,2026-05-28T04:38:57.897Z
5050,,,,490,15,0.95,,2026-05-28T04:40:47.910Z,2026-05-28T04:40:47.924Z,2026-05-28T04:40:47.924Z
5051,18.4,83.2,0,500,0.2812,0.2212,77.4,2026-05-28T04:42:50.695Z,2026-05-28T04:42:50.706Z,2026-05-28T04:42:50.706Z
5052,18.7,84,7081,50,0.3281,0.2226,77.4,2026-05-28T04:43:50.828Z,2026-05-28T04:43:50.840Z,2026-05-28T04:43:50.840Z
5053,34.8,82.4,24225,50,1.9062,0.4223,77.4,2026-05-28T04:44:51.017Z,2026-05-28T04:44:51.029Z,2026-05-28T04:44:51.029Z
5054,18.8,82.3,8244,50,0.2969,0.2284,77.4,2026-05-28T04:45:51.161Z,2026-05-28T04:45:51.173Z,2026-05-28T04:45:51.173Z
5055,16.1,83.5,3754,50,0.4688,0.1928,77.4,2026-05-28T04:46:48.614Z,2026-05-28T04:46:48.625Z,2026-05-28T04:46:48.625Z
5056,28.9,82.8,466,50,0.0781,0.349,77.4,2026-05-28T04:47:48.760Z,2026-05-28T04:47:48.772Z,2026-05-28T04:47:48.772Z
5057,8.7,82.2,3438,50,0.0469,0.1058,77.4,2026-05-28T04:48:48.906Z,2026-05-28T04:48:48.916Z,2026-05-28T04:48:48.916Z
5058,9.3,80.9,216,50,0.125,0.115,77.4,2026-05-28T04:49:49.062Z,2026-05-28T04:49:49.073Z,2026-05-28T04:49:49.073Z
5059,8.8,81.5,431,50,0.2656,0.108,77.4,2026-05-28T04:50:49.191Z,2026-05-28T04:50:49.202Z,2026-05-28T04:50:49.202Z
5060,17,79.8,446,50,1.4062,0.213,77.4,2026-05-28T04:51:49.311Z,2026-05-28T04:51:49.330Z,2026-05-28T04:51:49.330Z
5061,37.1,80.9,60,50,0.4844,0.4586,77.4,2026-05-28T04:52:49.421Z,2026-05-28T04:52:49.436Z,2026-05-28T04:52:49.436Z
5062,36.2,80.8,4426,50,1.9844,0.448,77.4,2026-05-28T04:53:49.535Z,2026-05-28T04:53:49.558Z,2026-05-28T04:53:49.558Z
5063,33.1,78.7,0,50,0.6562,0.4206,77.4,2026-05-28T04:54:49.652Z,2026-05-28T04:54:49.667Z,2026-05-28T04:54:49.667Z
5064,25.2,78.8,0,50,0.7031,0.3198,77.4,2026-05-28T04:55:49.756Z,2026-05-28T04:55:49.774Z,2026-05-28T04:55:49.774Z
5065,18,78.6,201,50,0.6719,0.229,77.4,2026-05-28T04:56:49.865Z,2026-05-28T04:56:49.880Z,2026-05-28T04:56:49.880Z
5066,21.9,78.7,42,50,0.5312,0.2783,77.4,2026-05-28T04:57:49.964Z,2026-05-28T04:57:49.979Z,2026-05-28T04:57:49.979Z
5067,26,79.3,0,140,0.6406,0.3279,77.4,2026-05-28T04:58:50.063Z,2026-05-28T04:58:50.079Z,2026-05-28T04:58:50.079Z
5068,20.6,79.3,17017,50,1.3906,0.2598,77.4,2026-05-28T04:59:50.159Z,2026-05-28T04:59:50.175Z,2026-05-28T04:59:50.175Z
5069,10.9,78.3,0,50,0.2656,0.1392,77.4,2026-05-28T05:00:50.298Z,2026-05-28T05:00:50.310Z,2026-05-28T05:00:50.310Z
5070,8.3,78.4,1673,162.5,0.4219,0.1059,77.4,2026-05-28T05:01:50.490Z,2026-05-28T05:01:50.500Z,2026-05-28T05:01:50.500Z
5071,7.9,78.6,629,50,0.125,0.1005,77.4,2026-05-28T05:02:50.638Z,2026-05-28T05:02:50.649Z,2026-05-28T05:02:50.649Z
5072,7.9,78.5,3783,50,0.2031,0.1006,77.4,2026-05-28T05:03:50.782Z,2026-05-28T05:03:50.793Z,2026-05-28T05:03:50.793Z
5073,8.1,78.6,2892,50,0.125,0.1031,77.4,2026-05-28T05:04:50.911Z,2026-05-28T05:04:50.920Z,2026-05-28T05:04:50.920Z
5074,6.9,78.4,81,162.5,0.0938,0.088,77.4,2026-05-28T05:05:51.036Z,2026-05-28T05:05:51.046Z,2026-05-28T05:05:51.046Z
5075,11.2,78.4,276,50,1.0469,0.1429,77.4,2026-05-28T05:06:51.158Z,2026-05-28T05:06:51.172Z,2026-05-28T05:06:51.172Z
5076,7.2,77.9,5022,320,0.3438,0.0924,77.4,2026-05-28T05:07:51.321Z,2026-05-28T05:07:51.332Z,2026-05-28T05:07:51.332Z
5077,7.9,78.4,169,50,0.1719,0.1008,77.4,2026-05-28T05:08:51.454Z,2026-05-28T05:08:51.466Z,2026-05-28T05:08:51.466Z
5078,8.3,78.3,924,50,0.3438,0.106,77.4,2026-05-28T05:09:51.572Z,2026-05-28T05:09:51.585Z,2026-05-28T05:09:51.585Z
5079,8.8,78.5,508,50,0.4062,0.1121,77.4,2026-05-28T05:10:51.701Z,2026-05-28T05:10:51.712Z,2026-05-28T05:10:51.712Z
5080,8.4,78.1,137,50,0.0625,0.1076,77.4,2026-05-28T05:11:51.837Z,2026-05-28T05:11:51.847Z,2026-05-28T05:11:51.847Z
5081,9.8,78.5,0,50,0.2969,0.1248,77.4,2026-05-28T05:12:51.951Z,2026-05-28T05:12:51.962Z,2026-05-28T05:12:51.962Z
5082,7.7,78.7,4200,50,0.9531,0.0978,77.4,2026-05-28T05:13:52.080Z,2026-05-28T05:13:52.091Z,2026-05-28T05:13:52.091Z
5083,6.7,78.8,458,50,0.2344,0.085,77.4,2026-05-28T05:14:52.346Z,2026-05-28T05:14:52.359Z,2026-05-28T05:14:52.359Z
5084,8.4,78.7,182,50,0.2812,0.1067,77.4,2026-05-28T05:15:52.547Z,2026-05-28T05:15:52.561Z,2026-05-28T05:15:52.561Z
5085,6.9,78.6,36583,50,0.75,0.0878,77.4,2026-05-28T05:16:52.711Z,2026-05-28T05:16:52.722Z,2026-05-28T05:16:52.722Z
5086,7.9,78.5,42,275,0.5156,0.1006,77.4,2026-05-28T05:17:52.908Z,2026-05-28T05:17:52.921Z,2026-05-28T05:17:52.921Z
5087,8.2,78.4,169,50,0.2812,0.1046,77.4,2026-05-28T05:18:53.035Z,2026-05-28T05:18:53.047Z,2026-05-28T05:18:53.047Z
5088,8.9,78.3,0,50,0.5156,0.1137,77.4,2026-05-28T05:19:53.191Z,2026-05-28T05:19:53.204Z,2026-05-28T05:19:53.204Z
5089,8.3,78.6,906,50,0.6406,0.1056,77.4,2026-05-28T05:20:53.292Z,2026-05-28T05:20:53.305Z,2026-05-28T05:20:53.305Z
5090,7.9,79.2,60,50,1.125,0.0997,77.4,2026-05-28T05:21:53.418Z,2026-05-28T05:21:53.436Z,2026-05-28T05:21:53.436Z
5091,8.3,78.7,620,162.5,0.125,0.1055,77.4,2026-05-28T05:22:53.549Z,2026-05-28T05:22:53.560Z,2026-05-28T05:22:53.560Z
5092,7.5,78.8,169,50,0.0781,0.0952,77.4,2026-05-28T05:23:53.677Z,2026-05-28T05:23:53.688Z,2026-05-28T05:23:53.688Z
5093,7.6,78.8,562,50,0.375,0.0964,77.4,2026-05-28T05:24:53.833Z,2026-05-28T05:24:53.845Z,2026-05-28T05:24:53.845Z
5094,7.1,78.4,20235,275,0.1406,0.0906,77.4,2026-05-28T05:25:53.956Z,2026-05-28T05:25:53.969Z,2026-05-28T05:25:53.969Z
5095,8.1,78.4,4078,500,0.2812,0.1033,77.4,2026-05-28T05:26:54.091Z,2026-05-28T05:26:54.103Z,2026-05-28T05:26:54.103Z
5096,6.8,78.6,86,50,0.0781,0.0865,77.4,2026-05-28T05:27:54.235Z,2026-05-28T05:27:54.251Z,2026-05-28T05:27:54.251Z
5097,8.1,78.7,3266,50,0.1719,0.1029,77.4,2026-05-28T05:28:54.370Z,2026-05-28T05:28:54.381Z,2026-05-28T05:28:54.381Z
5098,9.5,78.8,0,50,0.2656,0.1206,77.4,2026-05-28T05:29:54.530Z,2026-05-28T05:29:54.542Z,2026-05-28T05:29:54.542Z
5099,6.4,78.8,3577,162.5,0.1562,0.0812,77.4,2026-05-28T05:30:54.644Z,2026-05-28T05:30:54.655Z,2026-05-28T05:30:54.655Z
5100,11.2,79.1,0,275,0.2031,0.1416,77.4,2026-05-28T05:31:54.779Z,2026-05-28T05:31:54.791Z,2026-05-28T05:31:54.791Z
5101,7.8,78.8,248,50,1.6094,0.099,77.4,2026-05-28T05:32:54.891Z,2026-05-28T05:32:54.902Z,2026-05-28T05:32:54.902Z
5102,7.2,78.6,0,50,0.3906,0.0916,77.4,2026-05-28T05:33:55.013Z,2026-05-28T05:33:55.023Z,2026-05-28T05:33:55.023Z
5103,8.6,78.8,248,50,1.0625,0.1091,77.4,2026-05-28T05:34:55.140Z,2026-05-28T05:34:55.151Z,2026-05-28T05:34:55.151Z
5104,7.8,78.9,0,50,0.375,0.0989,77.4,2026-05-28T05:35:55.317Z,2026-05-28T05:35:55.332Z,2026-05-28T05:35:55.332Z
5105,7.7,79.4,4556,50,1.0312,0.097,77.4,2026-05-28T05:36:55.473Z,2026-05-28T05:36:55.489Z,2026-05-28T05:36:55.489Z
5106,8.5,78.6,377,50,0.3281,0.1081,77.4,2026-05-28T05:37:55.588Z,2026-05-28T05:37:55.599Z,2026-05-28T05:37:55.599Z
5107,6.6,78.8,248,50,0.3906,0.0838,77.4,2026-05-28T05:38:55.719Z,2026-05-28T05:38:55.733Z,2026-05-28T05:38:55.733Z
5108,9.2,78.6,439,50,0.0938,0.117,77.4,2026-05-28T05:39:55.836Z,2026-05-28T05:39:55.848Z,2026-05-28T05:39:55.848Z
5109,7.9,78.1,0,50,0.3281,0.1012,77.4,2026-05-28T05:40:55.945Z,2026-05-28T05:40:55.956Z,2026-05-28T05:40:55.956Z
5110,7.1,79,169,50,0.1875,0.0899,77.4,2026-05-28T05:41:56.128Z,2026-05-28T05:41:56.139Z,2026-05-28T05:41:56.139Z
5111,9,78.6,121,50,0.1406,0.1145,77.4,2026-05-28T05:42:56.241Z,2026-05-28T05:42:56.251Z,2026-05-28T05:42:56.251Z
5112,10.6,78.7,857,275,0.2969,0.1347,77.4,2026-05-28T05:43:56.361Z,2026-05-28T05:43:56.372Z,2026-05-28T05:43:56.372Z
5113,7,79,417,50,0.2969,0.0886,77.4,2026-05-28T05:44:56.533Z,2026-05-28T05:44:56.544Z,2026-05-28T05:44:56.544Z
5114,7.7,78.8,2942,50,0.2812,0.0977,77.4,2026-05-28T05:45:56.654Z,2026-05-28T05:45:56.665Z,2026-05-28T05:45:56.665Z
5115,8.2,78.7,1294,162.5,0.1406,0.1042,77.4,2026-05-28T05:46:56.769Z,2026-05-28T05:46:56.780Z,2026-05-28T05:46:56.780Z
5116,6.9,78.6,1936,50,0.3906,0.0878,77.4,2026-05-28T05:47:56.904Z,2026-05-28T05:47:56.915Z,2026-05-28T05:47:56.915Z
5117,7.8,78.9,248,162.5,0.0781,0.0989,77.4,2026-05-28T05:48:57.034Z,2026-05-28T05:48:57.060Z,2026-05-28T05:48:57.060Z
5118,8.5,78.9,13357,50,0.5469,0.1077,77.4,2026-05-28T05:49:57.173Z,2026-05-28T05:49:57.184Z,2026-05-28T05:49:57.184Z
5119,9,79.1,248,500,0.5,0.1138,77.4,2026-05-28T05:50:57.317Z,2026-05-28T05:50:57.327Z,2026-05-28T05:50:57.327Z
5120,6.7,79.4,0,50,0.1406,0.0844,77.4,2026-05-28T05:51:57.452Z,2026-05-28T05:51:57.462Z,2026-05-28T05:51:57.462Z
5121,10.6,78.8,121,275,0.3125,0.1345,77.4,2026-05-28T05:52:57.581Z,2026-05-28T05:52:57.596Z,2026-05-28T05:52:57.596Z
5122,7.6,79.1,3786,50,0.375,0.0961,77.4,2026-05-28T05:53:57.699Z,2026-05-28T05:53:57.710Z,2026-05-28T05:53:57.710Z
5123,7.3,79.1,5297,50,0.2969,0.0923,77.4,2026-05-28T05:54:57.834Z,2026-05-28T05:54:57.846Z,2026-05-28T05:54:57.846Z
5124,10.1,79.5,314,50,0.3281,0.127,77.4,2026-05-28T05:55:57.947Z,2026-05-28T05:55:57.958Z,2026-05-28T05:55:57.958Z
5125,8,79.7,10787,162.5,0.3125,0.1004,77.4,2026-05-28T05:56:58.078Z,2026-05-28T05:56:58.088Z,2026-05-28T05:56:58.088Z
5126,7,79.7,0,50,0.2344,0.0878,77.4,2026-05-28T05:57:58.224Z,2026-05-28T05:57:58.235Z,2026-05-28T05:57:58.235Z
5127,10.2,80.4,321,50,0.2812,0.1269,77.4,2026-05-28T05:58:58.350Z,2026-05-28T05:58:58.361Z,2026-05-28T05:58:58.361Z
5128,8.7,79.5,3891,50,0.1719,0.1094,77.4,2026-05-28T05:59:58.481Z,2026-05-28T05:59:58.491Z,2026-05-28T05:59:58.491Z
5129,8.7,79.7,1762,275,0.0781,0.1092,77.4,2026-05-28T06:00:58.600Z,2026-05-28T06:00:58.611Z,2026-05-28T06:00:58.611Z
5130,7.8,79.6,18137,50,0.3906,0.098,77.4,2026-05-28T06:01:58.738Z,2026-05-28T06:01:58.749Z,2026-05-28T06:01:58.749Z
5131,9.1,79.7,6532,162.5,0.7031,0.1142,77.4,2026-05-28T06:02:58.873Z,2026-05-28T06:02:58.885Z,2026-05-28T06:02:58.885Z
5132,7.7,79.5,6243,275,0.4375,0.0969,77.4,2026-05-28T06:03:59.015Z,2026-05-28T06:03:59.025Z,2026-05-28T06:03:59.025Z
5133,7.9,79.5,1602,50,0.4375,0.0994,77.4,2026-05-28T06:04:59.172Z,2026-05-28T06:04:59.189Z,2026-05-28T06:04:59.189Z
5134,9.1,79.7,1310,50,0.3594,0.1142,77.4,2026-05-28T06:05:59.340Z,2026-05-28T06:05:59.355Z,2026-05-28T06:05:59.355Z
5135,8.2,79.6,17202,162.5,0.5469,0.103,77.4,2026-05-28T06:06:59.526Z,2026-05-28T06:06:59.542Z,2026-05-28T06:06:59.542Z
5136,10.2,79,310,50,0.2656,0.1291,77.4,2026-05-28T06:07:59.687Z,2026-05-28T06:07:59.698Z,2026-05-28T06:07:59.698Z
5137,8,79.4,7146,50,0.2812,0.1008,77.4,2026-05-28T06:08:59.848Z,2026-05-28T06:08:59.859Z,2026-05-28T06:08:59.859Z
5138,7.7,79.7,13727,50,0.875,0.0966,77.4,2026-05-28T06:09:59.993Z,2026-05-28T06:10:00.010Z,2026-05-28T06:10:00.010Z
5139,7.5,79.6,0,50,0.4844,0.0942,77.4,2026-05-28T06:11:00.111Z,2026-05-28T06:11:00.122Z,2026-05-28T06:11:00.122Z
5140,9.2,79.2,60,50,0.2344,0.1162,77.4,2026-05-28T06:12:00.227Z,2026-05-28T06:12:00.238Z,2026-05-28T06:12:00.238Z
5141,8.3,79.1,0,500,0.375,0.1049,77.4,2026-05-28T06:13:00.357Z,2026-05-28T06:13:00.368Z,2026-05-28T06:13:00.368Z
5142,7.9,79.3,458,50,0.8906,0.0996,77.4,2026-05-28T06:14:00.500Z,2026-05-28T06:14:00.510Z,2026-05-28T06:14:00.510Z
5143,7.5,79.2,0,50,0.2969,0.0947,77.4,2026-05-28T06:15:00.645Z,2026-05-28T06:15:00.656Z,2026-05-28T06:15:00.656Z
5144,8.7,79.5,0,275,0.3125,0.1094,77.4,2026-05-28T06:16:00.769Z,2026-05-28T06:16:00.779Z,2026-05-28T06:16:00.779Z
5145,8.1,79.5,12689,50,0.5,0.1019,77.4,2026-05-28T06:17:00.887Z,2026-05-28T06:17:00.900Z,2026-05-28T06:17:00.900Z
5146,7.3,79.4,0,50,0.375,0.0919,77.4,2026-05-28T06:18:01.009Z,2026-05-28T06:18:01.022Z,2026-05-28T06:18:01.022Z
5147,8,79.2,431,50,0.5,0.101,77.4,2026-05-28T06:19:01.144Z,2026-05-28T06:19:01.154Z,2026-05-28T06:19:01.154Z
5148,8.5,79.1,2816,50,0.1875,0.1075,77.4,2026-05-28T06:20:01.276Z,2026-05-28T06:20:01.286Z,2026-05-28T06:20:01.286Z
5149,8,79.4,724,50,0.375,0.1008,77.4,2026-05-28T06:21:01.404Z,2026-05-28T06:21:01.414Z,2026-05-28T06:21:01.414Z
5150,6.7,79.6,180,162.5,0.25,0.0842,77.4,2026-05-28T06:22:01.520Z,2026-05-28T06:22:01.530Z,2026-05-28T06:22:01.530Z
5151,8.9,78.9,777,50,0.3438,0.1128,77.4,2026-05-28T06:23:01.650Z,2026-05-28T06:23:01.660Z,2026-05-28T06:23:01.660Z
5152,8.1,79.2,0,50,0.1875,0.1023,77.4,2026-05-28T06:24:01.774Z,2026-05-28T06:24:01.785Z,2026-05-28T06:24:01.785Z
5153,7.8,79.5,102,50,0.0938,0.0981,77.4,2026-05-28T06:25:01.920Z,2026-05-28T06:25:01.935Z,2026-05-28T06:25:01.935Z
5154,8.9,79,0,50,0.0938,0.1127,77.4,2026-05-28T06:26:02.062Z,2026-05-28T06:26:02.072Z,2026-05-28T06:26:02.072Z
5155,7.8,79.7,3807,50,0.2344,0.0979,77.4,2026-05-28T06:27:02.196Z,2026-05-28T06:27:02.207Z,2026-05-28T06:27:02.207Z
5156,7.8,79.6,406,50,0.3438,0.098,77.4,2026-05-28T06:28:02.312Z,2026-05-28T06:28:02.330Z,2026-05-28T06:28:02.330Z
5157,7.8,79.9,138,350.15,0.5,0.0976,77.4,2026-05-28T06:29:02.425Z,2026-05-28T06:29:02.436Z,2026-05-28T06:29:02.436Z
5158,7.1,80,0,50,0.0469,0.0887,77.4,2026-05-28T06:30:02.557Z,2026-05-28T06:30:02.568Z,2026-05-28T06:30:02.568Z
5159,12.1,80.1,1052551,50,0.2969,0.1511,77.4,2026-05-28T06:31:02.673Z,2026-05-28T06:31:02.684Z,2026-05-28T06:31:02.684Z
5160,24.6,80.8,94,50,1.6875,0.3045,77.4,2026-05-28T06:32:02.800Z,2026-05-28T06:32:02.812Z,2026-05-28T06:32:02.812Z
5161,89.1,80.8,417,500,3.8906,1.1027,77.5,2026-05-28T06:33:02.926Z,2026-05-28T06:33:02.942Z,2026-05-28T06:33:02.942Z
5162,90.7,81.4,0,50,3.75,1.1143,77.5,2026-05-28T06:34:03.043Z,2026-05-28T06:34:03.076Z,2026-05-28T06:34:03.076Z
5163,34.7,80.1,15422,50,0.2656,0.4332,77.4,2026-05-28T06:35:03.216Z,2026-05-28T06:35:03.225Z,2026-05-28T06:35:03.225Z
5164,8.3,80.2,0,50,0.6094,0.1035,77.4,2026-05-28T06:36:03.361Z,2026-05-28T06:36:03.372Z,2026-05-28T06:36:03.372Z
5165,7.6,80.6,14883,50,0.2656,0.0943,77.4,2026-05-28T06:37:03.547Z,2026-05-28T06:37:03.558Z,2026-05-28T06:37:03.558Z
5166,9.1,79.8,0,162.5,0.3438,0.114,77.4,2026-05-28T06:38:03.693Z,2026-05-28T06:38:03.702Z,2026-05-28T06:38:03.702Z
5167,7.4,79.4,315,50,0.1094,0.0932,77.4,2026-05-28T06:39:03.808Z,2026-05-28T06:39:03.819Z,2026-05-28T06:39:03.819Z
5168,8.6,79.8,15203,50,0.0625,0.1078,77.4,2026-05-28T06:40:03.936Z,2026-05-28T06:40:03.946Z,2026-05-28T06:40:03.946Z
5169,7.3,79.6,0,500,0.0938,0.0917,77.4,2026-05-28T06:41:04.085Z,2026-05-28T06:41:04.094Z,2026-05-28T06:41:04.094Z
5170,8.8,79.9,265,50,0.0938,0.1101,77.4,2026-05-28T06:42:04.232Z,2026-05-28T06:42:04.241Z,2026-05-28T06:42:04.241Z
5171,7.4,80,248,50,0.2812,0.0925,77.4,2026-05-28T06:43:04.354Z,2026-05-28T06:43:04.364Z,2026-05-28T06:43:04.364Z
5172,9.7,80.4,754,350.15,0.1406,0.1206,77.4,2026-05-28T06:44:04.523Z,2026-05-28T06:44:04.535Z,2026-05-28T06:44:04.535Z
5173,9.7,80.4,5451,50,0.25,0.1206,77.4,2026-05-28T06:45:04.748Z,2026-05-28T06:45:04.794Z,2026-05-28T06:45:04.794Z
5174,7.2,80.5,0,50,0.1562,0.0894,77.4,2026-05-28T06:46:04.877Z,2026-05-28T06:46:04.888Z,2026-05-28T06:46:04.888Z
5175,8.4,79.8,110,50,0.2031,0.1053,77.4,2026-05-28T06:47:05.004Z,2026-05-28T06:47:05.013Z,2026-05-28T06:47:05.013Z
5176,7.9,80.4,215,50,0.625,0.0983,77.4,2026-05-28T06:48:05.099Z,2026-05-28T06:48:05.109Z,2026-05-28T06:48:05.109Z
5177,7.2,80.5,0,50,0.2656,0.0894,77.4,2026-05-28T06:49:05.238Z,2026-05-28T06:49:05.250Z,2026-05-28T06:49:05.250Z
5178,9,80.6,3481,162.5,0.25,0.1117,77.4,2026-05-28T06:50:05.384Z,2026-05-28T06:50:05.394Z,2026-05-28T06:50:05.394Z
5179,6.7,80.5,138,50,0.375,0.0832,77.4,2026-05-28T06:51:05.512Z,2026-05-28T06:51:05.523Z,2026-05-28T06:51:05.523Z
5180,8.6,80.8,138,162.5,0.2031,0.1064,77.4,2026-05-28T06:52:05.671Z,2026-05-28T06:52:05.681Z,2026-05-28T06:52:05.681Z
5181,8.1,80,1412,162.5,0.0625,0.1012,77.4,2026-05-28T06:53:05.832Z,2026-05-28T06:53:05.845Z,2026-05-28T06:53:05.845Z
5182,8.6,80.1,3902,50,0.2031,0.1074,77.4,2026-05-28T06:54:05.950Z,2026-05-28T06:54:05.960Z,2026-05-28T06:54:05.960Z
5183,6.9,80.4,461,50,0.25,0.0858,77.4,2026-05-28T06:55:06.189Z,2026-05-28T06:55:06.200Z,2026-05-28T06:55:06.200Z
5184,9.4,80.5,1103,50,0.4062,0.1168,77.4,2026-05-28T06:56:06.364Z,2026-05-28T06:56:06.376Z,2026-05-28T06:56:06.376Z
5185,9.4,80.8,14127,162.5,0.6875,0.1163,77.4,2026-05-28T06:57:06.544Z,2026-05-28T06:57:06.558Z,2026-05-28T06:57:06.558Z
5186,7.2,80.8,0,162.5,0.1406,0.0891,77.4,2026-05-28T06:58:06.698Z,2026-05-28T06:58:06.709Z,2026-05-28T06:58:06.709Z
5187,11,81,0,50,0.5938,0.1358,77.4,2026-05-28T06:59:06.832Z,2026-05-28T06:59:06.848Z,2026-05-28T06:59:06.848Z
5188,8.2,80.7,0,50,0.2344,0.1016,77.4,2026-05-28T07:00:06.971Z,2026-05-28T07:00:06.982Z,2026-05-28T07:00:06.982Z
5189,7.9,80.7,280,50,0.0781,0.0979,77.4,2026-05-28T07:01:07.110Z,2026-05-28T07:01:07.122Z,2026-05-28T07:01:07.122Z
5190,8.6,80.4,4328,162.5,0.6875,0.107,77.4,2026-05-28T07:02:07.240Z,2026-05-28T07:02:07.252Z,2026-05-28T07:02:07.252Z
5191,7.8,80.1,137,50,0.0156,0.0974,77.4,2026-05-28T07:03:07.380Z,2026-05-28T07:03:07.392Z,2026-05-28T07:03:07.392Z
5192,10.4,80.5,0,162.5,0.2656,0.1292,77.4,2026-05-28T07:04:07.489Z,2026-05-28T07:04:07.500Z,2026-05-28T07:04:07.500Z
5193,8.4,80.5,0,50,0.2344,0.1043,77.4,2026-05-28T07:05:07.597Z,2026-05-28T07:05:07.608Z,2026-05-28T07:05:07.608Z
5194,8.4,80.5,0,50,0.3125,0.1043,77.4,2026-05-28T07:06:07.747Z,2026-05-28T07:06:07.758Z,2026-05-28T07:06:07.758Z
5195,8.2,80.5,60073,50,0.5469,0.1019,77.4,2026-05-28T07:07:07.907Z,2026-05-28T07:07:07.918Z,2026-05-28T07:07:07.918Z
5196,9.6,79.9,0,162.5,0.1406,0.1202,77.4,2026-05-28T07:08:08.061Z,2026-05-28T07:08:08.071Z,2026-05-28T07:08:08.071Z
5197,7.5,80.2,138,50,0.2031,0.0935,77.4,2026-05-28T07:09:08.177Z,2026-05-28T07:09:08.187Z,2026-05-28T07:09:08.187Z
5198,7.5,80,698,275,0.1719,0.0938,77.4,2026-05-28T07:10:08.325Z,2026-05-28T07:10:08.336Z,2026-05-28T07:10:08.336Z
5199,8.6,80.3,1727,500,0.6406,0.1071,77.4,2026-05-28T07:11:08.433Z,2026-05-28T07:11:08.443Z,2026-05-28T07:11:08.443Z
5200,9.2,80.3,86333,162.5,0.3906,0.1146,77.4,2026-05-28T07:12:08.565Z,2026-05-28T07:12:08.576Z,2026-05-28T07:12:08.576Z
5201,7.2,80.4,47505,50,0.6094,0.0896,77.4,2026-05-28T07:13:08.681Z,2026-05-28T07:13:08.692Z,2026-05-28T07:13:08.692Z
5202,8.7,80.3,33595,50,0.4531,0.1083,77.4,2026-05-28T07:14:08.831Z,2026-05-28T07:14:08.840Z,2026-05-28T07:14:08.840Z
5203,8.3,80.6,2858,275,0.8438,0.103,77.4,2026-05-28T07:15:08.985Z,2026-05-28T07:15:08.996Z,2026-05-28T07:15:08.996Z
5204,9.4,80.7,1528,50,0.4062,0.1165,77.4,2026-05-28T07:16:09.158Z,2026-05-28T07:16:09.168Z,2026-05-28T07:16:09.168Z
5205,7.6,80.5,94894,275,0.3125,0.0944,77.4,2026-05-28T07:17:09.289Z,2026-05-28T07:17:09.299Z,2026-05-28T07:17:09.299Z
5206,7.2,80.8,2220,50,0.6875,0.0891,77.4,2026-05-28T07:18:09.402Z,2026-05-28T07:18:09.413Z,2026-05-28T07:18:09.413Z
5207,7.3,80.7,3346,275,0.1406,0.0905,77.4,2026-05-28T07:19:09.550Z,2026-05-28T07:19:09.563Z,2026-05-28T07:19:09.563Z
5208,8.8,80.5,332,50,0.4062,0.1093,77.4,2026-05-28T07:20:09.674Z,2026-05-28T07:20:09.685Z,2026-05-28T07:20:09.685Z
5209,7.6,80.4,138,50,0.1562,0.0945,77.4,2026-05-28T07:21:09.832Z,2026-05-28T07:21:09.847Z,2026-05-28T07:21:09.847Z
5210,8.4,80.6,88339,275,0.0938,0.1042,77.4,2026-05-28T07:22:09.963Z,2026-05-28T07:22:09.974Z,2026-05-28T07:22:09.974Z
5211,8.6,80.3,5632,50,0.1406,0.1071,77.4,2026-05-28T07:23:10.078Z,2026-05-28T07:23:10.089Z,2026-05-28T07:23:10.089Z
5212,8.6,80.5,364,50,0.1719,0.1068,77.4,2026-05-28T07:24:10.214Z,2026-05-28T07:24:10.228Z,2026-05-28T07:24:10.228Z
5213,8,80.5,0,162.5,0.1562,0.0994,77.4,2026-05-28T07:25:10.373Z,2026-05-28T07:25:10.385Z,2026-05-28T07:25:10.385Z
5214,8.8,80.6,364,500,0.1094,0.1092,77.4,2026-05-28T07:26:10.514Z,2026-05-28T07:26:10.526Z,2026-05-28T07:26:10.526Z
5215,7.3,80.9,15278,50,0.2812,0.0902,77.4,2026-05-28T07:27:10.661Z,2026-05-28T07:27:10.681Z,2026-05-28T07:27:10.681Z
5216,8,80.8,452,50,0.1094,0.099,77.4,2026-05-28T07:28:10.813Z,2026-05-28T07:28:10.824Z,2026-05-28T07:28:10.824Z
5217,10.2,80.6,258,50,0.3438,0.1266,77.4,2026-05-28T07:29:10.950Z,2026-05-28T07:29:10.961Z,2026-05-28T07:29:10.961Z
5218,7.7,80.6,13951,50,0.2656,0.0955,77.4,2026-05-28T07:30:11.078Z,2026-05-28T07:30:11.090Z,2026-05-28T07:30:11.090Z
5219,9.3,80.9,0,162.5,0.375,0.115,77.4,2026-05-28T07:31:11.235Z,2026-05-28T07:31:11.246Z,2026-05-28T07:31:11.246Z
5220,10.1,80.9,758,50,0.1562,0.1248,77.4,2026-05-28T07:32:11.366Z,2026-05-28T07:32:11.378Z,2026-05-28T07:32:11.378Z
5221,8.6,81,3184,162.5,0.2344,0.1062,77.4,2026-05-28T07:33:11.478Z,2026-05-28T07:33:11.489Z,2026-05-28T07:33:11.489Z
5222,8.1,80.9,3031,50,0.2812,0.1001,77.4,2026-05-28T07:34:11.593Z,2026-05-28T07:34:11.603Z,2026-05-28T07:34:11.603Z
5223,9.1,80.6,1934,50,0.2188,0.1129,77.4,2026-05-28T07:35:11.719Z,2026-05-28T07:35:11.732Z,2026-05-28T07:35:11.732Z
5224,6.6,80.7,0,50,0.1562,0.0818,77.4,2026-05-28T07:36:11.849Z,2026-05-28T07:36:11.859Z,2026-05-28T07:36:11.859Z
5225,8.9,81,28268,50,0.2969,0.1099,77.4,2026-05-28T07:37:11.990Z,2026-05-28T07:37:12.000Z,2026-05-28T07:37:12.000Z
5226,8.7,80.5,169,50,0.1875,0.1081,77.4,2026-05-28T07:38:12.123Z,2026-05-28T07:38:12.135Z,2026-05-28T07:38:12.135Z
5227,9,80.4,248,50,0.0625,0.1119,77.4,2026-05-28T07:39:12.270Z,2026-05-28T07:39:12.282Z,2026-05-28T07:39:12.282Z
5228,8,80.8,2996,50,0.1562,0.099,77.4,2026-05-28T07:40:12.416Z,2026-05-28T07:40:12.426Z,2026-05-28T07:40:12.426Z
5229,8.1,80,308,50,0.2031,0.1012,77.4,2026-05-28T07:41:12.576Z,2026-05-28T07:41:12.587Z,2026-05-28T07:41:12.587Z
5230,7.7,80.6,23624,50,0.5938,0.0955,77.4,2026-05-28T07:42:12.688Z,2026-05-28T07:42:12.698Z,2026-05-28T07:42:12.698Z
5231,7.9,80.5,248,275,0.3281,0.0981,77.4,2026-05-28T07:43:12.825Z,2026-05-28T07:43:12.837Z,2026-05-28T07:43:12.837Z
5232,11,80.8,3689,275,0.5938,0.1361,77.4,2026-05-28T07:44:12.971Z,2026-05-28T07:44:12.981Z,2026-05-28T07:44:12.981Z
5233,7.3,80.7,169,50,0.2969,0.0905,77.4,2026-05-28T07:45:13.095Z,2026-05-28T07:45:13.107Z,2026-05-28T07:45:13.107Z
5234,8.6,80.9,0,50,0.5,0.1063,77.4,2026-05-28T07:46:13.226Z,2026-05-28T07:46:13.236Z,2026-05-28T07:46:13.236Z
5235,7.3,80.9,42539,275,0.2031,0.0902,77.4,2026-05-28T07:47:13.380Z,2026-05-28T07:47:13.391Z,2026-05-28T07:47:13.391Z
5236,8.1,80.9,555,275,0.3438,0.1001,77.4,2026-05-28T07:48:13.602Z,2026-05-28T07:48:13.626Z,2026-05-28T07:48:13.626Z
5237,7.6,81,248,50,0.1094,0.0938,77.4,2026-05-28T07:49:13.744Z,2026-05-28T07:49:13.756Z,2026-05-28T07:49:13.756Z
5238,8.9,81,0,50,0.0312,0.1099,77.4,2026-05-28T07:50:13.882Z,2026-05-28T07:50:13.893Z,2026-05-28T07:50:13.893Z
5239,7.5,80.9,248,50,0.0781,0.0927,77.4,2026-05-28T07:51:14.034Z,2026-05-28T07:51:14.046Z,2026-05-28T07:51:14.046Z
5240,9.6,81.2,60,162.5,0.3125,0.1182,77.4,2026-05-28T07:52:14.167Z,2026-05-28T07:52:14.180Z,2026-05-28T07:52:14.180Z
5241,8.3,80.8,678,162.5,0.0469,0.1027,77.4,2026-05-28T07:53:14.305Z,2026-05-28T07:53:14.316Z,2026-05-28T07:53:14.316Z
5242,8.3,80.5,1436,50,0.3438,0.1031,77.4,2026-05-28T07:54:14.430Z,2026-05-28T07:54:14.440Z,2026-05-28T07:54:14.440Z
5243,7.5,80.7,0,140,0.3125,0.0929,77.4,2026-05-28T07:55:14.626Z,2026-05-28T07:55:14.638Z,2026-05-28T07:55:14.638Z
5244,9.9,80.6,19714,50,0.1406,0.1228,77.4,2026-05-28T07:56:14.738Z,2026-05-28T07:56:14.748Z,2026-05-28T07:56:14.748Z
5245,7.9,80.6,4584,50,0.3438,0.098,77.4,2026-05-28T07:57:14.852Z,2026-05-28T07:57:14.863Z,2026-05-28T07:57:14.863Z
5246,7.6,81,0,162.5,0.4062,0.0938,77.4,2026-05-28T07:58:14.971Z,2026-05-28T07:58:14.982Z,2026-05-28T07:58:14.982Z
5247,9.3,80.1,110,50,0.6875,0.1161,77.4,2026-05-28T07:59:15.073Z,2026-05-28T07:59:15.084Z,2026-05-28T07:59:15.084Z
5248,7.9,80.4,0,162.5,0.0938,0.0983,77.4,2026-05-28T08:00:15.201Z,2026-05-28T08:00:15.213Z,2026-05-28T08:00:15.213Z
5249,7.9,80.2,655,162.5,0.3906,0.0985,77.4,2026-05-28T08:01:15.321Z,2026-05-28T08:01:15.331Z,2026-05-28T08:01:15.331Z
5250,7.4,80.3,0,199.85,0.3125,0.0922,77.4,2026-05-28T08:02:15.484Z,2026-05-28T08:02:15.495Z,2026-05-28T08:02:15.495Z
5251,8.1,80.4,248,50,0.25,0.1007,77.4,2026-05-28T08:03:15.649Z,2026-05-28T08:03:15.659Z,2026-05-28T08:03:15.659Z
5252,7.8,80.2,0,50,0.1562,0.0973,77.4,2026-05-28T08:04:15.798Z,2026-05-28T08:04:15.808Z,2026-05-28T08:04:15.808Z
5253,9.7,80.7,2926,50,1.6875,0.1202,77.4,2026-05-28T08:05:15.927Z,2026-05-28T08:05:15.938Z,2026-05-28T08:05:15.938Z
5254,8.2,80.8,834,50,0.1562,0.1015,77.4,2026-05-28T08:06:16.074Z,2026-05-28T08:06:16.084Z,2026-05-28T08:06:16.084Z
5255,9.4,80.4,84,50,0.3125,0.1169,77.4,2026-05-28T08:07:16.207Z,2026-05-28T08:07:16.217Z,2026-05-28T08:07:16.217Z
5256,8.6,80,180,50,0.3281,0.1075,77.4,2026-05-28T08:08:16.326Z,2026-05-28T08:08:16.337Z,2026-05-28T08:08:16.337Z
5257,8.4,80.4,170,50,0.2969,0.1045,77.4,2026-05-28T08:09:16.465Z,2026-05-28T08:09:16.475Z,2026-05-28T08:09:16.475Z
5258,7.4,80.4,0,50,0.1562,0.092,77.4,2026-05-28T08:10:16.582Z,2026-05-28T08:10:16.594Z,2026-05-28T08:10:16.594Z
5259,8.5,80.2,6271,50,1.6719,0.106,77.4,2026-05-28T08:11:16.719Z,2026-05-28T08:11:16.731Z,2026-05-28T08:11:16.731Z
5260,7.8,80.6,894,50,0.0625,0.0968,77.4,2026-05-28T08:12:16.844Z,2026-05-28T08:12:16.855Z,2026-05-28T08:12:16.855Z
5261,32.3,85.5,0,50,1.1562,0.3778,77.5,2026-05-28T08:13:16.937Z,2026-05-28T08:13:16.949Z,2026-05-28T08:13:16.949Z
5262,26.5,86.4,0,275,0.0938,0.3067,77.5,2026-05-28T08:14:17.069Z,2026-05-28T08:14:17.079Z,2026-05-28T08:14:17.079Z
5263,9.7,86.5,0,50,0.1562,0.1121,77.5,2026-05-28T08:15:17.202Z,2026-05-28T08:15:17.213Z,2026-05-28T08:15:17.213Z
5264,6.4,86.8,262,50,0.0625,0.0737,77.5,2026-05-28T08:16:17.333Z,2026-05-28T08:16:17.343Z,2026-05-28T08:16:17.343Z
5265,9.5,86.6,3202,50,0.2344,0.1097,77.5,2026-05-28T08:17:17.470Z,2026-05-28T08:17:17.481Z,2026-05-28T08:17:17.481Z
5266,6.5,86.5,743,275,0.3125,0.0751,77.5,2026-05-28T08:18:17.635Z,2026-05-28T08:18:17.645Z,2026-05-28T08:18:17.645Z
5267,10.1,86.8,0,50,0.2344,0.1164,77.5,2026-05-28T08:19:17.760Z,2026-05-28T08:19:17.773Z,2026-05-28T08:19:17.773Z
5268,8.8,86.8,15124,50,0.2031,0.1014,77.5,2026-05-28T08:20:17.901Z,2026-05-28T08:20:17.911Z,2026-05-28T08:20:17.911Z
5269,8.1,87,0,50,0.0625,0.0931,77.5,2026-05-28T08:21:18.036Z,2026-05-28T08:21:18.052Z,2026-05-28T08:21:18.052Z
5270,7.5,87,0,50,0.0781,0.0862,77.5,2026-05-28T08:22:18.164Z,2026-05-28T08:22:18.174Z,2026-05-28T08:22:18.174Z
5271,9.4,86,430,500,0.1094,0.1093,77.5,2026-05-28T08:23:18.311Z,2026-05-28T08:23:18.323Z,2026-05-28T08:23:18.323Z
5272,7.6,86.2,0,50,0.1406,0.0882,77.5,2026-05-28T08:24:18.428Z,2026-05-28T08:24:18.438Z,2026-05-28T08:24:18.438Z
5273,8.4,86.3,0,162.5,0.0781,0.0973,77.5,2026-05-28T08:25:18.574Z,2026-05-28T08:25:18.584Z,2026-05-28T08:25:18.584Z
5274,7.1,86.2,232,50,0.0781,0.0824,77.5,2026-05-28T08:26:18.728Z,2026-05-28T08:26:18.739Z,2026-05-28T08:26:18.739Z
5275,8.4,86.4,168,50,0.0469,0.0972,77.5,2026-05-28T08:27:18.865Z,2026-05-28T08:27:18.877Z,2026-05-28T08:27:18.877Z
5276,8.6,86.4,138,50,0.375,0.0995,77.5,2026-05-28T08:28:19.007Z,2026-05-28T08:28:19.022Z,2026-05-28T08:28:19.022Z
5277,7.5,86.3,0,50,0.2812,0.0869,77.5,2026-05-28T08:29:19.114Z,2026-05-28T08:29:19.124Z,2026-05-28T08:29:19.124Z
5278,7.9,86.4,3848,50,0.4219,0.0914,77.5,2026-05-28T08:30:19.250Z,2026-05-28T08:30:19.266Z,2026-05-28T08:30:19.266Z
5279,7.2,86.3,146,275,0.1094,0.0834,77.5,2026-05-28T08:31:19.369Z,2026-05-28T08:31:19.380Z,2026-05-28T08:31:19.380Z
5280,10.3,86.8,0,50,0.3281,0.1187,77.5,2026-05-28T08:32:19.466Z,2026-05-28T08:32:19.477Z,2026-05-28T08:32:19.477Z
5281,7,86.8,0,50,0.125,0.0806,77.5,2026-05-28T08:33:19.623Z,2026-05-28T08:33:19.636Z,2026-05-28T08:33:19.636Z
5282,7.3,86.9,3795,50,0.75,0.084,77.5,2026-05-28T08:34:19.767Z,2026-05-28T08:34:19.777Z,2026-05-28T08:34:19.777Z
5283,12.9,87.2,0,50,1.125,0.1479,77.5,2026-05-28T08:35:19.864Z,2026-05-28T08:35:19.875Z,2026-05-28T08:35:19.875Z
5284,26.4,88.1,11407,50,0.4531,0.2997,77.5,2026-05-28T08:36:19.972Z,2026-05-28T08:36:19.983Z,2026-05-28T08:36:19.983Z
5285,7.8,87.7,86,500,0.3125,0.0889,77.5,2026-05-28T08:37:20.169Z,2026-05-28T08:37:20.183Z,2026-05-28T08:37:20.183Z
5286,10,87,0,50,0.4688,0.1149,77.5,2026-05-28T08:38:20.319Z,2026-05-28T08:38:20.328Z,2026-05-28T08:38:20.328Z
5287,7.4,87.2,0,50,0.5781,0.0849,77.5,2026-05-28T08:39:20.456Z,2026-05-28T08:39:20.466Z,2026-05-28T08:39:20.466Z
5288,9.2,87.4,0,50,0.3125,0.1053,77.5,2026-05-28T08:40:20.610Z,2026-05-28T08:40:20.622Z,2026-05-28T08:40:20.622Z
5289,7.5,87,0,50,0.0938,0.0862,77.5,2026-05-28T08:41:20.725Z,2026-05-28T08:41:20.737Z,2026-05-28T08:41:20.737Z
5290,8.4,87.3,0,50,0.375,0.0962,77.5,2026-05-28T08:42:20.863Z,2026-05-28T08:42:20.874Z,2026-05-28T08:42:20.874Z
5291,7,87.3,0,50,0.1406,0.0802,77.5,2026-05-28T08:43:21.024Z,2026-05-28T08:43:21.035Z,2026-05-28T08:43:21.035Z
5292,10.7,81.5,0,50,0.375,0.1313,77.5,2026-05-28T08:44:21.158Z,2026-05-28T08:44:21.168Z,2026-05-28T08:44:21.168Z
5293,7.6,81.3,591,50,0.2812,0.0935,77.5,2026-05-28T08:45:21.290Z,2026-05-28T08:45:21.300Z,2026-05-28T08:45:21.300Z
5294,8.5,81.2,0,50,0.6719,0.1047,77.5,2026-05-28T08:46:21.416Z,2026-05-28T08:46:21.426Z,2026-05-28T08:46:21.426Z
5295,7.6,81.5,4916,50,0.4688,0.0933,77.5,2026-05-28T08:47:21.551Z,2026-05-28T08:47:21.561Z,2026-05-28T08:47:21.561Z
5296,8,81.6,94,350.15,0.5781,0.098,77.5,2026-05-28T08:48:21.688Z,2026-05-28T08:48:21.719Z,2026-05-28T08:48:21.719Z
5297,6.8,81.6,0,50,0.2656,0.0833,77.5,2026-05-28T08:49:21.831Z,2026-05-28T08:49:21.840Z,2026-05-28T08:49:21.840Z
5298,8.9,81.7,0,50,0.5781,0.1089,77.5,2026-05-28T08:50:21.956Z,2026-05-28T08:50:21.967Z,2026-05-28T08:50:21.967Z
5299,7.3,81.4,0,50,0.5,0.0897,77.5,2026-05-28T08:51:22.139Z,2026-05-28T08:51:22.148Z,2026-05-28T08:51:22.148Z
5300,8.8,81.6,795,50,0.2969,0.1078,77.5,2026-05-28T08:52:22.291Z,2026-05-28T08:52:22.307Z,2026-05-28T08:52:22.307Z
5301,8.5,80.9,4493,162.5,0.1406,0.1051,77.5,2026-05-28T08:53:22.448Z,2026-05-28T08:53:22.463Z,2026-05-28T08:53:22.463Z
5302,8.9,81.4,515,50,0.3438,0.1093,77.5,2026-05-28T08:54:22.580Z,2026-05-28T08:54:22.590Z,2026-05-28T08:54:22.590Z
5303,8.4,81.9,0,50,0.0469,0.1026,77.5,2026-05-28T08:55:22.862Z,2026-05-28T08:55:22.881Z,2026-05-28T08:55:22.881Z
5304,9.4,81.3,86,162.5,0.0469,0.1156,77.5,2026-05-28T08:56:22.985Z,2026-05-28T08:56:22.996Z,2026-05-28T08:56:22.996Z
5305,7.4,81.4,259,50,0.0938,0.0909,77.5,2026-05-28T08:57:23.130Z,2026-05-28T08:57:23.143Z,2026-05-28T08:57:23.143Z
5306,8.5,81.1,138,162.5,0.0312,0.1048,77.5,2026-05-28T08:58:23.313Z,2026-05-28T08:58:23.330Z,2026-05-28T08:58:23.330Z
5307,7.8,81.2,139,50,0.25,0.0961,77.5,2026-05-28T08:59:23.452Z,2026-05-28T08:59:23.464Z,2026-05-28T08:59:23.464Z
5308,9.6,81.4,0,50,0.0781,0.1179,77.5,2026-05-28T09:00:23.548Z,2026-05-28T09:00:23.558Z,2026-05-28T09:00:23.558Z
5309,7,81.5,0,162.5,0.0938,0.0859,77.5,2026-05-28T09:01:23.680Z,2026-05-28T09:01:23.690Z,2026-05-28T09:01:23.690Z
5310,8.6,81.6,453,50,0.2656,0.1054,77.5,2026-05-28T09:02:23.828Z,2026-05-28T09:02:23.838Z,2026-05-28T09:02:23.838Z
5311,7.5,81.7,0,500,0.2812,0.0918,77.5,2026-05-28T09:03:23.964Z,2026-05-28T09:03:23.976Z,2026-05-28T09:03:23.976Z
5312,7.4,81.4,139,162.5,0.0938,0.0909,77.5,2026-05-28T09:04:24.087Z,2026-05-28T09:04:24.097Z,2026-05-28T09:04:24.097Z
5313,7.7,81.7,138,162.5,0.1094,0.0942,77.5,2026-05-28T09:05:24.208Z,2026-05-28T09:05:24.221Z,2026-05-28T09:05:24.221Z
5314,9.1,81.5,424,50,0.4062,0.1117,77.5,2026-05-28T09:06:24.332Z,2026-05-28T09:06:24.342Z,2026-05-28T09:06:24.342Z
5315,7.8,81.4,3397,50,0.1719,0.0958,77.5,2026-05-28T09:07:24.444Z,2026-05-28T09:07:24.454Z,2026-05-28T09:07:24.454Z
5316,9.7,81.1,1520,50,0.4219,0.1196,77.5,2026-05-28T09:08:24.571Z,2026-05-28T09:08:24.583Z,2026-05-28T09:08:24.583Z
5317,6.3,81.3,0,50,0.1094,0.0775,77.5,2026-05-28T09:09:24.685Z,2026-05-28T09:09:24.696Z,2026-05-28T09:09:24.696Z
5318,8.8,81.6,15136,275,0.2656,0.1078,77.5,2026-05-28T09:10:24.839Z,2026-05-28T09:10:24.850Z,2026-05-28T09:10:24.850Z
5319,6.9,81.3,0,500,0.375,0.0849,77.5,2026-05-28T09:11:25.015Z,2026-05-28T09:11:25.029Z,2026-05-28T09:11:25.029Z
5320,8.9,81.3,0,50,0.3125,0.1095,77.5,2026-05-28T09:12:25.156Z,2026-05-28T09:12:25.165Z,2026-05-28T09:12:25.165Z
5321,7.4,81.3,44061,275,0.8125,0.091,77.5,2026-05-28T09:13:25.269Z,2026-05-28T09:13:25.284Z,2026-05-28T09:13:25.284Z
5322,9.6,81.7,0,50,0.5469,0.1175,77.5,2026-05-28T09:14:25.395Z,2026-05-28T09:14:25.405Z,2026-05-28T09:14:25.405Z
5323,7.3,81.7,180,50,0.0469,0.0894,77.5,2026-05-28T09:15:25.532Z,2026-05-28T09:15:25.543Z,2026-05-28T09:15:25.543Z
5324,8.5,81.7,0,50,0.3906,0.104,77.5,2026-05-28T09:16:25.661Z,2026-05-28T09:16:25.671Z,2026-05-28T09:16:25.671Z
5325,7.8,81.5,577,50,0.0781,0.0957,77.5,2026-05-28T09:17:25.794Z,2026-05-28T09:17:25.806Z,2026-05-28T09:17:25.806Z
5326,8.5,81.8,0,275,0.2188,0.1039,77.5,2026-05-28T09:18:25.917Z,2026-05-28T09:18:25.930Z,2026-05-28T09:18:25.930Z
5327,7.9,81.5,2210,50,0.2656,0.0969,77.5,2026-05-28T09:19:26.053Z,2026-05-28T09:19:26.065Z,2026-05-28T09:19:26.065Z
5328,9.1,81.9,4511,50,0.2188,0.1111,77.5,2026-05-28T09:20:26.161Z,2026-05-28T09:20:26.172Z,2026-05-28T09:20:26.172Z
5329,7.8,81.6,60,50,0.0469,0.0956,77.5,2026-05-28T09:21:26.273Z,2026-05-28T09:21:26.284Z,2026-05-28T09:21:26.284Z
5330,7.3,81.9,7393,162.5,0.1406,0.0891,77.5,2026-05-28T09:22:26.389Z,2026-05-28T09:22:26.400Z,2026-05-28T09:22:26.400Z
5331,9.9,81.3,0,50,0.7031,0.1218,77.5,2026-05-28T09:23:26.517Z,2026-05-28T09:23:26.529Z,2026-05-28T09:23:26.529Z
5332,7.6,81.3,18195,50,0.4219,0.0935,77.5,2026-05-28T09:24:26.638Z,2026-05-28T09:24:26.649Z,2026-05-28T09:24:26.649Z
5333,8.6,81.6,431,50,0.1875,0.1054,77.5,2026-05-28T09:25:26.757Z,2026-05-28T09:25:26.770Z,2026-05-28T09:25:26.770Z
5334,7.8,81.4,0,162.5,0.0312,0.0958,77.5,2026-05-28T09:26:26.981Z,2026-05-28T09:26:26.997Z,2026-05-28T09:26:26.997Z
5335,8.8,81.7,2018,50,0.2344,0.1077,77.5,2026-05-28T09:27:27.130Z,2026-05-28T09:27:27.142Z,2026-05-28T09:27:27.142Z
5336,7.5,81.5,277,50,0.4375,0.092,77.5,2026-05-28T09:28:27.256Z,2026-05-28T09:28:27.266Z,2026-05-28T09:28:27.266Z
5337,9.2,81.7,314,50,0.1562,0.1126,77.5,2026-05-28T09:29:27.395Z,2026-05-28T09:29:27.405Z,2026-05-28T09:29:27.405Z
5338,8,81.3,399,199.85,0.3125,0.0984,77.5,2026-05-28T09:30:27.540Z,2026-05-28T09:30:27.550Z,2026-05-28T09:30:27.550Z
5339,8.5,80.9,0,162.5,0.1094,0.1051,77.5,2026-05-28T09:31:27.636Z,2026-05-28T09:31:27.648Z,2026-05-28T09:31:27.648Z
5340,26.4,82,0,50,1.0312,0.322,77.5,2026-05-28T09:32:27.737Z,2026-05-28T09:32:27.751Z,2026-05-28T09:32:27.751Z
5341,26.7,83.2,94,50,1.4062,0.3209,77.5,2026-05-28T09:33:27.853Z,2026-05-28T09:33:27.872Z,2026-05-28T09:33:27.872Z
5342,54,85.1,0,50,3.5156,0.6345,77.5,2026-05-28T09:34:27.960Z,2026-05-28T09:34:28.025Z,2026-05-28T09:34:28.025Z
5343,39.4,85.2,377,500,1.25,0.4624,77.5,2026-05-28T09:35:28.055Z,2026-05-28T09:35:28.065Z,2026-05-28T09:35:28.065Z
5344,72.8,84.1,0,50,4.0625,0.8656,77.5,2026-05-28T09:36:28.202Z,2026-05-28T09:36:28.235Z,2026-05-28T09:36:28.235Z
5345,50.7,83.8,861,50,0.125,0.605,77.5,2026-05-28T09:37:28.332Z,2026-05-28T09:37:28.342Z,2026-05-28T09:37:28.342Z
5346,10.2,82.6,317,199.85,0.2031,0.1235,77.5,2026-05-28T09:38:28.457Z,2026-05-28T09:38:28.468Z,2026-05-28T09:38:28.468Z
5347,7.5,82.5,1260,50,0.2188,0.0909,77.5,2026-05-28T09:39:28.590Z,2026-05-28T09:39:28.599Z,2026-05-28T09:39:28.599Z
5348,9.3,82.6,1900,162.5,0.2031,0.1126,77.5,2026-05-28T09:40:28.727Z,2026-05-28T09:40:28.736Z,2026-05-28T09:40:28.736Z
5349,7.2,82.6,0,50,0.2969,0.0872,77.5,2026-05-28T09:41:28.950Z,2026-05-28T09:41:28.963Z,2026-05-28T09:41:28.963Z
5350,9.4,82.7,94,199.85,0.1406,0.1137,77.5,2026-05-28T09:42:29.073Z,2026-05-28T09:42:29.083Z,2026-05-28T09:42:29.083Z
5351,7.9,82.7,20059,50,0.3125,0.0955,77.5,2026-05-28T09:43:29.204Z,2026-05-28T09:43:29.215Z,2026-05-28T09:43:29.215Z
5352,12.3,82.7,527,275,0.5469,0.1487,77.5,2026-05-28T09:44:29.338Z,2026-05-28T09:44:29.350Z,2026-05-28T09:44:29.350Z
5353,7.1,82.8,336,50,0.0938,0.0857,77.5,2026-05-28T09:45:29.484Z,2026-05-28T09:45:29.493Z,2026-05-28T09:45:29.493Z
5354,9.4,82.5,0,275,0.7031,0.1139,77.5,2026-05-28T09:46:29.626Z,2026-05-28T09:46:29.636Z,2026-05-28T09:46:29.636Z
5355,7.7,82.5,0,50,0.25,0.0933,77.5,2026-05-28T09:47:29.774Z,2026-05-28T09:47:29.784Z,2026-05-28T09:47:29.784Z
5356,7.7,82.5,269,162.5,0.2812,0.0933,77.5,2026-05-28T09:48:29.906Z,2026-05-28T09:48:29.916Z,2026-05-28T09:48:29.916Z
5357,7.7,82.8,0,50,0.1562,0.093,77.5,2026-05-28T09:49:30.028Z,2026-05-28T09:49:30.038Z,2026-05-28T09:49:30.038Z
5358,7.7,82.7,0,50,0.25,0.0931,77.5,2026-05-28T09:50:30.150Z,2026-05-28T09:50:30.166Z,2026-05-28T09:50:30.166Z
5359,6.9,82.8,0,162.5,0.1719,0.0833,77.5,2026-05-28T09:51:30.282Z,2026-05-28T09:51:30.292Z,2026-05-28T09:51:30.292Z
5360,7.6,83.2,1433,50,0.1562,0.0913,77.5,2026-05-28T09:52:30.415Z,2026-05-28T09:52:30.427Z,2026-05-28T09:52:30.427Z
5361,10.8,82.3,3234,140,0.2812,0.1312,77.5,2026-05-28T09:53:30.534Z,2026-05-28T09:53:30.546Z,2026-05-28T09:53:30.546Z
5362,8.2,82.4,0,50,0.1562,0.0995,77.5,2026-05-28T09:54:30.670Z,2026-05-28T09:54:30.681Z,2026-05-28T09:54:30.681Z
5363,10.4,83.1,0,50,0.2656,0.1252,77.5,2026-05-28T09:55:30.814Z,2026-05-28T09:55:30.824Z,2026-05-28T09:55:30.824Z
5364,8.2,82.7,2185,50,0.3281,0.0992,77.5,2026-05-28T09:56:30.953Z,2026-05-28T09:56:30.964Z,2026-05-28T09:56:30.964Z
5365,9.3,82.7,3912,50,0.5,0.1125,77.5,2026-05-28T09:57:31.061Z,2026-05-28T09:57:31.071Z,2026-05-28T09:57:31.071Z
5366,7.2,82.6,0,50,0.5625,0.0872,77.5,2026-05-28T09:58:31.209Z,2026-05-28T09:58:31.225Z,2026-05-28T09:58:31.225Z
5367,10.5,82.8,2627,50,0.3906,0.1268,77.5,2026-05-28T09:59:31.323Z,2026-05-28T09:59:31.333Z,2026-05-28T09:59:31.333Z
5368,7.5,82.9,15125,50,0.4375,0.0905,77.5,2026-05-28T10:00:31.450Z,2026-05-28T10:00:31.465Z,2026-05-28T10:00:31.465Z
5369,8.5,82.5,0,50,0.2188,0.103,77.5,2026-05-28T10:01:31.570Z,2026-05-28T10:01:31.580Z,2026-05-28T10:01:31.580Z
5370,8,82.9,139,162.5,0.1094,0.0965,77.5,2026-05-28T10:02:31.704Z,2026-05-28T10:02:31.714Z,2026-05-28T10:02:31.714Z
5371,7.9,82.7,0,500,0.7812,0.0955,77.5,2026-05-28T10:03:31.836Z,2026-05-28T10:03:31.850Z,2026-05-28T10:03:31.850Z
5372,9.1,82.9,28100,50,0.6719,0.1098,77.5,2026-05-28T10:04:31.957Z,2026-05-28T10:04:31.970Z,2026-05-28T10:04:31.970Z
5373,7.5,82.8,168,275,0.0938,0.0906,77.5,2026-05-28T10:05:32.074Z,2026-05-28T10:05:32.085Z,2026-05-28T10:05:32.085Z
5374,10.9,82.9,0,50,0.625,0.1315,77.5,2026-05-28T10:06:32.180Z,2026-05-28T10:06:32.192Z,2026-05-28T10:06:32.192Z
5375,8,82.9,0,162.5,0.4375,0.0965,77.5,2026-05-28T10:07:32.319Z,2026-05-28T10:07:32.329Z,2026-05-28T10:07:32.329Z
5376,10.2,82.3,0,275,0.5156,0.1239,77.5,2026-05-28T10:08:32.442Z,2026-05-28T10:08:32.454Z,2026-05-28T10:08:32.454Z
5377,8.1,82.8,22060,50,0.2344,0.0978,77.5,2026-05-28T10:09:32.581Z,2026-05-28T10:09:32.593Z,2026-05-28T10:09:32.593Z
5378,9.2,82.9,3747,275,0.4219,0.111,77.5,2026-05-28T10:10:32.737Z,2026-05-28T10:10:32.750Z,2026-05-28T10:10:32.750Z
5379,8.9,82.6,0,162.5,0.4688,0.1077,77.5,2026-05-28T10:11:32.886Z,2026-05-28T10:11:32.900Z,2026-05-28T10:11:32.900Z
5380,8.6,82.7,2832,50,0.1406,0.104,77.5,2026-05-28T10:12:33.023Z,2026-05-28T10:12:33.037Z,2026-05-28T10:12:33.037Z
5381,7.6,82.8,34909,50,0.4062,0.0918,77.5,2026-05-28T10:13:33.145Z,2026-05-28T10:13:33.155Z,2026-05-28T10:13:33.155Z
5382,8.4,83,364,50,0.1094,0.1012,77.5,2026-05-28T10:14:33.273Z,2026-05-28T10:14:33.285Z,2026-05-28T10:14:33.285Z
5383,8.9,82.9,583,50,0.1719,0.1074,77.5,2026-05-28T10:15:33.366Z,2026-05-28T10:15:33.375Z,2026-05-28T10:15:33.375Z
5384,7.6,83.2,567,50,0.0781,0.0913,77.5,2026-05-28T10:16:33.488Z,2026-05-28T10:16:33.499Z,2026-05-28T10:16:33.499Z
5385,8.6,83,1185,50,0.3281,0.1036,77.5,2026-05-28T10:17:33.660Z,2026-05-28T10:17:33.670Z,2026-05-28T10:17:33.670Z
5386,7.6,82.8,1446,50,0.2031,0.0918,77.5,2026-05-28T10:18:33.905Z,2026-05-28T10:18:33.918Z,2026-05-28T10:18:33.918Z
5387,9.7,82.9,2128,50,0.3281,0.117,77.5,2026-05-28T10:19:34.041Z,2026-05-28T10:19:34.051Z,2026-05-28T10:19:34.051Z
5388,7.8,83.1,1296,50,0.1719,0.0939,77.5,2026-05-28T10:20:34.205Z,2026-05-28T10:20:34.215Z,2026-05-28T10:20:34.215Z
5389,9.6,83.2,1466,50,0.4219,0.1154,77.5,2026-05-28T10:21:34.353Z,2026-05-28T10:21:34.365Z,2026-05-28T10:21:34.365Z
5390,7.5,83.3,1446,50,0.4375,0.09,77.5,2026-05-28T10:22:34.478Z,2026-05-28T10:22:34.488Z,2026-05-28T10:22:34.488Z
5391,9.7,82.7,529,162.5,0.0469,0.1173,77.5,2026-05-28T10:23:34.625Z,2026-05-28T10:23:34.635Z,2026-05-28T10:23:34.635Z
5392,9.2,82.4,0,50,0.1719,0.1117,77.5,2026-05-28T10:24:34.765Z,2026-05-28T10:24:34.777Z,2026-05-28T10:24:34.777Z
5393,7.5,82.9,0,162.5,0.4531,0.0905,77.5,2026-05-28T10:25:34.904Z,2026-05-28T10:25:34.913Z,2026-05-28T10:25:34.913Z
5394,8.9,82.8,3508,162.5,0.2656,0.1075,77.5,2026-05-28T10:26:35.044Z,2026-05-28T10:26:35.055Z,2026-05-28T10:26:35.055Z
5395,7.4,82.8,0,50,0.0781,0.0894,77.5,2026-05-28T10:27:35.175Z,2026-05-28T10:27:35.187Z,2026-05-28T10:27:35.187Z
5396,9.2,83,865,50,0.4219,0.1108,77.5,2026-05-28T10:28:35.311Z,2026-05-28T10:28:35.321Z,2026-05-28T10:28:35.321Z
5397,7.7,82.9,486,162.5,0.25,0.0929,77.5,2026-05-28T10:29:35.457Z,2026-05-28T10:29:35.483Z,2026-05-28T10:29:35.483Z
5398,7.9,82.9,2687,50,0.3125,0.0953,77.5,2026-05-28T10:30:35.614Z,2026-05-28T10:30:35.624Z,2026-05-28T10:30:35.624Z
5399,7.2,82.7,0,50,0.5156,0.0871,77.5,2026-05-28T10:31:35.724Z,2026-05-28T10:31:35.736Z,2026-05-28T10:31:35.736Z
5400,9.4,83.4,946,50,0.1406,0.1127,77.5,2026-05-28T10:32:35.862Z,2026-05-28T10:32:35.873Z,2026-05-28T10:32:35.873Z
5401,9.5,83.7,13135,50,0.3125,0.1135,77.5,2026-05-28T10:33:35.985Z,2026-05-28T10:33:35.995Z,2026-05-28T10:33:35.995Z
5402,8.1,83.6,2140,162.5,0.0781,0.0969,77.5,2026-05-28T10:34:36.121Z,2026-05-28T10:34:36.132Z,2026-05-28T10:34:36.132Z
5403,9.1,83.6,316,50,0.6094,0.1089,77.5,2026-05-28T10:35:36.267Z,2026-05-28T10:35:36.278Z,2026-05-28T10:35:36.278Z
5404,7.7,83.3,0,50,0.25,0.0924,77.5,2026-05-28T10:36:36.403Z,2026-05-28T10:36:36.413Z,2026-05-28T10:36:36.413Z
5405,9.3,83.7,0,50,0.4062,0.1111,77.5,2026-05-28T10:37:36.543Z,2026-05-28T10:37:36.555Z,2026-05-28T10:37:36.555Z
5406,9.5,82.6,0,199.85,0.2812,0.115,77.5,2026-05-28T10:38:36.669Z,2026-05-28T10:38:36.679Z,2026-05-28T10:38:36.679Z
5407,9.3,83.1,84,162.5,0.1094,0.1119,77.5,2026-05-28T10:39:36.811Z,2026-05-28T10:39:36.822Z,2026-05-28T10:39:36.822Z
5408,10.1,83.2,2262,50,0.3281,0.1214,77.5,2026-05-28T10:40:36.947Z,2026-05-28T10:40:36.958Z,2026-05-28T10:40:36.958Z
5409,7.4,83.4,0,50,0.0625,0.0887,77.5,2026-05-28T10:41:37.085Z,2026-05-28T10:41:37.095Z,2026-05-28T10:41:37.095Z
5410,9.6,83.1,0,275,0.25,0.1155,77.5,2026-05-28T10:42:37.236Z,2026-05-28T10:42:37.249Z,2026-05-28T10:42:37.249Z
5411,8.9,83.9,988,50,0.0938,0.1061,77.5,2026-05-28T10:43:37.275Z,2026-05-28T10:43:37.286Z,2026-05-28T10:43:37.286Z
5412,9.7,83.4,1396,50,0.2031,0.1163,77.5,2026-05-28T10:44:37.477Z,2026-05-28T10:44:37.488Z,2026-05-28T10:44:37.488Z
5413,8.6,83.5,86,50,0.1094,0.103,77.5,2026-05-28T10:45:37.609Z,2026-05-28T10:45:37.620Z,2026-05-28T10:45:37.620Z
5414,7.7,83.4,759,50,0.2656,0.0923,77.5,2026-05-28T10:46:37.626Z,2026-05-28T10:46:37.637Z,2026-05-28T10:46:37.637Z
5415,8.8,83.4,0,50,0.2969,0.1055,77.5,2026-05-28T10:47:37.906Z,2026-05-28T10:47:37.933Z,2026-05-28T10:47:37.933Z
5416,7.7,83.3,235,50,0.0781,0.0924,77.5,2026-05-28T10:48:38.026Z,2026-05-28T10:48:38.037Z,2026-05-28T10:48:38.037Z
5417,8.4,83.4,12506,50,0.4375,0.1007,77.5,2026-05-28T10:49:38.164Z,2026-05-28T10:49:38.174Z,2026-05-28T10:49:38.174Z
5418,8.7,83.3,24821,387.5,0.3438,0.1044,77.5,2026-05-28T10:50:38.280Z,2026-05-28T10:50:38.291Z,2026-05-28T10:50:38.291Z
5419,9,83.7,0,50,0.1094,0.1075,77.5,2026-05-28T10:51:38.368Z,2026-05-28T10:51:38.379Z,2026-05-28T10:51:38.379Z
5420,8.5,83.7,377,50,0.1562,0.1016,77.5,2026-05-28T10:52:38.500Z,2026-05-28T10:52:38.511Z,2026-05-28T10:52:38.511Z
5421,8.8,83.1,168,50,0.1406,0.1059,77.5,2026-05-28T10:53:38.621Z,2026-05-28T10:53:38.632Z,2026-05-28T10:53:38.632Z
5422,10,82.5,240,50,0.375,0.1212,77.5,2026-05-28T10:54:38.742Z,2026-05-28T10:54:38.753Z,2026-05-28T10:54:38.753Z
5423,10.9,83,1566,50,0.2812,0.1313,77.5,2026-05-28T10:55:38.936Z,2026-05-28T10:55:38.945Z,2026-05-28T10:55:38.945Z
5424,9.4,83,364,275,0.2031,0.1133,77.5,2026-05-28T10:56:39.099Z,2026-05-28T10:56:39.125Z,2026-05-28T10:56:39.125Z
5425,8.9,83.4,0,500,0.125,0.1067,77.5,2026-05-28T10:57:39.206Z,2026-05-28T10:57:39.216Z,2026-05-28T10:57:39.216Z
5426,7.4,83.4,0,50,0.2031,0.0887,77.5,2026-05-28T10:58:39.216Z,2026-05-28T10:58:39.226Z,2026-05-28T10:58:39.226Z
5427,9,83.3,3443,50,0.4844,0.108,77.5,2026-05-28T10:59:39.389Z,2026-05-28T10:59:39.398Z,2026-05-28T10:59:39.398Z
5428,7.2,83.1,0,500,0.2969,0.0866,77.5,2026-05-28T11:00:39.516Z,2026-05-28T11:00:39.527Z,2026-05-28T11:00:39.527Z
5429,7.7,83.3,219,50,0.2188,0.0924,77.5,2026-05-28T11:01:39.643Z,2026-05-28T11:01:39.654Z,2026-05-28T11:01:39.654Z
5430,18.6,84.3,94,50,1.0781,0.2206,77.5,2026-05-28T11:02:39.770Z,2026-05-28T11:02:39.781Z,2026-05-28T11:02:39.781Z
5431,33.1,87.5,3734,50,1.4219,0.3783,77.5,2026-05-28T11:03:39.956Z,2026-05-28T11:03:39.970Z,2026-05-28T11:03:39.970Z
5432,37.3,88.9,1843,162.5,1.7969,0.4196,77.5,2026-05-28T11:04:39.977Z,2026-05-28T11:04:39.988Z,2026-05-28T11:04:39.988Z
5433,25.3,90.4,12588,50,0.4844,0.2799,77.8,2026-05-28T11:05:40.167Z,2026-05-28T11:05:40.181Z,2026-05-28T11:05:40.181Z
5434,12.1,91.3,0,162.5,0.0781,0.1325,77.8,2026-05-28T11:06:40.836Z,2026-05-28T11:06:40.849Z,2026-05-28T11:06:40.849Z
5435,8.5,90.7,0,275,0.4688,0.0937,77.8,2026-05-28T11:07:41.019Z,2026-05-28T11:07:41.037Z,2026-05-28T11:07:41.037Z
5436,9.3,89.4,410,162.5,0.2031,0.104,77.8,2026-05-28T11:08:41.210Z,2026-05-28T11:08:41.224Z,2026-05-28T11:08:41.224Z
5437,9.5,90,215,500,0.4531,0.1056,77.8,2026-05-28T11:09:41.415Z,2026-05-28T11:09:41.426Z,2026-05-28T11:09:41.426Z
5438,8.1,90.2,1874,50,0.1562,0.0898,77.8,2026-05-28T11:10:41.573Z,2026-05-28T11:10:41.585Z,2026-05-28T11:10:41.585Z
5439,11.1,90,364,50,0.3594,0.1233,77.8,2026-05-28T11:11:41.666Z,2026-05-28T11:11:41.676Z,2026-05-28T11:11:41.676Z
5440,9.6,90.7,533,199.85,0.2812,0.1058,77.8,2026-05-28T11:12:41.789Z,2026-05-28T11:12:41.801Z,2026-05-28T11:12:41.801Z
5441,8.5,90.4,0,50,0.4531,0.094,77.8,2026-05-28T11:13:41.912Z,2026-05-28T11:13:41.922Z,2026-05-28T11:13:41.922Z
5442,9.9,90.2,94,50,0.0625,0.1098,77.8,2026-05-28T11:14:42.017Z,2026-05-28T11:14:42.029Z,2026-05-28T11:14:42.029Z
5443,12.2,90.4,15660,50,0.9375,0.135,77.8,2026-05-28T11:15:42.167Z,2026-05-28T11:15:42.185Z,2026-05-28T11:15:42.185Z
5444,13.5,90.4,8498,50,0.3125,0.1493,77.8,2026-05-28T11:16:42.339Z,2026-05-28T11:16:42.349Z,2026-05-28T11:16:42.349Z
5445,8.6,90.4,0,50,0.125,0.0951,77.8,2026-05-28T11:17:42.539Z,2026-05-28T11:17:42.549Z,2026-05-28T11:17:42.549Z
5446,8.2,90.7,553,162.5,0.125,0.0904,77.8,2026-05-28T11:18:42.665Z,2026-05-28T11:18:42.676Z,2026-05-28T11:18:42.676Z
5447,9.9,90.5,275,50,0.1406,0.1094,77.8,2026-05-28T11:19:42.726Z,2026-05-28T11:19:42.739Z,2026-05-28T11:19:42.739Z
5448,9.5,90.3,3851,50,0.375,0.1052,77.8,2026-05-28T11:20:42.870Z,2026-05-28T11:20:42.885Z,2026-05-28T11:20:42.885Z
5449,12.9,90.8,800,50,0.5312,0.1421,77.8,2026-05-28T11:21:43.005Z,2026-05-28T11:21:43.016Z,2026-05-28T11:21:43.016Z
5450,8.3,90.9,258,50,0.1562,0.0913,77.8,2026-05-28T11:22:43.119Z,2026-05-28T11:22:43.129Z,2026-05-28T11:22:43.129Z
5451,9.2,89.9,306,50,0.2812,0.1023,77.8,2026-05-28T11:23:43.331Z,2026-05-28T11:23:43.342Z,2026-05-28T11:23:43.342Z
5452,9,90.4,180,50,0.4844,0.0996,77.8,2026-05-28T11:24:43.555Z,2026-05-28T11:24:43.565Z,2026-05-28T11:24:43.565Z
5453,8.8,90.5,0,50,0.2031,0.0972,77.8,2026-05-28T11:25:43.674Z,2026-05-28T11:25:43.687Z,2026-05-28T11:25:43.687Z
5454,11.4,90,0,275,0.4062,0.1267,77.8,2026-05-28T11:26:43.802Z,2026-05-28T11:26:43.813Z,2026-05-28T11:26:43.813Z
5455,7.7,90.1,0,50,0.0938,0.0855,77.8,2026-05-28T11:27:43.905Z,2026-05-28T11:27:43.916Z,2026-05-28T11:27:43.916Z
5456,8.8,90.5,86,387.5,0.25,0.0972,77.8,2026-05-28T11:28:44.045Z,2026-05-28T11:28:44.059Z,2026-05-28T11:28:44.059Z
5457,9.3,90.1,0,50,0.3594,0.1032,77.8,2026-05-28T11:29:44.140Z,2026-05-28T11:29:44.153Z,2026-05-28T11:29:44.153Z
5458,7.9,90.4,333,50,0.3594,0.0874,77.8,2026-05-28T11:30:44.308Z,2026-05-28T11:30:44.319Z,2026-05-28T11:30:44.319Z
5459,9.8,90.5,54,50,0.5312,0.1083,77.8,2026-05-28T11:31:44.476Z,2026-05-28T11:31:44.487Z,2026-05-28T11:31:44.487Z
5460,9.9,90.8,121,50,0.5625,0.109,77.8,2026-05-28T11:32:44.624Z,2026-05-28T11:32:44.636Z,2026-05-28T11:32:44.636Z
5461,8.5,91.1,3946,50,0.3594,0.0933,77.8,2026-05-28T11:33:44.748Z,2026-05-28T11:33:44.758Z,2026-05-28T11:33:44.758Z
5462,10.6,90.6,0,50,0.1719,0.117,77.8,2026-05-28T11:34:44.846Z,2026-05-28T11:34:44.862Z,2026-05-28T11:34:44.862Z
5463,8.1,91,0,162.5,0.2344,0.089,77.8,2026-05-28T11:35:44.942Z,2026-05-28T11:35:44.954Z,2026-05-28T11:35:44.954Z
5464,9,91,971,275,0.3906,0.0989,77.8,2026-05-28T11:36:45.104Z,2026-05-28T11:36:45.115Z,2026-05-28T11:36:45.115Z
5465,9.2,90.9,2832,162.5,0.2344,0.1012,77.8,2026-05-28T11:37:45.204Z,2026-05-28T11:37:45.214Z,2026-05-28T11:37:45.214Z
5466,8.8,90.1,0,50,0.2031,0.0977,77.8,2026-05-28T11:38:45.382Z,2026-05-28T11:38:45.392Z,2026-05-28T11:38:45.392Z
5467,10.4,90.3,347,140,0.3594,0.1152,77.8,2026-05-28T11:39:45.608Z,2026-05-28T11:39:45.626Z,2026-05-28T11:39:45.626Z
5468,7.8,90.4,12138,50,0.3125,0.0863,77.8,2026-05-28T11:40:45.735Z,2026-05-28T11:40:45.745Z,2026-05-28T11:40:45.745Z
5469,8.4,90.3,485,50,0.2031,0.093,77.8,2026-05-28T11:41:45.843Z,2026-05-28T11:41:45.853Z,2026-05-28T11:41:45.853Z
5470,10.5,90.8,0,50,0.1406,0.1156,77.8,2026-05-28T11:42:45.941Z,2026-05-28T11:42:45.952Z,2026-05-28T11:42:45.952Z
5471,10.5,90.9,803,50,0.1875,0.1155,77.8,2026-05-28T11:43:46.025Z,2026-05-28T11:43:46.035Z,2026-05-28T11:43:46.035Z
5472,10.4,90.3,139,50,0.4531,0.1152,77.8,2026-05-28T11:44:46.131Z,2026-05-28T11:44:46.145Z,2026-05-28T11:44:46.145Z
5473,7.8,90.5,428,50,0.0625,0.0862,77.8,2026-05-28T11:45:46.257Z,2026-05-28T11:45:46.267Z,2026-05-28T11:45:46.267Z
5474,8.7,90.9,0,50,0.0625,0.0957,77.8,2026-05-28T11:46:46.490Z,2026-05-28T11:46:46.500Z,2026-05-28T11:46:46.500Z
5475,9.4,91.1,153,50,0.2188,0.1032,77.8,2026-05-28T11:47:46.522Z,2026-05-28T11:47:46.533Z,2026-05-28T11:47:46.533Z
5476,7.7,91,1436,50,0.1875,0.0846,77.8,2026-05-28T11:48:46.610Z,2026-05-28T11:48:46.621Z,2026-05-28T11:48:46.621Z
5477,7.7,90.9,86,50,0.5938,0.0847,77.8,2026-05-28T11:49:46.725Z,2026-05-28T11:49:46.737Z,2026-05-28T11:49:46.737Z
5478,10.2,91.1,0,162.5,0.0781,0.112,77.8,2026-05-28T11:50:46.840Z,2026-05-28T11:50:46.850Z,2026-05-28T11:50:46.850Z
5479,8,90.6,364,275,0.0781,0.0883,77.8,2026-05-28T11:51:46.965Z,2026-05-28T11:51:46.976Z,2026-05-28T11:51:46.976Z
5480,9.3,91,239,50,0.25,0.1022,77.8,2026-05-28T11:52:47.089Z,2026-05-28T11:52:47.101Z,2026-05-28T11:52:47.101Z
5481,9.3,90.3,5159,50,0.4844,0.103,77.8,2026-05-28T11:53:47.306Z,2026-05-28T11:53:47.317Z,2026-05-28T11:53:47.317Z
5482,9,90.2,121802,50,0.5312,0.0998,77.8,2026-05-28T11:54:47.376Z,2026-05-28T11:54:47.387Z,2026-05-28T11:54:47.387Z
5483,13.3,90.8,0,275,0.5781,0.1465,77.8,2026-05-28T11:55:47.489Z,2026-05-28T11:55:47.502Z,2026-05-28T11:55:47.502Z
5484,8.1,90.7,12530,50,0.2344,0.0893,77.8,2026-05-28T11:56:47.576Z,2026-05-28T11:56:47.586Z,2026-05-28T11:56:47.586Z
5485,7.7,90.9,94,50,0.1406,0.0847,77.8,2026-05-28T11:57:47.695Z,2026-05-28T11:57:47.706Z,2026-05-28T11:57:47.706Z
5486,9.8,91.2,862,275,0.25,0.1075,77.8,2026-05-28T11:58:47.844Z,2026-05-28T11:58:47.854Z,2026-05-28T11:58:47.854Z
5487,7.9,90.9,86,50,0.3125,0.0869,77.8,2026-05-28T11:59:47.981Z,2026-05-28T11:59:47.992Z,2026-05-28T11:59:47.992Z
5488,9.9,90.9,168,500,0.2812,0.1089,77.8,2026-05-28T12:00:48.112Z,2026-05-28T12:00:48.122Z,2026-05-28T12:00:48.122Z
5489,8.8,90.6,0,50,0.125,0.0971,77.8,2026-05-28T12:01:48.255Z,2026-05-28T12:01:48.264Z,2026-05-28T12:01:48.264Z
5490,10.2,90.9,431,275,0.1562,0.1122,77.8,2026-05-28T12:02:48.362Z,2026-05-28T12:02:48.373Z,2026-05-28T12:02:48.373Z
5491,10.9,90.6,829,50,0.625,0.1203,77.8,2026-05-28T12:03:48.466Z,2026-05-28T12:03:48.476Z,2026-05-28T12:03:48.476Z
5492,7.7,90.7,0,50,0.2188,0.0849,77.8,2026-05-28T12:04:48.591Z,2026-05-28T12:04:48.602Z,2026-05-28T12:04:48.602Z
5493,8.8,90.7,364,50,0.4219,0.097,77.8,2026-05-28T12:05:48.685Z,2026-05-28T12:05:48.696Z,2026-05-28T12:05:48.696Z
5494,9.8,91,25705,50,0.2656,0.1077,77.8,2026-05-28T12:06:48.799Z,2026-05-28T12:06:48.813Z,2026-05-28T12:06:48.813Z
5495,8.4,91.1,94,50,0.1094,0.0922,77.8,2026-05-28T12:07:48.996Z,2026-05-28T12:07:49.007Z,2026-05-28T12:07:49.007Z
5496,11.7,90.2,404,50,0.3281,0.1297,77.8,2026-05-28T12:08:49.072Z,2026-05-28T12:08:49.086Z,2026-05-28T12:08:49.086Z
5497,8,90.1,14078,50,0.2969,0.0888,77.8,2026-05-28T12:09:49.167Z,2026-05-28T12:09:49.177Z,2026-05-28T12:09:49.177Z
5498,8,90.5,964,50,0.6875,0.0884,77.8,2026-05-28T12:10:49.332Z,2026-05-28T12:10:49.341Z,2026-05-28T12:10:49.341Z
5499,10.7,90.7,14831,50,0.4219,0.118,77.8,2026-05-28T12:11:49.468Z,2026-05-28T12:11:49.480Z,2026-05-28T12:11:49.480Z
5500,8.2,90.9,5184,50,0.2656,0.0902,77.8,2026-05-28T12:12:49.641Z,2026-05-28T12:12:49.651Z,2026-05-28T12:12:49.651Z
5501,8.7,90.7,0,50,0.1406,0.0959,77.8,2026-05-28T12:13:49.765Z,2026-05-28T12:13:49.775Z,2026-05-28T12:13:49.775Z
5502,9.9,90.9,0,50,0.375,0.1089,77.8,2026-05-28T12:14:49.865Z,2026-05-28T12:14:49.876Z,2026-05-28T12:14:49.876Z
5503,8.2,90.7,94,50,0.2031,0.0904,77.8,2026-05-28T12:15:50.028Z,2026-05-28T12:15:50.039Z,2026-05-28T12:15:50.039Z
5504,8.1,91.1,0,500,0.2969,0.0889,77.8,2026-05-28T12:16:50.153Z,2026-05-28T12:16:50.164Z,2026-05-28T12:16:50.164Z
5505,10.7,90.9,0,50,0.6875,0.1177,77.8,2026-05-28T12:17:50.258Z,2026-05-28T12:17:50.270Z,2026-05-28T12:17:50.270Z
5506,7.2,90.9,364,162.5,0.3125,0.0792,77.8,2026-05-28T12:18:50.399Z,2026-05-28T12:18:50.409Z,2026-05-28T12:18:50.409Z
5507,10.2,90.7,12012,50,0.875,0.1125,77.8,2026-05-28T12:19:50.527Z,2026-05-28T12:19:50.541Z,2026-05-28T12:19:50.541Z
5508,9.8,90.9,259,50,0.4375,0.1078,77.8,2026-05-28T12:20:50.640Z,2026-05-28T12:20:50.649Z,2026-05-28T12:20:50.649Z
5509,8.5,91.1,86,50,0.6094,0.0933,77.8,2026-05-28T12:21:50.786Z,2026-05-28T12:21:50.795Z,2026-05-28T12:21:50.795Z
5510,9.7,91.1,430,500,0.5,0.1065,77.8,2026-05-28T12:22:50.937Z,2026-05-28T12:22:50.945Z,2026-05-28T12:22:50.945Z
5511,9.8,90.4,416,500,0.375,0.1084,77.8,2026-05-28T12:23:51.111Z,2026-05-28T12:23:51.126Z,2026-05-28T12:23:51.126Z
5512,8.8,90.1,307,50,0.375,0.0977,77.8,2026-05-28T12:24:51.244Z,2026-05-28T12:24:51.255Z,2026-05-28T12:24:51.255Z
5513,9.2,90.5,299,50,0.2188,0.1017,77.8,2026-05-28T12:25:51.338Z,2026-05-28T12:25:51.348Z,2026-05-28T12:25:51.348Z
5514,7.9,90.7,767,50,0.1719,0.0871,77.8,2026-05-28T12:26:51.405Z,2026-05-28T12:26:51.416Z,2026-05-28T12:26:51.416Z
5515,8.4,90.9,0,50,0.1406,0.0924,77.8,2026-05-28T12:27:51.548Z,2026-05-28T12:27:51.561Z,2026-05-28T12:27:51.561Z
5516,9,90.9,138,50,0.5625,0.099,77.8,2026-05-28T12:28:51.670Z,2026-05-28T12:28:51.682Z,2026-05-28T12:28:51.682Z
5517,8,90.4,41489,50,0.375,0.0885,77.8,2026-05-28T12:29:51.809Z,2026-05-28T12:29:51.819Z,2026-05-28T12:29:51.819Z
5518,9.6,90.8,154,500,0.0938,0.1057,77.8,2026-05-28T12:30:51.966Z,2026-05-28T12:30:51.977Z,2026-05-28T12:30:51.977Z
5519,8.6,90.8,138,162.5,0.4375,0.0947,77.8,2026-05-28T12:31:52.092Z,2026-05-28T12:31:52.103Z,2026-05-28T12:31:52.103Z
5520,10.5,91.5,248,50,0.2031,0.1148,77.8,2026-05-28T12:32:52.241Z,2026-05-28T12:32:52.252Z,2026-05-28T12:32:52.252Z
5521,9,91.2,389,500,0.0938,0.0987,77.8,2026-05-28T12:33:52.329Z,2026-05-28T12:33:52.339Z,2026-05-28T12:33:52.339Z
5522,10.1,90.8,248,50,0.2656,0.1112,77.8,2026-05-28T12:34:52.478Z,2026-05-28T12:34:52.491Z,2026-05-28T12:34:52.491Z
5523,8.5,91.1,344,275,0.0938,0.0933,77.8,2026-05-28T12:35:52.596Z,2026-05-28T12:35:52.607Z,2026-05-28T12:35:52.607Z
5524,9.5,91.3,248,50,0.125,0.1041,77.8,2026-05-28T12:36:52.742Z,2026-05-28T12:36:52.760Z,2026-05-28T12:36:52.760Z
5525,7.6,91.3,87,275,0.1094,0.0832,77.8,2026-05-28T12:37:52.902Z,2026-05-28T12:37:52.914Z,2026-05-28T12:37:52.914Z
5526,9.5,91.9,385,50,1.0781,0.1034,77.8,2026-05-28T12:38:52.991Z,2026-05-28T12:38:53.003Z,2026-05-28T12:38:53.003Z
5527,8.8,90.6,33438,50,0.5156,0.0971,77.8,2026-05-28T12:39:53.122Z,2026-05-28T12:39:53.138Z,2026-05-28T12:39:53.138Z
5528,8.9,90.7,4494,50,0.2031,0.0981,77.8,2026-05-28T12:40:53.248Z,2026-05-28T12:40:53.258Z,2026-05-28T12:40:53.258Z
5529,8.5,90.9,4622,275,0.4531,0.0935,77.8,2026-05-28T12:41:53.359Z,2026-05-28T12:41:53.369Z,2026-05-28T12:41:53.369Z
5530,12,91.4,437,162.5,0.0938,0.1313,77.8,2026-05-28T12:42:53.521Z,2026-05-28T12:42:53.536Z,2026-05-28T12:42:53.536Z
5531,11.1,91.5,4059,50,0.4062,0.1213,77.8,2026-05-28T12:43:53.687Z,2026-05-28T12:43:53.700Z,2026-05-28T12:43:53.700Z
5532,8.8,91,386,50,0.2188,0.0967,77.8,2026-05-28T12:44:53.705Z,2026-05-28T12:44:53.716Z,2026-05-28T12:44:53.716Z
5533,9,91.1,137,50,0.2188,0.0988,77.8,2026-05-28T12:45:53.856Z,2026-05-28T12:45:53.869Z,2026-05-28T12:45:53.869Z
5534,8.3,91.2,342,50,0.2969,0.091,77.8,2026-05-28T12:46:53.983Z,2026-05-28T12:46:53.998Z,2026-05-28T12:46:53.998Z
5535,8.4,91.2,0,50,0.3125,0.0921,77.8,2026-05-28T12:47:54.100Z,2026-05-28T12:47:54.111Z,2026-05-28T12:47:54.111Z
5536,9.6,90.9,17060,275,0.1562,0.1056,77.8,2026-05-28T12:48:54.242Z,2026-05-28T12:48:54.255Z,2026-05-28T12:48:54.255Z
5537,10.1,91.3,21639,50,0.5,0.1106,77.8,2026-05-28T12:49:54.403Z,2026-05-28T12:49:54.422Z,2026-05-28T12:49:54.422Z
5538,8.9,91,416,275,0.1094,0.0978,77.8,2026-05-28T12:50:54.510Z,2026-05-28T12:50:54.521Z,2026-05-28T12:50:54.521Z
5539,10.4,91.6,0,50,0.2812,0.1135,77.8,2026-05-28T12:51:54.636Z,2026-05-28T12:51:54.649Z,2026-05-28T12:51:54.649Z
5540,8.8,91.2,289,50,0.2656,0.0965,77.8,2026-05-28T12:52:54.731Z,2026-05-28T12:52:54.743Z,2026-05-28T12:52:54.743Z
5541,10.1,92.2,488125,50,1.125,0.1095,77.8,2026-05-28T12:53:54.851Z,2026-05-28T12:53:54.878Z,2026-05-28T12:53:54.878Z
5542,11.6,90.7,364,387.5,0.9688,0.1279,77.8,2026-05-28T12:54:54.955Z,2026-05-28T12:54:54.967Z,2026-05-28T12:54:54.967Z
5543,13.1,91.4,2340,50,0.2344,0.1433,77.8,2026-05-28T12:55:55.071Z,2026-05-28T12:55:55.081Z,2026-05-28T12:55:55.081Z
5544,7.6,91.3,20614,162.5,0.1406,0.0832,77.8,2026-05-28T12:56:55.261Z,2026-05-28T12:56:55.272Z,2026-05-28T12:56:55.272Z
5545,8.6,90.9,567,162.5,0.2344,0.0946,77.8,2026-05-28T12:57:55.389Z,2026-05-28T12:57:55.398Z,2026-05-28T12:57:55.398Z
5546,9.6,91.4,1000,162.5,0.5156,0.105,77.8,2026-05-28T12:58:55.513Z,2026-05-28T12:58:55.525Z,2026-05-28T12:58:55.525Z
5547,8.2,91.4,136,50,0.1719,0.0897,77.8,2026-05-28T12:59:55.613Z,2026-05-28T12:59:55.623Z,2026-05-28T12:59:55.623Z
5548,9.2,91.6,712,500,0.25,0.1004,77.8,2026-05-28T13:00:55.695Z,2026-05-28T13:00:55.706Z,2026-05-28T13:00:55.706Z
5549,9.4,91.5,453,50,0.375,0.1027,77.8,2026-05-28T13:01:55.880Z,2026-05-28T13:01:55.901Z,2026-05-28T13:01:55.901Z
5550,9.6,91.1,16765,50,0.4219,0.1054,77.8,2026-05-28T13:02:56.013Z,2026-05-28T13:02:56.023Z,2026-05-28T13:02:56.023Z
5551,9.9,91.4,1788,275,0.3125,0.1083,77.8,2026-05-28T13:03:56.162Z,2026-05-28T13:03:56.174Z,2026-05-28T13:03:56.174Z
5552,10.3,91.5,0,199.85,0.3281,0.1126,77.8,2026-05-28T13:04:56.316Z,2026-05-28T13:04:56.328Z,2026-05-28T13:04:56.328Z
5553,8.2,91.4,0,275,0.3281,0.0897,77.8,2026-05-28T13:05:56.466Z,2026-05-28T13:05:56.477Z,2026-05-28T13:05:56.477Z
5554,9.9,91.6,0,162.5,0.0781,0.1081,77.8,2026-05-28T13:06:56.603Z,2026-05-28T13:06:56.614Z,2026-05-28T13:06:56.614Z
5555,11.1,91.7,158,50,0.3281,0.121,77.8,2026-05-28T13:07:56.717Z,2026-05-28T13:07:56.728Z,2026-05-28T13:07:56.728Z
5556,9.4,91.8,544,50,0.2812,0.1024,77.8,2026-05-28T13:08:56.856Z,2026-05-28T13:08:56.867Z,2026-05-28T13:08:56.867Z
5557,10.2,91.2,239,275,0.1406,0.1118,77.8,2026-05-28T13:09:56.954Z,2026-05-28T13:09:56.964Z,2026-05-28T13:09:56.964Z
5558,9.8,91.5,102,275,0.3906,0.1071,77.8,2026-05-28T13:10:57.078Z,2026-05-28T13:10:57.088Z,2026-05-28T13:10:57.088Z
5559,9.7,91,168,50,0.25,0.1066,77.8,2026-05-28T13:11:57.205Z,2026-05-28T13:11:57.217Z,2026-05-28T13:11:57.217Z
5560,8.9,91.2,741,50,0.0781,0.0976,77.8,2026-05-28T13:12:57.331Z,2026-05-28T13:12:57.341Z,2026-05-28T13:12:57.341Z
5561,10.4,91.4,1388,50,0.375,0.1138,77.8,2026-05-28T13:13:57.482Z,2026-05-28T13:13:57.495Z,2026-05-28T13:13:57.495Z
5562,8.8,91.6,479,50,0.3125,0.0961,77.8,2026-05-28T13:14:57.587Z,2026-05-28T13:14:57.597Z,2026-05-28T13:14:57.597Z
5563,8.9,91.3,5313,50,0.3281,0.0975,77.8,2026-05-28T13:15:57.716Z,2026-05-28T13:15:57.730Z,2026-05-28T13:15:57.730Z
5564,11,91.1,0,162.5,0.125,0.1207,77.8,2026-05-28T13:16:57.919Z,2026-05-28T13:16:57.935Z,2026-05-28T13:16:57.935Z
5565,8.2,91.4,295,50,0.3125,0.0897,77.8,2026-05-28T13:17:58.056Z,2026-05-28T13:17:58.069Z,2026-05-28T13:17:58.069Z
5566,8.8,91.5,1258,50,0.25,0.0962,77.8,2026-05-28T13:18:58.210Z,2026-05-28T13:18:58.222Z,2026-05-28T13:18:58.222Z
5567,9.7,91.5,14047,50,0.4062,0.106,77.8,2026-05-28T13:19:58.379Z,2026-05-28T13:19:58.392Z,2026-05-28T13:19:58.392Z
5568,8.6,91.8,360,500,0.3281,0.0937,77.8,2026-05-28T13:20:58.509Z,2026-05-28T13:20:58.520Z,2026-05-28T13:20:58.520Z
5569,8.5,91.4,3142,162.5,0.3594,0.093,77.8,2026-05-28T13:21:58.648Z,2026-05-28T13:21:58.657Z,2026-05-28T13:21:58.657Z
5570,10.1,91.7,23333,162.5,0.2031,0.1101,77.8,2026-05-28T13:22:58.780Z,2026-05-28T13:22:58.793Z,2026-05-28T13:22:58.793Z
5571,10.1,91.2,222,50,2.5625,0.1107,77.8,2026-05-28T13:23:58.882Z,2026-05-28T13:23:58.894Z,2026-05-28T13:23:58.894Z
5572,9.9,91,5551,50,0.1094,0.1088,77.8,2026-05-28T13:24:59.023Z,2026-05-28T13:24:59.033Z,2026-05-28T13:24:59.033Z
5573,8.9,91.1,565,50,0.1562,0.0977,77.8,2026-05-28T13:25:59.109Z,2026-05-28T13:25:59.119Z,2026-05-28T13:25:59.119Z
5574,9.7,91.1,6039,50,0.375,0.1065,77.8,2026-05-28T13:26:59.230Z,2026-05-28T13:26:59.240Z,2026-05-28T13:26:59.240Z
5575,9.4,91.5,60,50,0.3281,0.1027,77.8,2026-05-28T13:27:59.392Z,2026-05-28T13:27:59.403Z,2026-05-28T13:27:59.403Z
5576,9.1,91.1,555,50,0.2344,0.0999,77.8,2026-05-28T13:28:59.593Z,2026-05-28T13:28:59.605Z,2026-05-28T13:28:59.605Z
5577,11.2,91.3,688,50,0.6719,0.1227,77.8,2026-05-28T13:29:59.708Z,2026-05-28T13:29:59.718Z,2026-05-28T13:29:59.718Z
5578,8.3,91,348,275,0.2188,0.0912,77.8,2026-05-28T13:30:59.838Z,2026-05-28T13:30:59.848Z,2026-05-28T13:30:59.848Z
5579,10.4,91.5,1536,50,0.2344,0.1137,77.8,2026-05-28T13:31:59.988Z,2026-05-28T13:32:00.004Z,2026-05-28T13:32:00.004Z
5580,10.3,91.9,601,50,0.7031,0.1121,77.8,2026-05-28T13:33:00.103Z,2026-05-28T13:33:00.117Z,2026-05-28T13:33:00.117Z
5581,8.7,91.9,0,50,0.1406,0.0947,77.8,2026-05-28T13:34:00.210Z,2026-05-28T13:34:00.219Z,2026-05-28T13:34:00.219Z
5582,7.5,91.7,0,162.5,0.3281,0.0818,77.8,2026-05-28T13:35:00.364Z,2026-05-28T13:35:00.374Z,2026-05-28T13:35:00.374Z
5583,10.1,91.5,94,50,0.1875,0.1104,77.8,2026-05-28T13:36:00.489Z,2026-05-28T13:36:00.499Z,2026-05-28T13:36:00.499Z
5584,9.9,91.9,481,275,0.4844,0.1077,77.8,2026-05-28T13:37:00.604Z,2026-05-28T13:37:00.615Z,2026-05-28T13:37:00.615Z
5585,7.8,91.7,86,50,0.2031,0.0851,77.8,2026-05-28T13:38:00.737Z,2026-05-28T13:38:00.749Z,2026-05-28T13:38:00.749Z
5586,9.2,92.1,0,500,0.2656,0.0999,77.8,2026-05-28T13:39:00.891Z,2026-05-28T13:39:00.901Z,2026-05-28T13:39:00.901Z
5587,12,91.5,1548,500,1.7812,0.1311,77.8,2026-05-28T13:40:01.109Z,2026-05-28T13:40:01.118Z,2026-05-28T13:40:01.118Z
5588,8.5,91.8,139,50,0.2656,0.0926,77.8,2026-05-28T13:41:01.234Z,2026-05-28T13:41:01.244Z,2026-05-28T13:41:01.244Z
5589,9,91.3,2963,275,0.2344,0.0986,77.8,2026-05-28T13:42:01.365Z,2026-05-28T13:42:01.375Z,2026-05-28T13:42:01.375Z
5590,26.6,92,221480,50,2.8281,0.2891,77.8,2026-05-28T13:43:01.468Z,2026-05-28T13:43:01.481Z,2026-05-28T13:43:01.481Z
5591,14.5,92.2,12875,50,0.25,0.1573,77.8,2026-05-28T13:44:01.592Z,2026-05-28T13:44:01.604Z,2026-05-28T13:44:01.604Z
5592,16.2,93,248,50,4.3125,0.1742,77.8,2026-05-28T13:45:01.962Z,2026-05-28T13:45:02.004Z,2026-05-28T13:45:02.004Z
5593,36.2,92.8,23353,500,2.0625,0.3901,77.8,2026-05-28T13:46:02.351Z,2026-05-28T13:46:02.401Z,2026-05-28T13:46:02.401Z
5594,29.2,92.3,340,275,0.5,0.3164,77.8,2026-05-28T13:47:02.501Z,2026-05-28T13:47:02.514Z,2026-05-28T13:47:02.514Z